signal_id,signal_date,signal_type,symbol,company,signal_close,signal_open,signal_high,signal_low,signal_volume,signal_vol_ratio,signal_ema9,signal_ema21,signal_ema50,signal_ema200,signal_rsi,signal_macd_above,signal_supertrend,signal_delivery_pct,signal_dow_phase,signal_conviction_score,signal_conviction_band,signal_pa_score,signal_trend_score,signal_volume_score,signal_delivery_score,signal_rsi_score,signal_macd_score,signal_st_score,last_updated,days_since_signal,current_close,pct_return,abs_return,max_high_since,max_pct_gain,min_low_since,max_pct_drawdown,ema_still_aligned,cross_back_date,current_conviction,current_rsi,current_delivery_pct,ribbon_active,status,atr_on_signal,suggested_stop,suggested_target_1,suggested_target_2,stop_hit,target1_hit,target2_hit,days_aligned,exit_reason
ADANIPORTS_EMA21x50_20260419,2026-04-19 00:00:00,EMA21x50,ADANIPORTS,Adani Ports and Special Economic Zone Ltd.,1573.4,1559.0,1578.5,1549.2,6024587,1.53,1485.5,1446.09,1444.68,1423.21,67.32,True,True,63.25,Bull: Distribution,84.5,High,18.0,18.0,11.0,14.0,10.0,8.5,5.0,2026-05-04,10,1742.6,10.75,169.2,1742.6,10.75,1549.2,-1.54,True,,84.5,67.32,63.25,False,Completed,51.65,1556.43,1591.43,1730.74,False,True,True,12,
ZYDUSLIFE_EMA21x50_20260419,2026-04-19 00:00:00,EMA21x50,ZYDUSLIFE,Zydus Lifesciences Ltd.,943.95,940.0,948.0,935.0,504613,0.72,917.93,905.21,903.72,926.96,64.41,True,True,52.35,Consolidation,71.5,Moderate,16.0,16.0,5.0,11.0,10.0,8.5,5.0,2026-05-29,29,1077.7,14.17,133.75,1077.7,14.17,891.9,-5.51,True,,71.5,64.41,52.35,False,Completed,23.86,852.44,1032.91,1051.19,False,True,True,27,
JSWSTEEL_EMA21x50_20260419,2026-04-19 00:00:00,EMA21x50,JSWSTEEL,JSW Steel Ltd.,1240.3,1213.0,1242.3,1198.6,1875945,0.84,1202.87,1187.68,1187.67,1137.46,60.67,True,True,46.06,Consolidation,68.5,Moderate,18.0,16.0,5.0,6.0,10.0,8.5,5.0,2026-05-14,18,1296.9,4.56,56.6,1296.9,4.56,1198.6,-3.36,True,,68.5,60.67,46.06,False,Completed,33.21,1229.11,1256.69,1289.91,False,True,True,20,
SHRIRAMFIN_EMA21x50_20260419,2026-04-19 00:00:00,EMA21x50,SHRIRAMFIN,Shriram Finance Ltd.,1036.95,1022.0,1039.5,1013.15,4345572,0.48,1001.06,986.01,985.01,857.87,57.19,True,True,50.68,Consolidation,64.0,Moderate,15.5,16.0,3.0,6.0,10.0,8.5,5.0,2026-04-23,3,1009.3,-2.67,-27.65,1045.3,0.81,1009.3,-2.67,True,,64.0,57.19,50.68,False,Stop Hit,43.5,1015.71,1084.19,1140.64,True,False,False,5,
AXISBANK_EMA21x50_20260419,2026-04-19 00:00:00,EMA21x50,AXISBANK,Axis Bank Ltd.,1359.1,1353.0,1364.3,1344.1,4062181,0.46,1322.4,1291.88,1288.16,1238.42,62.61,True,True,59.96,Consolidation,63.0,Moderate,12.5,16.0,6.0,9.0,8.0,6.5,5.0,2026-04-27,5,1324.2,-2.57,-34.9,1379.6,1.51,1324.2,-2.57,True,,63.0,62.61,59.96,False,Stop Hit,41.75,1332.7,1412.6,1424.0,True,False,False,7,
BAJAJ-AUTO_EMA21x50_20260419,2026-04-19 00:00:00,EMA21x50,BAJAJ-AUTO,Bajaj Auto Ltd.,9773.5,9810.0,9830.0,9722.0,264575,0.63,9589.99,9412.77,9393.49,9110.95,60.13,True,True,52.74,Consolidation,62.0,Moderate,12.5,16.0,7.0,8.0,7.0,6.5,5.0,2026-04-22 00:00:00,2,9602.0,-1.75,-171.5,9830.0,0.58,9602.0,-1.75,True,,62.0,60.13,52.74,False,Stop Hit,252.82,9697.85,9850.15,10097.35,True,False,False,4,
BOSCHLTD_EMA21x50_20260419,2026-04-19 00:00:00,EMA21x50,BOSCHLTD,Bosch Ltd.,37505.0,37445.0,37935.0,37200.0,28289,0.38,35964.5,34330.85,34201.32,35089.44,67.9,True,True,25.64,Consolidation,61.5,Moderate,14.0,16.0,6.0,5.0,9.0,6.5,5.0,2026-07-02,53,41515.0,10.69,4010.0,41515.0,10.69,35210.0,-6.12,True,,61.5,67.9,25.64,False,Completed,1331.43,34435.71,40454.29,41255.5,False,True,True,51,
JIOFIN_EMA9x21_20260419,2026-04-19 00:00:00,EMA9x21,JIOFIN,Jio Financial Services Ltd.,243.86,242.02,245.5,240.64,51452520,2.42,240.26,239.81,248.35,276.2,52.23,True,True,62.37,Consolidation,65.0,Moderate,11.0,12.0,11.0,13.0,8.5,7.5,2.0,2026-09-04,99,239.5,-1.79,-4.36,265.0,8.67,228.02,-6.5,True,,65.0,52.23,62.37,False,Active,7.79,225.15,254.35,273.2,False,True,False,97,
LODHA_EMA9x21_20260419,2026-04-19 00:00:00,EMA9x21,LODHA,Lodha Developers Ltd.,872.55,877.3,878.7,857.2,2292458,0.44,820.9,814.83,881.06,1063.73,58.96,True,True,38.39,Consolidation,61.0,Moderate,14.5,12.0,6.0,6.0,10.0,7.5,5.0,2026-04-24,4,840.7,-3.65,-31.85,884.8,1.4,840.7,-3.65,True,,61.0,58.96,38.39,False,Stop Hit,36.77,844.94,1034.69,1061.71,True,False,False,6,
ITC_EMA9x21_20260419,2026-04-19 00:00:00,EMA9x21,ITC,ITC Ltd.,306.8,303.85,309.95,303.85,35111203,1.64,301.73,301.68,311.39,356.59,54.57,True,True,47.47,Consolidation,60.5,Moderate,17.5,12.0,9.0,4.0,8.5,7.5,2.0,2026-05-29,29,286.9,-6.49,-19.9,316.25,3.08,286.9,-6.49,True,,60.5,54.57,47.47,False,Stop Hit,5.52,296.68,387.24,424.82,True,False,False,27,
HINDUNILVR_EMA9x21_20260419,2026-04-19 00:00:00,EMA9x21,HINDUNILVR,Hindustan Unilever Ltd.,2240.8,2142.0,2245.0,2133.0,4882697,2.02,2151.97,2148.72,2207.14,2334.17,60.24,True,True,58.1,Bear: Distribution ⚠ Vol Surge,58.0,Moderate,20.5,10.0,12.0,8.0,10.0,7.5,5.0,2026-05-21,23,2179.0,-2.76,-61.8,2368.8,5.71,2133.0,-4.81,True,,58.0,60.24,58.1,False,Stop Hit,58.14,2201.17,2597.91,2464.88,True,False,False,25,
MARUTI_EMA9x21_20260419,2026-04-19 00:00:00,EMA9x21,MARUTI,Maruti Suzuki India Ltd.,13453.0,13300.0,13647.0,13256.0,549308,0.87,13246.39,13227.38,13813.28,14352.83,52.1,True,True,46.75,Consolidation,48.0,Low,11.0,11.0,5.0,4.0,8.5,5.5,3.0,2026-04-28,6,12892.0,-4.17,-561.0,13647.0,1.44,12892.0,-4.17,True,,48.0,52.1,46.75,False,Stop Hit,421.57,13027.62,15198.38,15769.62,True,False,False,8,
ONGC_PBtoEMA21_20260419,2026-04-19 00:00:00,PBtoEMA21,ONGC,Oil & Natural Gas Corporation Ltd.,284.05,283.4,285.5,282.2,17846605,0.7,284.52,280.59,271.73,249.98,57.07,False,True,66.57,Consolidation,56.7,Moderate,9.7,15.0,6.0,12.0,7.0,2.0,5.0,2026-04-28,6,301.3,6.07,17.25,301.3,6.07,282.2,-0.65,True,,56.7,57.07,66.57,False,Completed,7.74,281.93,290.72,294.13,False,True,True,8,
ADANIPORTS_RibbonNew_20260419,2026-04-19 00:00:00,RibbonNew,ADANIPORTS,Adani Ports and Special Economic Zone Ltd.,1573.4,1559.0,1578.5,1549.2,6024587,1.53,1485.5,1446.09,1444.68,1423.21,67.32,True,True,63.25,Bull: Distribution,84.5,High,18.0,18.0,11.0,14.0,10.0,8.5,5.0,2026-05-04,10,1742.6,10.75,169.2,1742.6,10.75,1549.2,-1.54,True,,84.5,67.32,63.25,False,Completed,51.65,1556.43,1591.43,1730.74,False,True,True,12,
DMART_RibbonNew_20260419,2026-04-19 00:00:00,RibbonNew,DMART,Avenue Supermarts Ltd.,4628.5,4446.0,4644.0,4435.1,1366449,1.13,4421.3,4241.69,4064.54,4048.04,71.86,True,True,52.07,Consolidation,75.5,High,20.0,16.0,8.0,10.0,8.0,8.5,5.0,2026-05-04,10,4376.5,-5.44,-252.0,4644.0,0.33,4376.5,-5.44,True,,75.5,71.86,52.07,False,Stop Hit,164.49,4387.45,4796.45,4839.55,True,False,False,12,
JSWSTEEL_RibbonNew_20260419,2026-04-19 00:00:00,RibbonNew,JSWSTEEL,JSW Steel Ltd.,1240.3,1213.0,1242.3,1198.6,1875945,0.84,1202.87,1187.68,1187.67,1137.46,60.67,True,True,46.06,Consolidation,68.5,Moderate,18.0,16.0,5.0,6.0,10.0,8.5,5.0,2026-05-14,18,1296.9,4.56,56.6,1296.9,4.56,1198.6,-3.36,True,,68.5,60.67,46.06,False,Completed,33.21,1229.11,1256.69,1289.91,False,True,True,20,
SHRIRAMFIN_RibbonNew_20260419,2026-04-19 00:00:00,RibbonNew,SHRIRAMFIN,Shriram Finance Ltd.,1036.95,1022.0,1039.5,1013.15,4345572,0.48,1001.06,986.01,985.01,857.87,57.19,True,True,50.68,Consolidation,64.0,Moderate,15.5,16.0,3.0,6.0,10.0,8.5,5.0,2026-04-23,3,1009.3,-2.67,-27.65,1045.3,0.81,1009.3,-2.67,True,,64.0,57.19,50.68,False,Stop Hit,43.5,1015.71,1084.19,1140.64,True,False,False,5,
ADANIPORTS_EMA21x50_20260420,2026-04-20,EMA21x50,ADANIPORTS,Adani Ports and Special Economic Zone Ltd.,1573.4,1559.0,1578.5,1549.2,6024587,1.53,1485.5,1446.09,1444.68,1423.21,67.32,True,True,63.25,Bull: Distribution,84.5,High,18.0,18.0,11.0,14.0,10.0,8.5,5.0,2026-05-04,10,1742.6,10.75,169.2,1742.6,10.75,1549.2,-1.54,True,,84.5,67.32,63.25,False,Completed,51.65,1556.43,1591.43,1730.74,False,True,True,12,
ZYDUSLIFE_EMA21x50_20260420,2026-04-20,EMA21x50,ZYDUSLIFE,Zydus Lifesciences Ltd.,943.95,940.0,948.0,935.0,504613,0.72,917.93,905.21,903.72,926.96,64.41,True,True,52.35,Consolidation,71.5,Moderate,16.0,16.0,5.0,11.0,10.0,8.5,5.0,2026-05-29,29,1077.7,14.17,133.75,1077.7,14.17,891.9,-5.51,True,,71.5,64.41,52.35,False,Completed,23.86,852.44,1032.91,1051.19,False,True,True,27,
JSWSTEEL_EMA21x50_20260420,2026-04-20,EMA21x50,JSWSTEEL,JSW Steel Ltd.,1240.3,1213.0,1242.3,1198.6,1875945,0.84,1202.87,1187.68,1187.67,1137.46,60.67,True,True,46.06,Consolidation,68.5,Moderate,18.0,16.0,5.0,6.0,10.0,8.5,5.0,2026-05-14,18,1296.9,4.56,56.6,1296.9,4.56,1198.6,-3.36,True,,68.5,60.67,46.06,False,Completed,33.21,1229.11,1256.69,1289.91,False,True,True,20,
SHRIRAMFIN_EMA21x50_20260420,2026-04-20,EMA21x50,SHRIRAMFIN,Shriram Finance Ltd.,1036.95,1022.0,1039.5,1013.15,4345572,0.48,1001.06,986.01,985.01,857.87,57.19,True,True,50.68,Consolidation,64.0,Moderate,15.5,16.0,3.0,6.0,10.0,8.5,5.0,2026-04-23,3,1009.3,-2.67,-27.65,1045.3,0.81,1009.3,-2.67,True,,64.0,57.19,50.68,False,Stop Hit,43.5,1015.71,1084.19,1140.64,True,False,False,5,
AXISBANK_EMA21x50_20260420,2026-04-20,EMA21x50,AXISBANK,Axis Bank Ltd.,1359.1,1353.0,1364.3,1344.1,4062181,0.46,1322.4,1291.88,1288.16,1238.42,62.61,True,True,59.96,Consolidation,63.0,Moderate,12.5,16.0,6.0,9.0,8.0,6.5,5.0,2026-04-27,5,1324.2,-2.57,-34.9,1379.6,1.51,1324.2,-2.57,True,,63.0,62.61,59.96,False,Stop Hit,41.75,1332.7,1412.6,1424.0,True,False,False,7,
BAJAJ-AUTO_EMA21x50_20260420,2026-04-20,EMA21x50,BAJAJ-AUTO,Bajaj Auto Ltd.,9773.5,9810.0,9830.0,9722.0,264575,0.63,9589.99,9412.77,9393.49,9110.95,60.13,True,True,52.74,Consolidation,62.0,Moderate,12.5,16.0,7.0,8.0,7.0,6.5,5.0,2026-04-22 00:00:00,2,9602.0,-1.75,-171.5,9830.0,0.58,9602.0,-1.75,True,,62.0,60.13,52.74,False,Stop Hit,252.82,9697.85,9850.15,10097.35,True,False,False,4,
BOSCHLTD_EMA21x50_20260420,2026-04-20,EMA21x50,BOSCHLTD,Bosch Ltd.,37505.0,37445.0,37935.0,37200.0,28289,0.38,35964.5,34330.85,34201.32,35089.44,67.9,True,True,25.64,Consolidation,61.5,Moderate,14.0,16.0,6.0,5.0,9.0,6.5,5.0,2026-07-02,53,41515.0,10.69,4010.0,41515.0,10.69,35210.0,-6.12,True,,61.5,67.9,25.64,False,Completed,1331.43,34435.71,40454.29,41255.5,False,True,True,51,
JIOFIN_EMA9x21_20260420,2026-04-20,EMA9x21,JIOFIN,Jio Financial Services Ltd.,243.86,242.02,245.5,240.64,51452520,2.42,240.26,239.81,248.35,276.2,52.23,True,True,62.37,Consolidation,65.0,Moderate,11.0,12.0,11.0,13.0,8.5,7.5,2.0,2026-09-04,99,239.5,-1.79,-4.36,265.0,8.67,228.02,-6.5,True,,65.0,52.23,62.37,False,Active,7.79,225.15,254.35,273.2,False,True,False,97,
LODHA_EMA9x21_20260420,2026-04-20,EMA9x21,LODHA,Lodha Developers Ltd.,872.55,877.3,878.7,857.2,2292458,0.44,820.9,814.83,881.06,1063.73,58.96,True,True,38.39,Consolidation,61.0,Moderate,14.5,12.0,6.0,6.0,10.0,7.5,5.0,2026-04-24,4,840.7,-3.65,-31.85,884.8,1.4,840.7,-3.65,True,,61.0,58.96,38.39,False,Stop Hit,36.77,844.94,1034.69,1061.71,True,False,False,6,
ITC_EMA9x21_20260420,2026-04-20,EMA9x21,ITC,ITC Ltd.,306.8,303.85,309.95,303.85,35111203,1.64,301.73,301.68,311.39,356.59,54.57,True,True,47.47,Consolidation,60.5,Moderate,17.5,12.0,9.0,4.0,8.5,7.5,2.0,2026-05-29,29,286.9,-6.49,-19.9,316.25,3.08,286.9,-6.49,True,,60.5,54.57,47.47,False,Stop Hit,5.52,296.68,387.24,424.82,True,False,False,27,
HINDUNILVR_EMA9x21_20260420,2026-04-20,EMA9x21,HINDUNILVR,Hindustan Unilever Ltd.,2240.8,2142.0,2245.0,2133.0,4882697,2.02,2151.97,2148.72,2207.14,2334.17,60.24,True,True,58.1,Bear: Distribution ⚠ Vol Surge,58.0,Moderate,20.5,10.0,12.0,8.0,10.0,7.5,5.0,2026-05-21,23,2179.0,-2.76,-61.8,2368.8,5.71,2133.0,-4.81,True,,58.0,60.24,58.1,False,Stop Hit,58.14,2201.17,2597.91,2464.88,True,False,False,25,
MARUTI_EMA9x21_20260420,2026-04-20,EMA9x21,MARUTI,Maruti Suzuki India Ltd.,13453.0,13300.0,13647.0,13256.0,549308,0.87,13246.39,13227.38,13813.28,14352.83,52.1,True,True,46.75,Consolidation,48.0,Low,11.0,11.0,5.0,4.0,8.5,5.5,3.0,2026-04-28,6,12892.0,-4.17,-561.0,13647.0,1.44,12892.0,-4.17,True,,48.0,52.1,46.75,False,Stop Hit,421.57,13027.62,15198.38,15769.62,True,False,False,8,
ONGC_PBtoEMA21_20260420,2026-04-20,PBtoEMA21,ONGC,Oil & Natural Gas Corporation Ltd.,284.05,283.4,285.5,282.2,17846605,0.7,284.52,280.59,271.73,249.98,57.07,False,True,66.57,Consolidation,56.7,Moderate,9.7,15.0,6.0,12.0,7.0,2.0,5.0,2026-04-28,6,301.3,6.07,17.25,301.3,6.07,282.2,-0.65,True,,56.7,57.07,66.57,False,Completed,7.74,281.93,290.72,294.13,False,True,True,8,
ADANIPORTS_RibbonNew_20260420,2026-04-20,RibbonNew,ADANIPORTS,Adani Ports and Special Economic Zone Ltd.,1573.4,1559.0,1578.5,1549.2,6024587,1.53,1485.5,1446.09,1444.68,1423.21,67.32,True,True,63.25,Bull: Distribution,84.5,High,18.0,18.0,11.0,14.0,10.0,8.5,5.0,2026-05-04,10,1742.6,10.75,169.2,1742.6,10.75,1549.2,-1.54,True,,84.5,67.32,63.25,False,Completed,51.65,1556.43,1591.43,1730.74,False,True,True,12,
DMART_RibbonNew_20260420,2026-04-20,RibbonNew,DMART,Avenue Supermarts Ltd.,4628.5,4446.0,4644.0,4435.1,1366449,1.13,4421.3,4241.69,4064.54,4048.04,71.86,True,True,52.07,Consolidation,75.5,High,20.0,16.0,8.0,10.0,8.0,8.5,5.0,2026-05-04,10,4376.5,-5.44,-252.0,4644.0,0.33,4376.5,-5.44,True,,75.5,71.86,52.07,False,Stop Hit,164.49,4387.45,4796.45,4839.55,True,False,False,12,
JSWSTEEL_RibbonNew_20260420,2026-04-20,RibbonNew,JSWSTEEL,JSW Steel Ltd.,1240.3,1213.0,1242.3,1198.6,1875945,0.84,1202.87,1187.68,1187.67,1137.46,60.67,True,True,46.06,Consolidation,68.5,Moderate,18.0,16.0,5.0,6.0,10.0,8.5,5.0,2026-05-14,18,1296.9,4.56,56.6,1296.9,4.56,1198.6,-3.36,True,,68.5,60.67,46.06,False,Completed,33.21,1229.11,1256.69,1289.91,False,True,True,20,
SHRIRAMFIN_RibbonNew_20260420,2026-04-20,RibbonNew,SHRIRAMFIN,Shriram Finance Ltd.,1036.95,1022.0,1039.5,1013.15,4345572,0.48,1001.06,986.01,985.01,857.87,57.19,True,True,50.68,Consolidation,64.0,Moderate,15.5,16.0,3.0,6.0,10.0,8.5,5.0,2026-04-23,3,1009.3,-2.67,-27.65,1045.3,0.81,1009.3,-2.67,True,,64.0,57.19,50.68,False,Stop Hit,43.5,1015.71,1084.19,1140.64,True,False,False,5,
RECLTD_EMA21x50_20260420,2026-04-20,EMA21x50,RECLTD,REC Ltd.,382.7,373.35,384.55,366.45,12043689,1.23,357.39,345.63,343.7,359.75,70.54,True,True,46.59,Consolidation,70.5,Moderate,16.0,16.0,11.0,6.0,8.0,8.5,5.0,2026-04-29,7,363.55,-5.0,-19.15,384.55,0.48,363.55,-5.0,True,,70.5,70.54,46.59,False,Stop Hit,12.92,367.45,386.55,420.97,True,False,False,8,
TVSMOTOR_EMA21x50_20260420,2026-04-20,EMA21x50,TVSMOTOR,TVS Motor Company Ltd.,3761.9,3735.8,3782.0,3701.1,724613,0.78,3706.3,3642.22,3637.0,3424.64,57.18,True,True,60.87,Bull: Accumulation ✓ Vol Surge,64.0,Moderate,11.5,18.0,4.0,12.0,7.0,6.5,5.0,2026-07-23,68,3919.8,4.2,157.9,3919.8,4.2,3283.4,-12.72,True,,64.0,57.18,60.87,False,Archived,113.72,3254.16,3878.68,3912.09,False,True,True,65,
SBIN_EMA9x21_20260420,2026-04-20,EMA9x21,SBIN,State Bank of India,1107.85,1080.3,1120.95,1075.85,31179584,1.49,1069.84,1066.67,1073.17,978.76,58.5,True,True,58.64,Consolidation,71.0,Moderate,19.5,12.0,9.0,8.0,10.0,7.5,5.0,2026-04-30,8,1068.45,-3.56,-39.4,1120.95,1.18,1068.45,-3.56,True,,71.0,58.5,58.64,False,Stop Hit,35.46,1069.23,1220.57,1230.43,True,False,False,9,
PIDILITIND_EMA9x21_20260420,2026-04-20,EMA9x21,PIDILITIND,Pidilite Industries Ltd.,1390.5,1395.0,1399.6,1378.7,894803,0.77,1352.2,1351.89,1385.8,1447.96,55.27,True,True,65.4,Consolidation,66.5,Moderate,14.0,12.0,8.0,13.0,10.0,7.5,2.0,2026-06-12,39,1535.5,10.43,145.0,1535.5,10.43,1364.2,-1.89,True,,66.5,55.27,65.4,False,Completed,42.94,1360.33,1578.27,1529.55,False,False,True,36,
MAXHEALTH_EMA9x21_20260420,2026-04-20,EMA9x21,MAXHEALTH,Max Healthcare Institute Ltd.,1011.35,1005.15,1022.0,1002.05,2301160,0.73,981.85,980.68,1002.87,1066.98,59.01,True,True,58.12,Consolidation,64.5,Moderate,16.0,11.0,5.0,10.0,10.0,7.5,5.0,2026-06-01,30,938.45,-7.21,-72.9,1091.1,7.89,938.45,-7.21,True,,64.5,59.01,58.12,False,Stop Hit,27.55,941.41,1053.77,1305.81,True,True,False,27,
BANKBARODA_EMA9x21_20260420,2026-04-20,EMA9x21,BANKBARODA,Bank of Baroda,281.01,280.5,286.25,277.63,12006723,0.9,275.83,275.47,282.0,273.55,53.38,True,True,41.52,Consolidation,51.0,Low,12.0,12.0,4.0,5.0,7.5,5.5,5.0,2026-09-04,99,239.0,-14.95,-42.01,286.25,1.86,237.7,-15.41,True,,51.0,53.38,41.52,False,Active,9.48,228.35,293.66,313.14,False,False,False,96,
KOTAKBANK_EMA9x21_20260420,2026-04-20,EMA9x21,KOTAKBANK,Kotak Mahindra Bank Ltd.,379.2,384.1,386.0,378.0,11146713,0.51,376.24,376.12,388.31,405.47,50.49,True,True,60.89,Bear: Distribution ⚠ Vol Surge,49.5,Low,14.5,9.0,5.0,8.0,5.5,5.5,2.0,2026-04-23,3,370.4,-2.32,-8.8,386.0,1.79,370.4,-2.32,True,,49.5,50.49,60.89,False,Stop Hit,10.52,376.49,384.71,461.36,True,False,False,4,
PNB_EMA9x21_20260420,2026-04-20,EMA9x21,PNB,Punjab National Bank,113.74,114.9,115.1,113.34,16688164,0.79,111.8,111.57,114.95,114.79,52.57,True,True,41.52,Bear: Distribution ⚠ Vol Surge,48.0,Low,13.0,10.0,5.0,6.0,6.5,5.5,2.0,2026-05-08,14,107.24,-5.71,-6.5,115.1,1.2,107.24,-5.71,True,,48.0,52.57,41.52,False,Stop Hit,3.82,107.28,114.46,128.78,True,True,False,15,
TVSMOTOR_RibbonNew_20260420,2026-04-20,RibbonNew,TVSMOTOR,TVS Motor Company Ltd.,3761.9,3735.8,3782.0,3701.1,724613,0.78,3706.3,3642.22,3637.0,3424.64,57.18,True,True,60.87,Bull: Accumulation ✓ Vol Surge,64.0,Moderate,11.5,18.0,4.0,12.0,7.0,6.5,5.0,2026-07-23,68,3919.8,4.2,157.9,3919.8,4.2,3283.4,-12.72,True,,64.0,57.18,60.87,False,Archived,113.72,3254.16,3878.68,3912.09,False,True,True,65,
NESTLEIND_EMA21x50_20260421,2026-04-21,EMA21x50,NESTLEIND,Nestle India Ltd.,1379.9,1298.1,1396.0,1286.8,9585080,4.69,1277.44,1249.29,1248.92,1232.48,75.71,True,True,28.2,Consolidation,73.5,Moderate,19.0,16.0,14.0,3.0,8.0,8.5,5.0,2026-07-30,72,1520.7,10.2,140.8,1520.7,10.2,1286.8,-6.75,True,,73.5,75.71,28.2,False,Archived,35.31,1330.67,1448.9,1517.89,False,True,True,69,
MOTHERSON_EMA21x50_20260421,2026-04-21,EMA21x50,MOTHERSON,Samvardhana Motherson International Ltd.,124.7,122.8,126.1,122.6,33673717,1.25,121.08,118.42,118.3,112.25,58.86,True,True,58.71,Bull: Accumulation ✓ Vol Surge,73.0,Moderate,13.5,18.0,9.0,12.0,9.0,6.5,5.0,2026-05-21,22,137.0,9.86,12.3,137.0,9.86,120.21,-3.6,True,,73.0,58.86,58.71,False,Completed,4.91,116.4,128.79,134.46,False,True,True,23,
TRENT_EMA21x50_20260421,2026-04-21,EMA21x50,TRENT,Trent Ltd.,4390.5,4264.0,4444.5,4242.8,2437947,1.46,4062.67,3887.22,3865.36,4397.05,72.85,True,True,31.09,Consolidation,71.5,Moderate,18.0,16.0,11.0,5.0,8.0,8.5,5.0,2026-04-23,2,4251.4,-3.17,-139.1,4444.5,1.23,4242.8,-3.36,True,,71.5,72.85,31.09,False,Stop Hit,157.21,4360.01,4844.89,5122.19,True,False,False,3,
HDFCAMC_EMA21x50_20260421,2026-04-21,EMA21x50,HDFCAMC,HDFC Asset Management Company Ltd.,2794.0,2754.0,2816.8,2733.9,1593714,1.0,2660.33,2564.84,2555.68,2562.02,64.67,True,True,59.69,Consolidation,66.0,Moderate,15.5,16.0,6.0,7.0,10.0,6.5,5.0,2026-06-01,29,2604.7,-6.78,-189.3,2854.0,2.15,2604.7,-6.78,True,,66.0,64.67,59.69,False,Stop Hit,109.73,2624.62,2886.67,2982.08,True,False,False,26,
LT_EMA21x50_20260421,2026-04-21,EMA21x50,LT,Larsen & Toubro Ltd.,4075.4,4039.0,4091.8,4032.0,2426568,0.61,3994.85,3888.46,3886.13,3829.42,60.12,True,True,67.19,Consolidation,64.0,Moderate,13.5,16.0,5.0,11.0,7.0,6.5,5.0,2026-09-04,98,3964.1,-2.73,-111.3,4216.4,3.46,3775.6,-7.36,True,,64.0,60.12,67.19,False,Active,125.8,3181.67,4246.68,4482.94,False,False,False,95,
HAL_EMA21x50_20260421,2026-04-21,EMA21x50,HAL,Hindustan Aeronautics Ltd.,4358.4,4335.8,4403.7,4335.5,616745,0.41,4206.38,4054.85,4052.52,4273.54,68.51,True,True,49.62,Consolidation,61.0,Moderate,14.5,16.0,6.0,6.0,7.0,6.5,5.0,2026-06-01,29,4254.1,-2.39,-104.3,4788.1,9.86,4254.1,-2.39,True,,61.0,68.51,49.62,False,Stop Hit,125.69,4257.49,4421.65,5122.72,True,True,False,26,
UNITDSPR_EMA9x21_20260421,2026-04-21,EMA9x21,UNITDSPR,United Spirits Ltd.,1363.0,1315.0,1367.3,1310.2,2334176,1.45,1289.82,1287.44,1315.48,1360.88,61.04,True,True,55.0,Consolidation,72.0,Moderate,20.5,11.0,11.0,7.0,10.0,7.5,5.0,2026-05-11,14,1266.1,-7.11,-96.9,1392.8,2.19,1266.1,-7.11,True,,72.0,61.04,55.0,False,Stop Hit,35.86,1279.46,1491.75,1570.53,True,False,False,15,
BPCL_EMA9x21_20260421,2026-04-21,EMA9x21,BPCL,Bharat Petroleum Corporation Ltd.,318.05,316.05,320.1,315.1,9934022,0.64,306.49,305.07,320.35,326.06,56.68,True,True,63.31,Consolidation,68.0,Moderate,14.5,11.0,6.0,14.0,10.0,7.5,5.0,2026-09-04,98,315.7,-0.74,-2.35,329.95,3.74,280.8,-11.71,True,,68.0,56.68,63.31,False,Active,11.26,279.2,341.68,355.94,False,False,False,95,
BRITANNIA_EMA9x21_20260421,2026-04-21,EMA9x21,BRITANNIA,Britannia Industries Ltd.,5837.5,5715.0,5864.5,5685.0,270371,0.64,5668.21,5661.79,5754.24,5763.37,57.84,True,True,49.98,Bear: Distribution ⚠ Vol Surge,53.5,Low,15.0,10.0,4.0,5.0,10.0,7.5,2.0,2026-05-29,28,5204.5,-10.84,-633.0,5864.5,0.46,5204.5,-10.84,True,,53.5,57.84,49.98,False,Stop Hit,159.21,5312.88,6359.19,6421.25,True,False,False,25,
BHARTIARTL_EMA9x21_20260421,2026-04-21,EMA9x21,BHARTIARTL,Bharti Airtel Ltd.,1855.0,1830.0,1868.9,1830.0,10485221,1.01,1847.34,1846.42,1885.02,1918.52,50.62,True,True,50.98,Consolidation,50.2,Low,9.2,12.0,7.0,6.0,8.5,5.5,2.0,2026-09-04,98,1840.0,-0.81,-15.0,1992.1,7.39,1756.8,-5.29,True,,50.2,50.62,50.98,False,Active,41.64,1740.83,2080.17,2118.93,False,False,False,95,
ONGC_PBtoEMA21_20260421,2026-04-21,PBtoEMA21,ONGC,Oil & Natural Gas Corporation Ltd.,283.1,283.15,284.85,282.4,13645344,0.62,284.05,281.05,272.61,250.64,55.65,False,True,69.59,Consolidation,58.5,Moderate,11.5,15.0,4.0,13.0,8.0,2.0,5.0,2026-04-28,5,301.3,6.43,18.2,301.3,6.43,282.4,-0.25,True,,58.5,55.65,69.59,False,Completed,6.65,270.36,290.82,294.03,False,True,True,6,
NESTLEIND_RibbonNew_20260421,2026-04-21,RibbonNew,NESTLEIND,Nestle India Ltd.,1379.9,1298.1,1396.0,1286.8,9585080,4.69,1277.44,1249.29,1248.92,1232.48,75.71,True,True,28.2,Consolidation,73.5,Moderate,19.0,16.0,14.0,3.0,8.0,8.5,5.0,2026-07-30,72,1520.7,10.2,140.8,1520.7,10.2,1286.8,-6.75,True,,73.5,75.71,28.2,False,Archived,35.31,1330.67,1448.9,1517.89,False,True,True,69,
MOTHERSON_RibbonNew_20260421,2026-04-21,RibbonNew,MOTHERSON,Samvardhana Motherson International Ltd.,124.7,122.8,126.1,122.6,33673717,1.25,121.08,118.42,118.3,112.25,58.86,True,True,58.71,Bull: Accumulation ✓ Vol Surge,73.0,Moderate,13.5,18.0,9.0,12.0,9.0,6.5,5.0,2026-05-21,22,137.0,9.86,12.3,137.0,9.86,120.21,-3.6,True,,73.0,58.86,58.71,False,Completed,4.91,116.4,128.79,134.46,False,True,True,23,
LT_RibbonNew_20260421,2026-04-21,RibbonNew,LT,Larsen & Toubro Ltd.,4075.4,4039.0,4091.8,4032.0,2426568,0.61,3994.85,3888.46,3886.13,3829.42,60.12,True,True,67.19,Consolidation,64.0,Moderate,13.5,16.0,5.0,11.0,7.0,6.5,5.0,2026-09-04,98,3964.1,-2.73,-111.3,4216.4,3.46,3775.6,-7.36,True,,64.0,60.12,67.19,False,Active,125.8,3181.67,4246.68,4482.94,False,False,False,95,
VBL_EMA21x50_20260422,2026-04-22,EMA21x50,VBL,Varun Beverages Ltd.,494.95,486.95,498.7,484.35,11942429,1.77,460.84,440.48,439.07,466.0,73.36,True,True,60.17,Consolidation,78.5,High,18.0,16.0,10.0,14.0,7.0,8.5,5.0,2026-05-22,22,539.45,8.99,44.5,539.45,8.99,484.25,-2.16,True,,78.5,73.36,60.17,False,Completed,16.13,439.28,498.75,535.34,False,True,True,23,
ADANIENT_EMA21x50_20260422,2026-04-22,EMA21x50,ADANIENT,Adani Enterprises Ltd.,2260.8,2229.0,2278.6,2224.1,3517071,1.43,2165.24,2081.8,2075.27,2247.45,69.39,True,True,46.25,Consolidation,67.0,Moderate,15.5,16.0,8.0,7.0,9.0,6.5,5.0,2026-04-28,4,2412.4,6.71,151.6,2412.4,6.71,2224.1,-1.62,True,,67.0,69.39,46.25,False,Completed,83.81,2091.89,2299.31,2394.69,False,True,True,5,
ONGC_PBtoEMA21_20260422,2026-04-22,PBtoEMA21,ONGC,Oil & Natural Gas Corporation Ltd.,283.65,283.1,285.05,282.6,7394357,0.38,283.97,281.29,273.05,250.97,56.36,False,True,53.93,Consolidation,53.1,Low,12.1,15.0,4.0,7.0,8.0,2.0,5.0,2026-04-28,4,301.3,6.22,17.65,301.3,6.22,282.6,-0.37,True,,53.1,56.36,53.93,False,Completed,6.37,281.78,290.87,293.98,False,True,True,5,
MUTHOOTFIN_EMA21x50_20260423,2026-04-23,EMA21x50,MUTHOOTFIN,Muthoot Finance Ltd.,3561.4,3579.0,3609.0,3544.0,338450,0.48,3532.81,3453.59,3451.69,3237.68,57.22,True,True,46.29,Bear: Markdown ⚠ Vol Surge,55.5,Moderate,14.0,13.0,3.0,6.0,8.0,6.5,5.0,2026-04-29,4,3461.1,-2.82,-100.3,3609.0,1.34,3461.1,-2.82,True,,55.5,57.22,46.29,False,Stop Hit,109.36,3480.93,3840.07,4011.84,True,False,False,5,
DRREDDY_EMA9x21_20260423,2026-04-23,EMA9x21,DRREDDY,Dr. Reddy's Laboratories Ltd.,1331.0,1230.0,1357.0,1217.5,16407364,5.07,1246.07,1245.45,1253.31,1251.96,65.07,True,True,21.14,Consolidation,69.0,Moderate,16.5,12.0,15.0,3.0,10.0,7.5,5.0,2026-05-04,7,1287.2,-3.29,-43.8,1357.0,1.95,1217.5,-8.53,True,,69.0,65.07,21.14,False,Stop Hit,37.29,1300.15,1376.77,1464.1,True,False,False,8,
JIOFIN_EMA9x21_20260423,2026-04-23,EMA9x21,JIOFIN,Jio Financial Services Ltd.,248.66,240.0,251.7,238.54,74382155,2.51,240.64,239.95,247.11,274.78,55.89,True,True,33.02,Consolidation,67.0,Moderate,20.5,12.0,12.0,3.0,10.0,7.5,2.0,2026-05-11,12,240.33,-3.35,-8.33,253.64,2.0,238.54,-4.07,True,,67.0,55.89,33.02,False,Stop Hit,7.81,242.8,254.38,273.17,True,False,False,13,
CIPLA_EMA9x21_20260423,2026-04-23,EMA9x21,CIPLA,Cipla Ltd.,1305.9,1234.1,1308.4,1227.6,5273876,2.42,1245.03,1244.86,1284.1,1404.32,63.99,True,True,38.59,Bear: Markdown ⚠ Vol Surge,58.0,Moderate,20.5,9.0,14.0,3.0,10.0,7.5,5.0,2026-04-24,1,1295.0,-0.83,-10.9,1308.4,0.19,1227.6,-6.0,True,,58.0,63.99,38.59,False,Stop Hit,25.59,1296.88,1385.49,1442.56,True,False,False,2,
ONGC_PBtoEMA21_20260423,2026-04-23,PBtoEMA21,ONGC,Oil & Natural Gas Corporation Ltd.,286.25,284.85,289.8,284.05,13524078,0.74,284.43,281.74,273.56,251.32,59.67,False,True,47.32,Consolidation,59.5,Moderate,17.0,16.0,4.0,3.0,10.0,4.5,5.0,2026-04-28,3,301.3,5.26,15.05,301.3,5.26,284.05,-0.77,True,,59.5,59.67,47.32,False,Completed,6.08,281.78,290.87,293.98,False,True,True,4,
HDFCAMC_RibbonNew_20260423,2026-04-23,RibbonNew,HDFCAMC,HDFC Asset Management Company Ltd.,2708.2,2745.0,2762.9,2700.0,1161469,0.81,2686.88,2594.53,2569.6,2565.49,58.27,True,True,63.24,Consolidation,63.0,Moderate,13.5,16.0,5.0,10.0,7.0,6.5,5.0,2026-05-18,17,2625.1,-3.07,-83.1,2854.0,5.38,2625.1,-3.07,True,,63.0,58.27,63.24,False,Stop Hit,99.56,2625.43,2800.02,2887.48,True,True,False,18,
MUTHOOTFIN_RibbonNew_20260423,2026-04-23,RibbonNew,MUTHOOTFIN,Muthoot Finance Ltd.,3561.4,3579.0,3609.0,3544.0,338450,0.48,3532.81,3453.59,3451.69,3237.68,57.22,True,True,46.29,Bear: Markdown ⚠ Vol Surge,55.5,Moderate,14.0,13.0,3.0,6.0,8.0,6.5,5.0,2026-04-29,4,3461.1,-2.82,-100.3,3609.0,1.34,3461.1,-2.82,True,,55.5,57.22,46.29,False,Stop Hit,109.36,3480.93,3840.07,4011.84,True,False,False,5,
GAIL_EMA21x50_20260424,2026-04-24,EMA21x50,GAIL,GAIL (India) Ltd.,165.61,165.96,166.3,163.35,9362143,0.73,160.36,155.49,155.3,164.31,67.96,True,True,58.33,Consolidation,67.5,Moderate,14.0,16.0,5.0,11.0,10.0,6.5,5.0,2026-09-04,95,173.4,4.7,7.79,181.44,9.56,155.64,-6.02,True,,67.5,67.96,58.33,False,Active,4.4,152.9,181.9,186.38,False,False,False,92,
SBIN_EMA21x50_20260424,2026-04-24,EMA21x50,SBIN,State Bank of India,1101.1,1091.35,1106.0,1090.05,13773750,0.72,1088.58,1077.92,1077.5,983.62,56.02,True,True,62.29,Consolidation,67.0,Moderate,16.5,16.0,6.0,10.0,7.0,6.5,5.0,2026-04-30,4,1068.45,-2.97,-32.65,1111.85,0.98,1068.45,-2.97,True,,67.0,56.02,62.29,False,Stop Hit,26.36,1068.59,1116.66,1125.24,True,False,False,5,
TATACONSUM_EMA21x50_20260424,2026-04-24,EMA21x50,TATACONSUM,Tata Consumer Products Ltd.,1174.0,1185.0,1197.0,1162.0,1235426,0.71,1140.11,1111.59,1110.91,1118.33,69.24,True,True,38.95,Consolidation,61.5,Moderate,14.0,16.0,7.0,3.0,10.0,6.5,5.0,2026-09-01,92,1030.5,-12.22,-143.5,1271.0,8.26,1030.5,-12.22,True,,61.5,69.24,38.95,False,Archived,29.2,1033.32,1208.28,1291.4,True,True,False,89,
ASIANPAINT_EMA21x50_20260424,2026-04-24,EMA21x50,ASIANPAINT,Asian Paints Ltd.,2485.1,2521.4,2538.9,2470.7,436751,0.26,2467.41,2389.17,2385.93,2486.63,60.98,True,True,45.54,Bear: Distribution,54.5,Low,12.0,14.0,6.0,4.0,7.0,6.5,5.0,2026-05-05,7,2430.0,-2.22,-55.1,2538.9,2.16,2430.0,-2.22,True,,54.5,60.98,45.54,False,Stop Hit,71.78,2438.27,2531.75,2608.23,True,False,False,8,
COALINDIA_EMA9x21_20260424,2026-04-24,EMA9x21,COALINDIA,Coal India Ltd.,456.0,452.75,462.0,451.05,16439201,1.27,446.37,445.8,439.57,406.95,57.77,True,True,43.49,Consolidation,64.7,Moderate,13.7,16.0,6.0,4.0,10.0,10.0,5.0,2026-04-29,3,479.9,5.24,23.9,479.9,5.24,451.05,-1.09,True,,64.7,57.77,43.49,False,Completed,10.79,425.8,470.7,477.7,False,True,True,4,
ONGC_PBtoEMA21_20260424,2026-04-24,PBtoEMA21,ONGC,Oil & Natural Gas Corporation Ltd.,284.8,288.8,288.8,283.9,11788014,0.67,284.5,282.02,274.0,251.65,57.07,False,True,55.62,Consolidation,61.2,Moderate,15.2,16.0,4.0,10.0,9.0,2.0,5.0,2026-04-28,2,301.3,5.79,16.5,301.3,5.79,283.9,-0.32,True,,61.2,57.07,55.62,False,Completed,6.05,281.76,290.89,293.96,False,True,True,3,
SBIN_RibbonNew_20260424,2026-04-24,RibbonNew,SBIN,State Bank of India,1101.1,1091.35,1106.0,1090.05,13773750,0.72,1088.58,1077.92,1077.5,983.62,56.02,True,True,62.29,Consolidation,67.0,Moderate,16.5,16.0,6.0,10.0,7.0,6.5,5.0,2026-04-30,4,1068.45,-2.97,-32.65,1111.85,0.98,1068.45,-2.97,True,,67.0,56.02,62.29,False,Stop Hit,26.36,1068.59,1116.66,1125.24,True,False,False,5,
COALINDIA_RibbonNew_20260424,2026-04-24,RibbonNew,COALINDIA,Coal India Ltd.,456.0,452.75,462.0,451.05,16439201,1.27,446.37,445.8,439.57,406.95,57.77,True,True,43.49,Consolidation,64.7,Moderate,13.7,16.0,6.0,4.0,10.0,10.0,5.0,2026-04-29,3,479.9,5.24,23.9,479.9,5.24,451.05,-1.09,True,,64.7,57.77,43.49,False,Completed,10.79,425.8,470.7,477.7,False,True,True,4,
DIVISLAB_EMA21x50_20260427,2026-04-27,EMA21x50,DIVISLAB,Divi's Laboratories Ltd.,6477.0,6351.5,6507.5,6346.5,289648,1.04,6301.07,6201.31,6186.73,6204.39,68.15,True,True,54.1,Consolidation,73.5,Moderate,19.0,16.0,6.0,9.0,10.0,8.5,5.0,2026-07-14,56,7188.5,10.99,711.5,7188.5,10.99,6346.5,-2.01,True,,73.5,68.15,54.1,False,Completed,136.25,6151.61,6853.28,7124.7,False,True,True,53,
HINDZINC_EMA21x50_20260427,2026-04-27,EMA21x50,HINDZINC,Hindustan Zinc Ltd.,628.0,606.2,633.3,594.35,20871771,3.08,593.04,575.56,573.66,538.51,67.09,True,True,32.8,Consolidation,73.5,Moderate,18.0,16.0,12.0,5.0,9.0,8.5,5.0,2026-04-30,3,595.95,-5.1,-32.05,633.3,0.84,594.35,-5.36,True,,73.5,67.09,32.8,False,Stop Hit,20.95,606.18,667.72,674.18,True,False,False,4,
DRREDDY_EMA21x50_20260427,2026-04-27,EMA21x50,DRREDDY,Dr. Reddy's Laboratories Ltd.,1334.5,1320.4,1350.0,1309.0,1940316,0.56,1275.12,1259.47,1258.89,1253.42,64.25,True,True,35.62,Consolidation,64.0,Moderate,12.5,16.0,8.0,4.0,10.0,8.5,5.0,2026-05-04,5,1287.2,-3.54,-47.3,1354.6,1.51,1287.2,-3.54,True,,64.0,64.25,35.62,False,Stop Hit,38.35,1300.36,1376.97,1467.95,True,False,False,6,
HINDZINC_RibbonNew_20260427,2026-04-27,RibbonNew,HINDZINC,Hindustan Zinc Ltd.,628.0,606.2,633.3,594.35,20871771,3.08,593.04,575.56,573.66,538.51,67.09,True,True,32.8,Consolidation,73.5,Moderate,18.0,16.0,12.0,5.0,9.0,8.5,5.0,2026-04-30,3,595.95,-5.1,-32.05,633.3,0.84,594.35,-5.36,True,,73.5,67.09,32.8,False,Stop Hit,20.95,606.18,667.72,674.18,True,False,False,4,
DRREDDY_RibbonNew_20260427,2026-04-27,RibbonNew,DRREDDY,Dr. Reddy's Laboratories Ltd.,1334.5,1320.4,1350.0,1309.0,1940316,0.56,1275.12,1259.47,1258.89,1253.42,64.25,True,True,35.62,Consolidation,64.0,Moderate,12.5,16.0,8.0,4.0,10.0,8.5,5.0,2026-05-04,5,1287.2,-3.54,-47.3,1354.6,1.51,1287.2,-3.54,True,,64.0,64.25,35.62,False,Stop Hit,38.35,1300.36,1376.97,1467.95,True,False,False,6,
TORNTPHARM_PBtoEMA21_20260428,2026-04-28,PBtoEMA21,TORNTPHARM,Torrent Pharmaceuticals Ltd.,4182.9,4219.8,4250.4,4172.8,322621,0.83,4158.67,4164.96,4153.86,3846.2,51.1,True,True,55.11,Consolidation,54.0,Low,14.0,9.0,5.0,10.0,7.5,6.5,2.0,2026-05-06,6,4358.3,4.19,175.4,4358.3,4.19,4172.8,-0.24,True,,54.0,51.1,55.11,False,Completed,86.1,4061.41,4244.46,4354.64,False,True,True,7,
ADANIGREEN_RibbonNew_20260428,2026-04-28,RibbonNew,ADANIGREEN,Adani Green Energy Ltd.,1249.95,1235.5,1259.15,1223.2,4301781,0.65,1183.6,1092.43,1011.75,1007.12,82.72,True,True,23.14,Consolidation,58.0,Moderate,14.5,16.0,6.0,4.0,6.0,6.5,5.0,2026-05-11,9,1387.7,11.02,137.75,1387.7,11.02,1223.2,-2.14,True,,58.0,82.72,23.14,False,Completed,54.81,1184.86,1312.45,1374.94,False,True,True,10,
HINDUNILVR_EMA21x50_20260429,2026-04-29,EMA21x50,HINDUNILVR,Hindustan Unilever Ltd.,2314.4,2305.0,2349.7,2291.0,1778761,0.75,2290.42,2239.22,2237.44,2332.87,60.57,True,True,58.15,Consolidation,54.0,Low,9.5,16.0,3.0,9.0,7.0,6.5,3.0,2026-06-01,23,2084.3,-9.94,-230.1,2349.7,1.53,2084.3,-9.94,True,,54.0,60.57,58.15,False,Stop Hit,61.92,2100.21,2328.41,2655.48,True,False,False,20,
RELIANCE_EMA9x21_20260429,2026-04-29,EMA9x21,RELIANCE,Reliance Industries Ltd.,1425.4,1392.0,1433.8,1391.3,30538735,1.41,1371.38,1365.11,1383.84,1415.78,60.88,True,True,67.15,Bull: Markup,82.5,High,19.0,16.0,11.0,14.0,10.0,7.5,5.0,2026-05-11,8,1388.2,-2.61,-37.2,1463.6,2.68,1388.2,-2.61,True,,82.5,60.88,67.15,False,Stop Hit,29.51,1413.6,1549.76,1576.37,True,False,False,9,
SUNPHARMA_EMA9x21_20260429,2026-04-29,EMA9x21,SUNPHARMA,Sun Pharmaceutical Industries Ltd.,1778.7,1756.0,1789.8,1750.0,9808918,1.37,1711.74,1710.56,1719.77,1704.76,59.77,True,True,75.46,Consolidation,73.5,Moderate,15.0,12.0,9.0,15.0,10.0,7.5,5.0,2026-07-21,59,1961.9,10.3,183.2,1961.9,10.3,1750.0,-1.61,True,,73.5,59.77,75.46,False,Completed,48.61,1582.28,1850.39,1956.57,False,True,True,56,
BHARTIARTL_EMA9x21_20260429,2026-04-29,EMA9x21,BHARTIARTL,Bharti Airtel Ltd.,1888.1,1848.0,1900.4,1845.4,7711593,0.88,1846.37,1844.53,1875.52,1913.93,58.2,True,True,65.26,Consolidation,69.0,Moderate,20.5,12.0,6.0,11.0,10.0,7.5,2.0,2026-05-05,4,1806.1,-4.34,-82.0,1900.4,0.65,1806.1,-4.34,True,,69.0,58.2,65.26,False,Stop Hit,34.31,1809.39,2080.01,2119.09,True,False,False,5,
TORNTPHARM_EMA9x21_20260429,2026-04-29,EMA9x21,TORNTPHARM,Torrent Pharmaceuticals Ltd.,4231.5,4220.0,4281.4,4200.0,222074,0.6,4173.24,4171.01,4156.9,3850.03,54.75,True,True,46.12,Consolidation,57.5,Moderate,14.5,16.0,5.0,4.0,8.5,7.5,2.0,2026-04-30,1,4185.1,-1.1,-46.4,4281.4,1.18,4185.1,-1.1,True,,57.5,54.75,46.12,False,Stop Hit,85.91,4190.24,4354.64,4455.26,True,False,False,2,
KOTAKBANK_EMA9x21_20260429,2026-04-29,EMA9x21,KOTAKBANK,Kotak Mahindra Bank Ltd.,382.0,378.0,386.05,377.55,7913094,0.49,377.06,376.49,385.49,403.53,53.3,True,True,54.17,Bear: Distribution ⚠ Vol Surge,56.5,Moderate,18.5,10.0,3.0,7.0,8.5,7.5,2.0,2026-09-04,92,424.5,11.13,42.5,425.0,11.26,370.1,-3.12,True,,56.5,53.3,54.17,False,Active,8.41,369.04,384.83,454.59,False,True,False,89,
TORNTPHARM_PBtoEMA21_20260429,2026-04-29,PBtoEMA21,TORNTPHARM,Torrent Pharmaceuticals Ltd.,4231.5,4220.0,4281.4,4200.0,222074,0.6,4173.24,4171.01,4156.9,3850.03,54.75,True,True,46.12,Consolidation,57.5,Moderate,14.5,16.0,5.0,4.0,8.5,7.5,2.0,2026-04-30,1,4185.1,-1.1,-46.4,4281.4,1.18,4185.1,-1.1,True,,57.5,54.75,46.12,False,Stop Hit,85.91,4190.24,4354.64,4455.26,True,False,False,2,
TORNTPHARM_RibbonNew_20260429,2026-04-29,RibbonNew,TORNTPHARM,Torrent Pharmaceuticals Ltd.,4231.5,4220.0,4281.4,4200.0,222074,0.6,4173.24,4171.01,4156.9,3850.03,54.75,True,True,46.12,Consolidation,57.5,Moderate,14.5,16.0,5.0,4.0,8.5,7.5,2.0,2026-04-30,1,4185.1,-1.1,-46.4,4281.4,1.18,4185.1,-1.1,True,,57.5,54.75,46.12,False,Stop Hit,85.91,4190.24,4354.64,4455.26,True,False,False,2,
GRASIM_EMA21x50_20260430,2026-04-30,EMA21x50,GRASIM,Grasim Industries Ltd.,2794.5,2783.0,2801.4,2727.0,1130217,1.25,2769.25,2738.28,2736.69,2744.25,58.21,True,True,58.74,Consolidation,68.0,Moderate,13.5,16.0,9.0,9.0,9.0,6.5,5.0,2026-05-21,15,3154.5,12.88,360.0,3154.5,12.88,2727.0,-2.42,True,,68.0,58.21,58.74,False,Completed,59.53,2620.88,2970.12,3073.95,False,True,True,16,
TECHM_EMA9x21_20260430,2026-04-30,EMA9x21,TECHM,Tech Mahindra Ltd.,1473.5,1459.7,1482.0,1445.6,2634783,0.89,1442.77,1439.9,1451.74,1493.42,55.19,False,True,44.08,Consolidation,50.6,Low,11.1,12.0,6.0,5.0,10.0,4.5,2.0,2026-05-12,8,1392.9,-5.47,-80.6,1482.0,0.58,1392.9,-5.47,True,,50.6,55.19,44.08,False,Stop Hit,46.74,1419.91,1538.31,1590.99,True,False,False,9,
TORNTPHARM_PBtoEMA21_20260430,2026-04-30,PBtoEMA21,TORNTPHARM,Torrent Pharmaceuticals Ltd.,4185.1,4231.7,4234.7,4146.1,278058,0.76,4175.61,4172.29,4158.01,3853.37,50.85,True,True,57.12,Consolidation,55.0,Moderate,13.0,16.0,5.0,8.0,5.5,5.5,2.0,2026-05-06,4,4358.3,4.14,173.2,4358.3,4.14,4146.1,-0.93,True,,55.0,50.85,57.12,False,Completed,86.84,4061.51,4244.56,4354.54,False,True,True,5,
DIVISLAB_RibbonNew_20260430,2026-04-30,RibbonNew,DIVISLAB,Divi's Laboratories Ltd.,6502.5,6530.0,6547.0,6429.0,379741,1.33,6395.45,6273.55,6221.1,6212.83,66.09,True,True,61.73,Consolidation,68.0,Moderate,16.5,16.0,7.0,10.0,7.0,6.5,5.0,2026-07-14,53,7188.5,10.55,686.0,7188.5,10.55,6429.0,-1.13,True,,68.0,66.09,61.73,False,Completed,127.54,6152.73,6852.17,7152.75,False,True,True,50,
GRASIM_EMA21x50_20260501,2026-05-01,EMA21x50,GRASIM,Grasim Industries Ltd.,2794.5,2783.0,2801.4,2727.0,1130223,1.25,2769.25,2738.28,2736.69,2744.25,58.21,True,True,58.74,Consolidation,69.0,Moderate,13.5,16.0,9.0,10.0,9.0,6.5,5.0,2026-05-21,14,3154.5,12.88,360.0,3154.5,12.88,2727.0,-2.42,True,,69.0,58.21,58.74,False,Completed,59.53,2620.88,2970.12,3073.95,False,True,True,15,
TECHM_EMA9x21_20260501,2026-05-01,EMA9x21,TECHM,Tech Mahindra Ltd.,1473.5,1459.7,1482.0,1445.6,2635309,0.89,1442.77,1439.9,1451.74,1493.42,55.19,False,True,44.08,Consolidation,50.6,Low,11.1,12.0,6.0,5.0,10.0,4.5,2.0,2026-05-12,7,1392.9,-5.47,-80.6,1482.0,0.58,1392.9,-5.47,True,,50.6,55.19,44.08,False,Stop Hit,46.74,1419.91,1538.31,1590.99,True,False,False,8,
TORNTPHARM_PBtoEMA21_20260501,2026-05-01,PBtoEMA21,TORNTPHARM,Torrent Pharmaceuticals Ltd.,4185.1,4231.7,4234.7,4146.1,278059,0.76,4175.61,4172.29,4158.01,3853.37,50.85,True,True,57.12,Consolidation,56.0,Moderate,13.0,16.0,5.0,9.0,5.5,5.5,2.0,2026-05-06,3,4358.3,4.14,173.2,4358.3,4.14,4146.1,-0.93,True,,56.0,50.85,57.12,False,Completed,86.84,4061.51,4244.56,4354.54,False,True,True,4,
DIVISLAB_RibbonNew_20260501,2026-05-01,RibbonNew,DIVISLAB,Divi's Laboratories Ltd.,6502.5,6530.0,6547.0,6429.0,379741,1.33,6395.45,6273.55,6221.1,6212.83,66.09,True,True,61.73,Consolidation,69.0,Moderate,16.5,16.0,7.0,11.0,7.0,6.5,5.0,2026-07-14,52,7188.5,10.55,686.0,7188.5,10.55,6429.0,-1.13,True,,69.0,66.09,61.73,False,Completed,127.54,6152.73,6852.17,7152.75,False,True,True,49,
SUNPHARMA_EMA21x50_20260504,2026-05-04,EMA21x50,SUNPHARMA,Sun Pharmaceutical Industries Ltd.,1823.5,1820.0,1841.0,1810.0,4206115,0.6,1749.54,1728.91,1727.17,1706.96,64.66,True,True,63.08,Consolidation,67.5,Moderate,12.0,16.0,8.0,8.0,10.0,8.5,5.0,2026-09-04,89,1899.0,4.14,75.5,2001.1,9.74,1779.0,-2.44,True,,67.5,64.66,63.08,False,Active,46.57,1582.42,1850.26,2005.85,False,True,False,86,
MARUTI_EMA9x21_20260504,2026-05-04,EMA9x21,MARUTI,Maruti Suzuki India Ltd.,13580.0,13559.0,13976.0,13435.0,722067,1.2,13285.94,13255.6,13634.58,14249.95,55.38,True,True,40.56,Consolidation,62.5,Moderate,15.0,12.0,8.0,5.0,10.0,7.5,5.0,2026-05-18,10,13016.0,-4.15,-564.0,13976.0,2.92,13016.0,-4.15,True,,62.5,55.38,40.56,False,Stop Hit,371.93,13025.27,15200.73,15767.27,True,False,False,11,
APOLLOHOSP_PBtoEMA21_20260504,2026-05-04,PBtoEMA21,APOLLOHOSP,Apollo Hospitals Enterprise Ltd.,7737.5,7699.5,7790.0,7673.0,328423,0.89,7701.93,7637.52,7545.41,7368.43,55.9,True,True,62.86,Consolidation,63.5,Moderate,15.0,16.0,5.0,9.0,7.0,6.5,5.0,2026-06-09,26,8524.0,10.16,786.5,8524.0,10.16,7673.0,-0.83,True,,63.5,55.9,62.86,False,Completed,156.64,7645.53,8113.29,8511.25,False,True,True,23,
POWERGRID_PBtoEMA21_20260504,2026-05-04,PBtoEMA21,POWERGRID,Power Grid Corporation of India Ltd.,319.05,314.0,323.9,314.0,7369364,0.64,317.74,312.27,302.37,286.04,64.18,True,True,54.65,Consolidation,61.5,Moderate,16.0,16.0,5.0,6.0,7.0,6.5,5.0,2026-05-11,5,310.9,-2.55,-8.15,323.9,1.52,310.9,-2.55,True,,61.5,64.18,54.65,False,Stop Hit,6.61,312.77,321.98,326.02,True,False,False,6,
NTPC_PBtoEMA21_20260504,2026-05-04,PBtoEMA21,NTPC,NTPC Ltd.,400.05,400.0,404.8,397.25,6332592,0.61,400.16,393.37,381.46,353.76,59.03,True,True,60.97,Consolidation,61.0,Moderate,13.5,15.0,5.0,11.0,7.0,6.5,3.0,2026-05-06,2,394.85,-1.3,-5.2,404.8,1.19,394.85,-1.3,True,,61.0,59.03,60.97,False,Stop Hit,9.16,395.89,413.01,415.79,True,False,False,3,
SUNPHARMA_RibbonNew_20260504,2026-05-04,RibbonNew,SUNPHARMA,Sun Pharmaceutical Industries Ltd.,1823.5,1820.0,1841.0,1810.0,4206115,0.6,1749.54,1728.91,1727.17,1706.96,64.66,True,True,63.08,Consolidation,67.5,Moderate,12.0,16.0,8.0,8.0,10.0,8.5,5.0,2026-09-04,89,1899.0,4.14,75.5,2001.1,9.74,1779.0,-2.44,True,,67.5,64.66,63.08,False,Active,46.57,1582.42,1850.26,2005.85,False,True,False,86,
BAJFINANCE_EMA21x50_20260506,2026-05-06,EMA21x50,BAJFINANCE,Bajaj Finance Ltd.,980.75,965.0,984.0,965.0,7770675,0.91,944.17,924.52,922.95,936.28,66.9,True,True,46.92,Consolidation,77.5,High,20.0,16.0,9.0,9.0,10.0,8.5,5.0,2026-06-03,20,876.8,-10.6,-103.95,984.0,0.33,876.8,-10.6,True,,77.5,66.9,46.92,False,Stop Hit,23.91,881.8,992.8,1065.2,True,False,False,17,
ULTRACEMCO_EMA21x50_20260506,2026-05-06,EMA21x50,ULTRACEMCO,UltraTech Cement Ltd.,12093.0,12022.0,12141.0,11942.0,355038,0.93,11893.18,11771.1,11770.8,11871.38,58.11,True,True,54.64,Bear: Distribution ⚠ Vol Surge,58.0,Moderate,14.0,14.0,7.0,7.0,10.0,8.5,5.0,2026-06-08,23,10795.0,-10.73,-1298.0,12146.0,0.44,10795.0,-10.73,True,,58.0,58.11,54.64,False,Stop Hit,276.57,10804.42,13143.8,13302.3,True,False,False,20,
BAJAJFINSV_EMA9x21_20260506,2026-05-06,EMA9x21,BAJAJFINSV,Bajaj Finserv Ltd.,1836.1,1810.0,1838.8,1798.1,1059081,0.93,1791.91,1788.32,1823.55,1921.33,56.94,True,True,46.78,Consolidation,63.0,Moderate,17.5,12.0,7.0,4.0,10.0,7.5,5.0,2026-05-12,4,1744.8,-4.97,-91.3,1838.8,0.15,1744.8,-4.97,True,,63.0,56.94,46.78,False,Stop Hit,40.46,1772.02,1852.98,2125.02,True,False,False,5,
M&M_EMA9x21_20260506,2026-05-06,EMA9x21,M&M,Mahindra & Mahindra Ltd.,3300.8,3245.0,3315.7,3243.5,6007121,1.79,3169.9,3156.65,3217.75,3318.23,58.8,True,True,47.4,Bear: Distribution ⚠ Vol Surge,58.0,Moderate,18.5,10.0,11.0,7.0,10.0,8.5,5.0,2026-05-12,4,3176.0,-3.78,-124.8,3370.7,2.12,3176.0,-3.78,True,,58.0,58.8,47.4,False,Stop Hit,89.08,3230.34,3854.58,3630.88,True,False,False,5,
BPCL_EMA9x21_20260506,2026-05-06,EMA9x21,BPCL,Bharat Petroleum Corporation Ltd.,314.05,304.7,316.6,301.85,16981212,1.45,306.08,305.94,315.89,324.25,54.81,True,True,48.91,Consolidation,54.0,Low,12.0,11.0,7.0,4.0,8.5,6.5,5.0,2026-09-04,87,315.7,0.53,1.65,329.95,5.06,280.8,-10.59,True,,54.0,54.81,48.91,False,Active,8.46,279.39,341.49,350.24,False,False,False,84,
GRASIM_RibbonNew_20260506,2026-05-06,RibbonNew,GRASIM,Grasim Industries Ltd.,2914.8,2885.5,2923.3,2872.3,362970,0.41,2825.82,2774.18,2753.07,2748.29,68.87,True,True,56.39,Consolidation,71.5,Moderate,20.0,16.0,4.0,8.0,10.0,8.5,5.0,2026-05-21,11,3154.5,8.22,239.7,3154.5,8.22,2872.3,-1.46,True,,71.5,68.87,56.39,False,Completed,58.64,2621.12,2950.12,2987.68,False,True,True,12,
TATACONSUM_RibbonNew_20260506,2026-05-06,RibbonNew,TATACONSUM,Tata Consumer Products Ltd.,1152.2,1160.0,1166.9,1138.9,1566595,1.02,1151.58,1132.72,1121.72,1120.82,57.43,True,True,63.61,Consolidation,65.2,Moderate,12.7,16.0,7.0,12.0,8.0,6.5,3.0,2026-05-11,3,1271.0,10.31,118.8,1271.0,10.31,1138.9,-1.15,True,,65.2,57.43,63.61,False,Completed,28.62,1033.57,1166.87,1208.03,False,True,True,4,
CHOLAFIN_EMA21x50_20260507,2026-05-07,EMA21x50,CHOLAFIN,Cholamandalam Investment and Finance Company Ltd.,1689.2,1725.0,1734.8,1677.8,2640457,1.12,1628.12,1583.68,1579.03,1592.8,63.82,True,True,64.69,Consolidation,72.0,Moderate,11.5,16.0,8.0,14.0,9.0,8.5,5.0,2026-06-08,22,1456.0,-13.81,-233.2,1734.8,2.7,1456.0,-13.81,True,,72.0,63.82,64.69,False,Stop Hit,51.26,1456.4,1703.51,1838.74,True,False,False,19,
RELIANCE_EMA21x50_20260507,2026-05-07,EMA21x50,RELIANCE,Reliance Industries Ltd.,1436.2,1438.8,1449.5,1430.3,19811053,0.92,1421.05,1395.76,1395.14,1417.26,59.42,True,True,21.5,Consolidation,58.5,Moderate,14.0,16.0,6.0,4.0,7.0,6.5,5.0,2026-05-19,8,1322.7,-7.9,-113.5,1449.5,0.93,1322.7,-7.9,True,,58.5,59.42,21.5,False,Stop Hit,31.44,1335.66,1457.82,1549.77,True,False,False,9,
SHRIRAMFIN_EMA21x50_20260507,2026-05-07,EMA21x50,SHRIRAMFIN,Shriram Finance Ltd.,1015.65,1009.0,1023.75,1002.05,4848226,0.79,986.75,987.58,987.51,874.37,55.1,True,True,55.76,Consolidation,56.1,Moderate,11.1,8.0,4.0,10.0,10.0,8.0,5.0,2026-05-11,2,975.95,-3.91,-39.7,1023.75,0.8,975.95,-3.91,True,,56.1,55.1,55.76,False,Stop Hit,31.86,977.95,1083.3,1117.22,True,False,False,3,
AMBUJACEM_EMA9x21_20260507,2026-05-07,EMA9x21,AMBUJACEM,Ambuja Cements Ltd.,450.65,446.5,454.2,445.1,4350981,1.14,447.9,447.68,459.61,512.81,50.94,True,True,52.42,Bear: Distribution ⚠ Vol Surge,58.0,Moderate,11.9,10.0,8.0,10.0,8.5,8.0,3.0,2026-05-08,1,444.3,-1.41,-6.35,454.2,0.79,444.3,-1.41,True,,58.0,50.94,52.42,False,Stop Hit,12.92,445.42,460.28,470.97,True,False,False,2,
KOTAKBANK_EMA9x21_20260507,2026-05-07,EMA9x21,KOTAKBANK,Kotak Mahindra Bank Ltd.,379.4,376.1,382.45,374.3,27283392,1.23,376.68,376.47,383.85,402.21,51.66,True,False,57.01,Bear: Distribution ⚠ Vol Surge,54.5,Low,12.5,10.0,9.0,7.0,8.5,7.5,0.0,2026-09-04,86,424.5,11.89,45.1,425.0,12.02,370.1,-2.45,True,,54.5,51.66,57.01,False,Active,9.48,369.17,384.7,454.72,False,True,False,83,
INDHOTEL_EMA21x50_20260508,2026-05-08,EMA21x50,INDHOTEL,Indian Hotels Co. Ltd.,673.05,670.45,678.5,663.15,1914594,0.94,657.08,647.5,646.99,689.91,61.63,True,True,52.3,Consolidation,74.5,Moderate,18.0,16.0,7.0,10.0,10.0,8.5,5.0,2026-05-11,1,661.3,-1.75,-11.75,678.5,0.81,661.3,-1.75,True,,74.5,61.63,52.3,False,Stop Hit,15.07,662.42,691.32,792.33,True,False,False,2,
IRFC_EMA21x50_20260508,2026-05-08,EMA21x50,IRFC,Indian Railway Finance Corporation Ltd.,106.03,106.67,106.9,105.65,6757805,0.45,105.45,103.53,103.39,113.84,59.22,True,True,31.92,Consolidation,63.5,Moderate,17.0,16.0,6.0,5.0,8.0,6.5,5.0,2026-05-11,1,103.08,-2.78,-2.95,106.9,0.82,103.08,-2.78,True,,63.5,59.22,31.92,False,Stop Hit,2.23,103.49,129.48,134.86,True,False,False,2,
CIPLA_EMA21x50_20260508,2026-05-08,EMA21x50,CIPLA,Cipla Ltd.,1347.0,1355.0,1366.7,1341.3,1044625,0.58,1330.29,1299.76,1299.6,1397.19,64.2,True,True,51.15,Consolidation,61.0,Moderate,15.5,16.0,4.0,7.0,7.0,6.5,5.0,2026-05-11,1,1304.9,-3.13,-42.1,1366.7,1.46,1304.9,-3.13,True,,61.0,64.2,51.15,False,Stop Hit,29.62,1319.95,1353.85,1385.45,True,False,False,2,
BAJAJHLDNG_EMA21x50_20260508,2026-05-08,EMA21x50,BAJAJHLDNG,Bajaj Holdings & Investment Ltd.,10632.0,10545.0,10840.0,10342.0,79807,1.71,10461.05,10273.59,10265.36,11122.84,63.99,True,True,26.41,Bear: Distribution,58.0,Moderate,16.0,14.0,10.0,5.0,10.0,6.5,5.0,2026-05-13,3,10025.0,-5.71,-607.0,10840.0,1.96,10025.0,-5.71,True,,58.0,63.99,26.41,False,Stop Hit,261.64,10075.85,10746.35,12050.65,True,False,False,4,
SHRIRAMFIN_EMA9x21_20260508,2026-05-08,EMA9x21,SHRIRAMFIN,Shriram Finance Ltd.,1007.75,1013.0,1013.35,1001.25,5754888,0.93,990.95,989.41,988.3,875.7,53.53,True,True,71.84,Consolidation,68.3,Moderate,10.3,16.0,6.0,14.0,8.5,8.5,5.0,2026-05-11,1,975.95,-3.16,-31.8,1013.35,0.56,975.95,-3.16,True,,68.3,53.53,71.84,False,Stop Hit,31.01,977.72,1016.83,1083.07,True,False,False,2,
TVSMOTOR_EMA9x21_20260508,2026-05-08,EMA9x21,TVSMOTOR,TVS Motor Company Ltd.,3695.2,3654.5,3718.7,3633.1,365563,0.44,3611.85,3603.8,3615.22,3443.8,55.81,True,True,49.98,Consolidation,57.0,Moderate,13.5,11.0,7.0,4.0,8.0,8.5,5.0,2026-05-11,1,3613.7,-2.21,-81.5,3718.7,0.64,3613.7,-2.21,True,,57.0,55.81,49.98,False,Stop Hit,108.08,3671.0,3713.69,3747.04,True,False,False,2,
PFC_PBtoEMA21_20260508,2026-05-08,PBtoEMA21,PFC,Power Finance Corporation Ltd.,461.35,458.0,467.25,455.55,8789600,1.15,459.93,452.28,431.8,400.6,57.69,False,True,63.92,Consolidation,64.0,Moderate,12.5,16.0,7.0,13.0,8.0,4.5,3.0,2026-06-01,16,421.1,-8.72,-40.25,467.25,1.28,421.1,-8.72,True,,64.0,57.69,63.92,False,Stop Hit,12.31,424.89,476.95,488.55,True,False,False,13,
SHRIRAMFIN_RibbonNew_20260508,2026-05-08,RibbonNew,SHRIRAMFIN,Shriram Finance Ltd.,1007.75,1013.0,1013.35,1001.25,5754888,0.93,990.95,989.41,988.3,875.7,53.53,True,True,71.84,Consolidation,68.3,Moderate,10.3,16.0,6.0,14.0,8.5,8.5,5.0,2026-05-11,1,975.95,-3.16,-31.8,1013.35,0.56,975.95,-3.16,True,,68.3,53.53,71.84,False,Stop Hit,31.01,977.72,1016.83,1083.07,True,False,False,2,
BOSCHLTD_RibbonNew_20260508,2026-05-08,RibbonNew,BOSCHLTD,Bosch Ltd.,38145.0,37750.0,38855.0,37650.0,30045,1.0,37030.91,36316.29,35421.92,35348.37,64.53,False,True,36.74,Consolidation,59.0,Moderate,15.5,16.0,5.0,5.0,8.0,4.5,5.0,2026-07-06,41,42125.0,10.43,3980.0,42125.0,10.43,35210.0,-7.69,True,,59.0,64.53,36.74,False,Completed,934.64,34453.35,39281.65,41959.5,False,True,True,38,
PIDILITIND_EMA21x50_20260511,2026-05-11,EMA21x50,PIDILITIND,Pidilite Industries Ltd.,1437.2,1468.5,1468.5,1432.0,922392,0.81,1419.16,1396.55,1395.69,1442.63,58.15,True,True,52.09,Consolidation,61.8,Moderate,11.3,16.0,9.0,9.0,7.0,6.5,3.0,2026-06-18,28,1581.1,10.01,143.9,1581.1,10.01,1432.0,-0.36,True,,61.8,58.15,52.09,False,Completed,32.17,1253.38,1577.62,1580.92,False,True,True,25,
HYUNDAI_EMA9x21_20260511,2026-05-11,EMA9x21,HYUNDAI,Hyundai Motor India Ltd.,1906.9,1853.1,1944.0,1850.5,4007044,4.06,1850.01,1846.83,1918.76,2089.06,56.92,True,True,33.86,Consolidation,70.0,Moderate,16.5,12.0,14.0,5.0,10.0,7.5,5.0,2026-05-13,2,1853.4,-2.81,-53.5,1944.0,1.95,1850.5,-2.96,True,,70.0,56.92,33.86,False,Stop Hit,48.67,1876.12,1974.08,2091.78,True,False,False,3,
HDFCLIFE_EMA9x21_20260511,2026-05-11,EMA9x21,HDFCLIFE,HDFC Life Insurance Company Ltd.,622.7,619.0,626.0,611.2,3739701,0.48,609.84,608.5,630.37,693.37,54.92,True,True,50.12,Consolidation,63.8,Moderate,13.8,12.0,9.0,8.0,8.5,7.5,5.0,2026-05-12,1,601.8,-3.36,-20.9,626.0,0.53,601.8,-3.36,True,,63.8,54.92,50.12,False,Stop Hit,14.76,614.72,696.07,784.68,True,False,False,2,
ADANIPOWER_PBtoEMA9_20260511,2026-05-11,PBtoEMA9,ADANIPOWER,Adani Power Ltd.,222.03,224.5,224.68,217.8,30551107,0.56,222.85,209.18,185.56,152.56,70.88,False,True,26.28,Consolidation,42.5,Low,12.5,14.0,4.0,4.0,3.0,2.0,3.0,2026-05-29,14,243.37,9.61,21.34,243.37,9.61,209.63,-5.58,True,,42.5,70.88,26.28,False,Completed,8.38,154.35,233.21,235.59,False,True,True,11,
POWERGRID_PBtoEMA21_20260511,2026-05-11,PBtoEMA21,POWERGRID,Power Grid Corporation of India Ltd.,310.9,313.95,314.05,309.95,8201996,0.98,315.22,313.09,304.6,287.44,49.26,False,True,65.59,Consolidation,52.1,Low,11.1,15.0,7.0,12.0,2.0,2.0,3.0,2026-05-22,9,294.3,-5.34,-16.6,314.05,1.01,294.3,-5.34,True,,52.1,49.26,65.59,False,Stop Hit,5.65,295.16,322.07,325.93,True,False,False,10,
TATASTEEL_PBtoEMA21_20260511,2026-05-11,PBtoEMA21,TATASTEEL,Tata Steel Ltd.,212.08,213.5,215.0,211.52,16296013,0.69,213.38,210.56,204.66,184.74,54.88,False,True,48.65,Bull: Distribution,49.8,Low,15.3,16.0,5.0,5.0,3.5,2.0,3.0,2026-05-13,2,219.62,3.56,7.54,219.62,3.56,211.52,-0.26,True,,49.8,54.88,48.65,False,Completed,4.09,207.9,213.79,218.94,False,True,True,3,
ONGC_EMA9x21_20260512,2026-05-12,EMA9x21,ONGC,Oil & Natural Gas Corporation Ltd.,294.5,286.9,299.9,286.85,52073550,2.71,287.37,286.43,279.52,255.64,58.43,False,True,26.81,Bull: Accumulation ✓ Vol Surge,58.2,Moderate,10.7,18.0,12.0,3.0,8.0,4.5,2.0,2026-05-22,8,290.0,-1.53,-4.5,300.9,2.17,286.85,-2.6,True,,58.2,58.43,26.81,False,Stop Hit,7.96,290.67,306.32,308.68,True,False,False,9,
ONGC_PBtoEMA21_20260512,2026-05-12,PBtoEMA21,ONGC,Oil & Natural Gas Corporation Ltd.,294.5,286.9,299.9,286.85,52073550,2.71,287.37,286.43,279.52,255.64,58.43,False,True,26.81,Bull: Accumulation ✓ Vol Surge,58.2,Moderate,10.7,18.0,12.0,3.0,8.0,4.5,2.0,2026-05-22,8,290.0,-1.53,-4.5,300.9,2.17,286.85,-2.6,True,,58.2,58.43,26.81,False,Stop Hit,7.96,290.67,306.32,308.68,True,False,False,9,
CIPLA_EMA21x50_20260513,2026-05-13,EMA21x50,CIPLA,Cipla Ltd.,1327.6,1279.1,1356.6,1274.7,6014286,2.77,1320.43,1302.06,1300.62,1394.57,56.74,True,True,20.8,Bear: Distribution ⚠ Vol Surge,58.0,Moderate,12.6,14.0,13.0,3.0,7.0,6.5,3.0,2026-05-14,1,1436.7,8.22,109.1,1436.7,8.22,1274.7,-3.98,True,,58.0,56.74,20.8,False,Completed,36.76,1320.66,1336.84,1386.16,False,True,True,2,
MAXHEALTH_EMA21x50_20260514,2026-05-14,EMA21x50,MAXHEALTH,Max Healthcare Institute Ltd.,1049.55,1025.2,1057.7,1025.15,1822110,1.01,1023.47,1010.79,1009.1,1058.72,63.29,True,True,54.79,Consolidation,70.0,Moderate,17.5,16.0,7.0,8.0,8.0,8.5,5.0,2026-05-22,6,1023.25,-2.51,-26.3,1091.1,3.96,1023.25,-2.51,True,,70.0,63.29,54.79,False,Stop Hit,27.55,1036.09,1055.91,1155.46,True,True,False,7,
INDHOTEL_EMA21x50_20260514,2026-05-14,EMA21x50,INDHOTEL,Indian Hotels Co. Ltd.,650.2,641.6,655.4,636.4,3221566,1.3,650.09,646.87,646.8,688.18,51.81,False,True,51.57,Consolidation,54.0,Low,10.0,16.0,9.0,8.0,3.5,4.5,3.0,2026-09-04,81,720.0,10.74,69.8,752.3,15.7,636.4,-2.12,True,,54.0,51.81,51.57,False,Active,17.6,644.78,662.12,792.63,False,True,False,78,
HDFCLIFE_EMA9x21_20260514,2026-05-14,EMA9x21,HDFCLIFE,HDFC Life Insurance Company Ltd.,612.55,603.85,614.5,602.5,3120321,0.42,608.23,607.89,627.6,690.78,50.88,True,True,64.52,Consolidation,49.4,Low,7.4,12.0,4.0,12.0,5.5,5.5,3.0,2026-06-02,13,579.9,-5.33,-32.65,616.6,0.66,579.9,-5.33,True,,49.4,50.88,64.52,False,Stop Hit,15.1,580.82,696.13,784.62,True,False,False,10,
BAJAJHLDNG_EMA21x50_20260515,2026-05-15,EMA21x50,BAJAJHLDNG,Bajaj Holdings & Investment Ltd.,10308.0,10305.0,10482.0,10229.0,21073,0.44,10317.75,10262.27,10261.26,11079.91,52.06,False,True,37.08,Bear: Distribution,47.2,Low,10.2,12.0,6.0,5.0,6.5,4.5,3.0,2026-06-04,14,10127.0,-1.76,-181.0,10483.0,1.7,10127.0,-1.76,True,,47.2,52.06,37.08,False,Stop Hit,314.71,10167.83,10433.67,12053.33,True,True,False,11,
BHARTIARTL_EMA9x21_20260515,2026-05-15,EMA9x21,BHARTIARTL,Bharti Airtel Ltd.,1905.4,1883.2,1922.9,1880.4,15806708,1.47,1837.19,1835.06,1858.8,1905.0,59.59,True,True,72.51,Consolidation,76.0,High,18.5,12.0,10.0,13.0,10.0,7.5,5.0,2026-09-04,80,1840.0,-3.43,-65.4,1992.1,4.55,1775.2,-6.83,True,,76.0,59.59,72.51,False,Active,47.3,1763.99,2081.01,2118.09,False,False,False,77,
ADANIPOWER_PBtoEMA9_20260515,2026-05-15,PBtoEMA9,ADANIPOWER,Adani Power Ltd.,221.33,229.0,229.0,213.78,60004429,1.25,220.3,211.93,190.29,155.1,62.48,False,True,15.87,Consolidation,51.7,Low,9.7,16.0,7.0,4.0,8.0,2.0,5.0,2026-05-29,10,243.37,9.96,22.04,243.37,9.96,213.78,-3.41,True,,51.7,62.48,15.87,False,Completed,9.67,184.09,233.01,235.79,False,True,True,7,
ADANIPOWER_PBtoEMA9_20260518,2026-05-18,PBtoEMA9,ADANIPOWER,Adani Power Ltd.,219.3,221.0,223.5,218.03,30188073,0.66,220.1,212.6,191.43,155.74,60.4,False,True,25.58,Consolidation,46.5,Low,8.5,15.0,4.0,5.0,7.0,2.0,5.0,2026-05-29,9,243.37,10.98,24.07,243.37,10.98,218.03,-0.58,True,,46.5,60.4,25.58,False,Completed,9.4,184.05,233.05,235.75,False,True,True,6,
CUMMINSIND_PBtoEMA21_20260518,2026-05-18,PBtoEMA21,CUMMINSIND,Cummins India Ltd.,5298.5,5360.0,5360.0,5228.5,275001,0.68,5299.29,5217.97,5001.14,4383.33,56.95,False,True,52.78,Bull: Accumulation ✓ Vol Surge,56.4,Moderate,14.4,17.0,5.0,6.0,7.0,2.0,5.0,2026-05-29,9,5881.0,10.99,582.5,5881.0,10.99,5228.5,-1.32,True,,56.4,56.95,52.78,False,Completed,124.68,4795.79,5449.71,5491.29,False,True,True,6,
ADANIENT_RibbonNew_20260518,2026-05-18,RibbonNew,ADANIENT,Adani Enterprises Ltd.,2689.8,2700.0,2710.0,2647.5,2033304,0.58,2577.44,2442.82,2286.37,2284.89,72.73,True,True,20.01,Consolidation,61.0,Moderate,12.5,16.0,9.0,4.0,8.0,6.5,5.0,2026-06-02,11,2968.1,10.35,278.3,2968.1,10.35,2647.5,-1.57,True,,61.0,72.73,20.01,False,Completed,96.81,2425.93,2708.96,2958.78,False,True,True,8,
HDFCLIFE_EMA9x21_20260519,2026-05-19,EMA9x21,HDFCLIFE,HDFC Life Insurance Company Ltd.,610.4,603.1,617.5,603.1,1778791,0.25,608.2,607.94,625.38,688.34,50.18,True,True,45.16,Consolidation,45.9,Low,10.9,12.0,4.0,4.0,6.5,5.5,3.0,2026-06-02,10,579.9,-5.0,-30.5,617.5,1.16,579.9,-5.0,True,,45.9,50.18,45.16,False,Stop Hit,15.07,580.76,696.19,784.56,True,False,False,7,
ADANIPOWER_PBtoEMA9_20260519,2026-05-19,PBtoEMA9,ADANIPOWER,Adani Power Ltd.,219.09,223.8,225.0,218.3,35935783,0.79,219.9,213.19,192.52,156.37,60.18,False,True,26.66,Consolidation,46.3,Low,11.3,15.0,4.0,4.0,5.0,2.0,5.0,2026-05-29,8,243.37,11.08,24.28,243.37,11.08,218.3,-0.36,True,,46.3,60.18,26.66,False,Completed,9.41,184.03,233.07,235.73,False,True,True,5,
ONGC_PBtoEMA21_20260519,2026-05-19,PBtoEMA21,ONGC,Oil & Natural Gas Corporation Ltd.,296.5,295.1,298.5,293.65,9565417,0.52,294.49,290.86,282.9,257.71,57.85,True,True,51.79,Bull: Accumulation ✓ Vol Surge,59.4,Moderate,9.9,18.0,6.0,7.0,7.0,6.5,5.0,2026-05-22,3,290.0,-2.19,-6.5,298.5,0.67,290.0,-2.19,True,,59.4,57.85,51.79,False,Stop Hit,7.75,294.09,306.41,308.59,True,False,False,4,
JINDALSTEL_PBtoEMA21_20260519,2026-05-19,PBtoEMA21,JINDALSTEL,Jindal Steel Ltd.,1226.3,1237.0,1237.7,1221.2,634461,0.47,1237.24,1236.59,1212.87,1107.84,48.39,False,True,53.4,Consolidation,44.2,Low,5.2,15.0,6.0,9.0,4.0,2.0,3.0,2026-05-21,2,1196.8,-2.41,-29.5,1237.7,0.93,1196.8,-2.41,True,,44.2,48.39,53.4,False,Stop Hit,33.32,1206.3,1279.2,1311.4,True,False,False,3,
VBL_RibbonNew_20260519,2026-05-19,RibbonNew,VBL,Varun Beverages Ltd.,514.8,511.9,518.85,509.3,5130156,1.1,505.46,494.16,473.43,472.6,64.12,False,True,66.12,Consolidation,66.7,Moderate,14.2,16.0,5.0,14.0,8.0,4.5,5.0,2026-06-23,25,504.3,-2.04,-10.5,544.05,5.68,504.3,-2.04,True,,66.7,64.12,66.12,False,Stop Hit,13.58,510.43,536.41,566.28,True,True,False,22,
SIEMENS_EMA9x21_20260520,2026-05-20,EMA9x21,SIEMENS,Siemens Ltd.,3696.4,3524.0,3705.0,3493.1,507075,1.1,3639.98,3638.03,3506.68,3297.7,54.67,False,True,26.33,Consolidation,55.0,Moderate,8.0,16.0,9.0,4.0,8.5,4.5,5.0,2026-08-04,54,4000.5,8.23,304.1,4000.5,8.23,3446.1,-6.77,True,,55.0,54.67,26.33,False,Completed,135.66,3405.04,3880.96,3950.04,False,True,True,51,
ADANIPOWER_PBtoEMA9_20260520,2026-05-20,PBtoEMA9,ADANIPOWER,Adani Power Ltd.,220.24,218.9,220.6,216.19,22500037,0.52,219.97,213.83,193.6,157.01,61.02,False,True,23.33,Consolidation,50.7,Low,12.2,16.0,4.0,4.0,5.0,4.5,5.0,2026-05-29,7,243.37,10.5,23.13,243.37,10.5,216.19,-1.84,True,,50.7,61.02,23.33,False,Completed,8.94,183.98,233.12,235.68,False,True,True,4,
ONGC_PBtoEMA21_20260520,2026-05-20,PBtoEMA21,ONGC,Oil & Natural Gas Corporation Ltd.,298.3,294.8,301.75,293.85,12133201,0.7,295.25,291.54,283.51,258.12,59.43,True,True,46.1,Bull: Accumulation ✓ Vol Surge,57.1,Moderate,11.6,18.0,6.0,3.0,7.0,6.5,5.0,2026-05-22,2,290.0,-2.78,-8.3,301.75,1.16,290.0,-2.78,True,,57.1,59.43,46.1,False,Stop Hit,7.76,294.09,303.86,308.59,True,False,False,3,
ZYDUSLIFE_RibbonNew_20260520,2026-05-20,RibbonNew,ZYDUSLIFE,Zydus Lifesciences Ltd.,1040.85,1066.15,1093.65,1038.05,13502602,5.55,988.83,958.56,933.53,931.3,70.41,True,True,19.35,Consolidation,68.5,Moderate,14.0,16.0,14.0,5.0,6.0,8.5,5.0,2026-05-29,7,1077.7,3.54,36.85,1093.65,5.07,1036.45,-0.42,True,,68.5,70.41,19.35,False,Completed,31.94,1030.21,1054.34,1063.76,False,True,True,4,
SIEMENS_RibbonNew_20260520,2026-05-20,RibbonNew,SIEMENS,Siemens Ltd.,3696.4,3524.0,3705.0,3493.1,507075,1.1,3639.98,3638.03,3506.68,3297.7,54.67,False,True,26.33,Consolidation,55.0,Moderate,8.0,16.0,9.0,4.0,8.5,4.5,5.0,2026-08-04,54,4000.5,8.23,304.1,4000.5,8.23,3446.1,-6.77,True,,55.0,54.67,26.33,False,Completed,135.66,3405.04,3880.96,3950.04,False,True,True,51,
HDFCLIFE_EMA9x21_20260521,2026-05-21,EMA9x21,HDFCLIFE,HDFC Life Insurance Company Ltd.,614.35,612.0,616.5,605.65,3625109,0.54,608.93,608.29,624.19,686.78,52.1,True,True,66.66,Consolidation,58.6,Moderate,12.6,12.0,4.0,11.0,8.5,7.5,3.0,2026-05-29,6,594.8,-3.18,-19.55,616.6,0.37,594.8,-3.18,True,,58.6,52.1,66.66,False,Stop Hit,14.41,596.29,631.54,696.31,True,False,False,3,
HDFCAMC_EMA9x21_20260521,2026-05-21,EMA9x21,HDFCAMC,HDFC Asset Management Company Ltd.,2727.9,2711.0,2774.2,2705.0,898730,1.08,2697.94,2695.46,2652.71,2594.22,53.57,False,True,50.68,Bear: Markdown ⚠ Vol Surge,55.4,Moderate,11.4,13.0,6.0,7.0,8.5,4.5,5.0,2026-06-02,8,2583.5,-5.29,-144.4,2774.2,1.7,2583.5,-5.29,True,,55.4,53.57,50.68,False,Stop Hit,85.59,2587.26,2980.09,3000.69,True,False,False,5,
ADANIPOWER_PBtoEMA9_20260521,2026-05-21,PBtoEMA9,ADANIPOWER,Adani Power Ltd.,219.33,222.3,226.4,218.5,34979428,0.86,219.84,214.33,194.61,157.63,59.94,False,True,25.73,Consolidation,51.0,Low,11.6,15.0,4.0,5.0,6.0,4.5,5.0,2026-05-29,6,243.37,10.96,24.04,243.37,10.96,218.5,-0.38,True,,51.0,59.94,25.73,False,Completed,8.85,183.97,233.13,235.67,False,True,True,3,
ONGC_PBtoEMA21_20260521,2026-05-21,PBtoEMA21,ONGC,Oil & Natural Gas Corporation Ltd.,295.85,296.65,299.6,294.15,13922593,0.81,295.37,291.93,283.99,258.49,56.33,True,True,61.33,Bull: Accumulation ✓ Vol Surge,61.8,Moderate,11.3,18.0,4.0,12.0,5.0,6.5,5.0,2026-05-22,1,290.0,-1.98,-5.85,299.6,1.27,290.0,-1.98,True,,61.8,56.33,61.33,False,Stop Hit,7.39,294.07,303.88,308.57,True,False,False,2,
HDFCAMC_RibbonNew_20260521,2026-05-21,RibbonNew,HDFCAMC,HDFC Asset Management Company Ltd.,2727.9,2711.0,2774.2,2705.0,898730,1.08,2697.94,2695.46,2652.71,2594.22,53.57,False,True,50.68,Bear: Markdown ⚠ Vol Surge,55.4,Moderate,11.4,13.0,6.0,7.0,8.5,4.5,5.0,2026-06-02,8,2583.5,-5.29,-144.4,2774.2,1.7,2583.5,-5.29,True,,55.4,53.57,50.68,False,Stop Hit,85.59,2587.26,2980.09,3000.69,True,False,False,5,
SBILIFE_EMA9x21_20260522,2026-05-22,EMA9x21,SBILIFE,SBI Life Insurance Company Ltd.,1870.7,1872.0,1893.0,1860.9,934400,1.04,1863.36,1862.97,1887.09,1891.11,50.9,True,True,41.56,Consolidation,54.5,Low,17.5,12.0,6.0,4.0,5.5,7.5,2.0,2026-06-11,14,1719.1,-8.1,-151.6,1893.0,1.19,1719.1,-8.1,True,,54.5,50.9,41.56,False,Stop Hit,35.17,1722.06,2135.08,2057.77,True,False,False,11,
ADANIPOWER_PBtoEMA9_20260522,2026-05-22,PBtoEMA9,ADANIPOWER,Adani Power Ltd.,219.32,220.5,222.47,219.0,17088147,0.46,219.74,214.79,195.58,158.24,59.92,False,True,30.89,Consolidation,48.4,Low,10.8,15.0,3.0,4.0,6.0,4.5,5.0,2026-05-29,5,243.37,10.97,24.05,243.37,10.97,219.0,-0.15,True,,48.4,59.92,30.89,False,Completed,8.23,154.38,233.18,235.62,False,True,True,2,
ONGC_PBtoEMA21_20260522,2026-05-22,PBtoEMA21,ONGC,Oil & Natural Gas Corporation Ltd.,290.0,295.8,296.8,289.4,11561117,0.69,294.3,291.76,284.23,258.81,49.69,False,True,59.89,Bull: Accumulation ✓ Vol Surge,44.7,Low,9.7,16.0,4.0,8.0,2.0,2.0,3.0,2026-05-29,5,265.4,-8.48,-24.6,296.8,2.34,265.4,-8.48,True,,44.7,49.69,59.89,False,Stop Hit,7.38,281.88,294.08,303.87,True,False,False,2,
LODHA_EMA21x50_20260529,2026-05-29,EMA21x50,LODHA,Lodha Developers Ltd.,938.1,923.65,969.0,923.6,9134166,3.7,906.39,894.38,892.36,1022.82,60.91,True,True,58.44,Consolidation,68.7,Moderate,11.2,16.0,11.0,12.0,8.0,8.5,2.0,2026-06-01,1,893.0,-4.81,-45.1,969.0,3.29,893.0,-4.81,True,,68.7,60.91,58.44,False,Stop Hit,33.08,908.87,1035.33,1061.07,True,False,False,2,
BANKBARODA_EMA9x21_20260529,2026-05-29,EMA9x21,BANKBARODA,Bank of Baroda,268.5,272.55,274.0,267.15,17623593,1.39,267.58,267.5,272.24,272.18,50.28,True,True,64.54,Consolidation,60.6,Moderate,12.6,12.0,8.0,12.0,5.5,5.5,5.0,2026-07-07,27,247.85,-7.69,-20.65,286.05,6.54,247.85,-7.69,True,,60.6,50.28,64.54,False,Stop Hit,6.33,248.0,287.25,292.25,True,False,False,28,
APOLLOHOSP_PBtoEMA21_20260529,2026-05-29,PBtoEMA21,APOLLOHOSP,Apollo Hospitals Enterprise Ltd.,8176.5,8176.5,8325.0,8146.0,1042178,2.05,8207.19,8066.66,7842.28,7489.16,58.48,True,True,68.5,Consolidation,60.6,Moderate,10.1,15.0,9.0,10.0,7.0,6.5,3.0,2026-06-01,1,8108.5,-0.83,-68.0,8325.0,1.82,8108.5,-0.83,True,,60.6,58.48,68.5,False,Stop Hit,164.86,8113.8,8585.33,8994.15,True,False,False,2,
ASIANPAINT_RibbonNew_20260529,2026-05-29,RibbonNew,ASIANPAINT,Asian Paints Ltd.,2671.6,2676.1,2748.2,2631.6,5061445,3.68,2636.36,2581.27,2504.51,2503.61,67.21,True,True,40.17,Bull: Accumulation,69.0,Moderate,16.5,18.0,12.0,3.0,8.0,6.5,5.0,2026-09-01,67,2575.5,-3.6,-96.1,2810.0,5.18,2575.5,-3.6,True,,69.0,67.21,40.17,False,Archived,63.24,2607.49,2736.45,2857.55,True,True,False,68,
TECHM_EMA21x50_20260601,2026-06-01,EMA21x50,TECHM,Tech Mahindra Ltd.,1543.2,1495.2,1562.5,1495.2,5243203,1.76,1465.68,1447.44,1446.77,1483.81,64.76,True,True,38.26,Consolidation,73.5,Moderate,18.0,16.0,12.0,4.0,10.0,8.5,5.0,2026-06-12,9,1429.2,-7.39,-114.0,1571.4,1.83,1429.2,-7.39,True,,73.5,64.76,38.26,False,Stop Hit,46.11,1457.86,1591.46,1619.87,True,False,False,10,
TATASTEEL_PBtoEMA21_20260601,2026-06-01,PBtoEMA21,TATASTEEL,Tata Steel Ltd.,210.57,210.0,211.4,206.5,23730405,0.67,211.22,211.31,207.91,188.54,49.61,False,True,44.37,Consolidation,35.6,Low,7.1,9.0,4.0,4.0,4.0,4.5,3.0,2026-06-05,4,206.77,-1.8,-3.8,211.89,0.63,206.5,-1.93,True,,35.6,49.61,44.37,False,Stop Hit,5.35,207.86,219.94,231.63,True,False,False,5,
INFY_EMA9x21_20260602,2026-06-02,EMA9x21,INFY,Infosys Ltd.,1270.8,1232.5,1278.9,1232.5,36030627,1.96,1191.6,1185.77,1228.58,1397.07,65.32,True,True,58.23,Consolidation,80.0,High,19.5,12.0,15.0,11.0,10.0,7.5,5.0,2026-06-04,2,1201.3,-5.47,-69.5,1278.9,0.64,1201.3,-5.47,True,,80.0,65.32,58.23,False,Stop Hit,32.91,1220.2,1340.1,1371.8,True,False,False,3,
BOSCHLTD_EMA9x21_20260602,2026-06-02,EMA9x21,BOSCHLTD,Bosch Ltd.,37220.0,36550.0,37500.0,35755.0,53211,1.1,36589.54,36512.28,35975.33,35535.44,55.97,False,True,39.44,Consolidation,62.8,Moderate,11.3,16.0,11.0,5.0,10.0,4.5,5.0,2026-07-02,22,41515.0,11.54,4295.0,41515.0,11.54,35755.0,-3.94,True,,62.8,55.97,39.44,False,Completed,1190.36,34435.75,40454.25,40942.0,False,True,True,23,
ADANIGREEN_PBtoEMA9_20260602,2026-06-02,PBtoEMA9,ADANIGREEN,Adani Green Energy Ltd.,1449.4,1445.0,1457.8,1408.5,4896780,1.1,1439.55,1380.52,1247.58,1087.14,66.48,False,True,39.94,Bull: Markup,52.0,Low,8.0,20.0,7.0,5.0,5.0,2.0,5.0,2026-06-05,3,1525.7,5.26,76.3,1525.7,5.26,1408.5,-2.82,True,,52.0,66.48,39.94,False,Completed,53.05,1211.37,1463.19,1478.81,False,True,True,4,
ADANIPOWER_PBtoEMA21_20260602,2026-06-02,PBtoEMA21,ADANIPOWER,Adani Power Ltd.,235.93,230.0,236.67,227.41,40485068,0.87,235.73,227.39,206.65,163.84,60.57,False,True,22.93,Consolidation,46.3,Low,10.3,16.0,5.0,5.0,5.0,2.0,3.0,2026-09-04,68,207.2,-12.18,-28.73,236.67,0.31,198.0,-16.08,True,,46.3,60.57,22.93,False,Active,8.99,184.03,247.73,259.52,False,False,False,69,
TATASTEEL_PBtoEMA21_20260602,2026-06-02,PBtoEMA21,TATASTEEL,Tata Steel Ltd.,210.6,209.01,213.46,208.57,29355804,0.86,211.09,211.24,208.01,188.76,49.66,False,True,48.99,Bull: Accumulation,39.1,Low,9.6,11.0,4.0,5.0,2.0,4.5,3.0,2026-06-05,3,206.77,-1.82,-3.83,213.46,1.36,206.77,-1.82,True,,39.1,49.66,48.99,False,Stop Hit,5.06,207.86,219.94,231.66,True,False,False,4,
BOSCHLTD_RibbonNew_20260602,2026-06-02,RibbonNew,BOSCHLTD,Bosch Ltd.,37220.0,36550.0,37500.0,35755.0,53211,1.1,36589.54,36512.28,35975.33,35535.44,55.97,False,True,39.44,Consolidation,62.8,Moderate,11.3,16.0,11.0,5.0,10.0,4.5,5.0,2026-07-02,22,41515.0,11.54,4295.0,41515.0,11.54,35755.0,-3.94,True,,62.8,55.97,39.44,False,Completed,1190.36,34435.75,40454.25,40942.0,False,True,True,23,
ADANIGREEN_PBtoEMA9_20260603,2026-06-03,PBtoEMA9,ADANIGREEN,Adani Green Energy Ltd.,1427.5,1450.0,1451.7,1396.0,2227329,0.52,1437.14,1384.79,1254.64,1090.53,62.05,False,True,17.98,Bull: Markup,45.7,Low,7.7,18.0,5.0,5.0,5.0,2.0,3.0,2026-06-05,2,1525.7,6.88,98.2,1525.7,6.88,1396.0,-2.21,True,,45.7,62.05,17.98,False,Completed,52.93,1211.4,1463.15,1478.85,False,True,True,3,
ADANIPOWER_PBtoEMA21_20260603,2026-06-03,PBtoEMA21,ADANIPOWER,Adani Power Ltd.,232.52,237.0,237.15,229.43,22591163,0.5,235.09,227.85,207.67,164.52,57.42,False,True,19.82,Consolidation,39.6,Low,7.6,15.0,4.0,3.0,5.0,2.0,3.0,2026-09-04,67,207.2,-10.89,-25.32,237.15,1.99,198.0,-14.85,True,,39.6,57.42,19.82,False,Active,8.7,184.02,235.72,252.88,False,False,False,68,
JINDALSTEL_PBtoEMA21_20260603,2026-06-03,PBtoEMA21,JINDALSTEL,Jindal Steel Ltd.,1211.3,1213.2,1218.9,1190.0,488988,0.52,1213.49,1220.66,1212.69,1118.74,46.48,False,True,29.5,Bull: Accumulation,39.5,Low,11.0,8.0,5.0,4.0,6.0,2.5,3.0,2026-06-08,3,1156.3,-4.54,-55.0,1218.9,0.63,1156.3,-4.54,True,,39.5,46.48,29.5,False,Stop Hit,28.31,1180.99,1250.39,1310.71,True,False,False,4,
BANKBARODA_EMA9x21_20260604,2026-06-04,EMA9x21,BANKBARODA,Bank of Baroda,271.3,267.5,272.2,266.35,16139902,1.37,268.2,267.81,271.52,271.99,54.05,True,True,55.11,Consolidation,63.5,Moderate,13.5,12.0,8.0,9.0,8.5,7.5,5.0,2026-07-07,23,247.85,-8.64,-23.45,286.05,5.44,247.85,-8.64,True,,63.5,54.05,55.11,False,Stop Hit,5.55,248.03,287.22,292.28,True,False,False,24,
CGPOWER_PBtoEMA9_20260604,2026-06-04,PBtoEMA9,CGPOWER,CG Power and Industrial Solutions Ltd.,937.9,915.0,951.0,906.75,8470363,2.02,905.44,876.11,821.32,731.41,68.1,True,True,32.67,Consolidation,67.5,Moderate,16.0,16.0,11.0,3.0,8.0,8.5,5.0,2026-09-04,66,891.0,-5.0,-46.9,976.5,4.12,826.1,-11.92,True,,67.5,68.1,32.67,False,Active,28.85,771.11,948.4,1031.69,False,True,False,67,
ADANIGREEN_PBtoEMA9_20260604,2026-06-04,PBtoEMA9,ADANIGREEN,Adani Green Energy Ltd.,1423.3,1428.0,1455.3,1418.3,2248271,0.6,1434.37,1388.29,1261.25,1093.84,61.2,False,True,25.04,Bull: Markup,46.1,Low,8.1,18.0,5.0,5.0,5.0,2.0,3.0,2026-06-05,1,1525.7,7.19,102.4,1525.7,7.19,1418.3,-0.35,True,,46.1,61.2,25.04,False,Completed,48.36,1211.24,1463.31,1478.69,False,True,True,2,
ADANIPOWER_PBtoEMA21_20260604,2026-06-04,PBtoEMA21,ADANIPOWER,Adani Power Ltd.,230.03,230.5,235.65,229.15,23464130,0.55,234.08,228.05,208.54,165.17,55.16,False,True,31.87,Consolidation,38.9,Low,5.9,15.0,5.0,3.0,5.0,2.0,3.0,2026-09-04,66,207.2,-9.92,-22.83,235.65,2.44,198.0,-13.92,True,,38.9,55.16,31.87,False,Active,8.08,184.0,233.1,235.7,False,True,False,67,
SOLARINDS_PBtoEMA9_20260605,2026-06-05,PBtoEMA9,SOLARINDS,Solar Industries India Ltd.,18441.0,18380.0,18745.0,18350.0,102565,0.57,18319.8,17712.6,16398.52,14420.77,67.13,False,True,38.27,Consolidation,52.5,Low,13.5,16.0,6.0,5.0,5.0,2.0,5.0,2026-06-10,3,17697.0,-4.03,-744.0,18745.0,1.65,17697.0,-4.03,True,,52.5,67.13,38.27,False,Stop Hit,446.79,17909.22,18624.78,18948.22,True,False,False,4,
JSWSTEEL_PBtoEMA9_20260605,2026-06-05,PBtoEMA9,JSWSTEEL,JSW Steel Ltd.,1284.0,1301.1,1309.8,1266.5,1617915,1.02,1296.62,1287.31,1260.84,1179.33,50.84,False,True,54.69,Consolidation,46.9,Low,10.4,15.0,5.0,8.0,3.5,2.0,3.0,2026-06-08,1,1260.7,-1.81,-23.3,1309.8,2.01,1260.7,-1.81,True,,46.9,50.84,54.69,False,Stop Hit,23.02,1274.3,1332.0,1412.4,True,False,False,2,
PFC_PBtoEMA21_20260605,2026-06-05,PBtoEMA21,PFC,Power Finance Corporation Ltd.,431.75,425.15,438.5,425.15,10802331,1.89,426.66,432.63,431.51,406.39,48.55,False,True,45.14,Consolidation,41.7,Low,6.2,9.0,11.0,4.0,7.0,2.5,2.0,2026-06-11,4,413.55,-4.22,-18.2,438.5,1.56,413.55,-4.22,True,,41.7,48.55,45.14,False,Stop Hit,10.03,425.3,441.89,445.76,True,False,False,5,
ADANIPOWER_PBtoEMA21_20260605,2026-06-05,PBtoEMA21,ADANIPOWER,Adani Power Ltd.,232.6,231.68,236.25,230.1,30835979,0.72,233.78,228.46,209.49,165.84,57.04,False,True,27.41,Consolidation,41.6,Low,7.6,15.0,5.0,4.0,5.0,2.0,3.0,2026-09-04,65,207.2,-10.92,-25.4,236.25,1.57,198.0,-14.88,True,,41.6,57.04,27.41,False,Active,8.13,183.97,235.67,252.93,False,False,False,66,
SOLARINDS_PBtoEMA9_20260608,2026-06-08,PBtoEMA9,SOLARINDS,Solar Industries India Ltd.,18114.0,18250.0,18498.0,18001.0,102207,0.62,18278.64,17749.1,16465.8,14457.52,60.69,False,True,44.44,Consolidation,47.0,Low,14.0,14.0,5.0,4.0,5.0,2.0,3.0,2026-06-10,2,17697.0,-2.3,-417.0,18498.0,2.12,17697.0,-2.3,True,,47.0,60.69,44.44,False,Stop Hit,440.86,17909.24,18624.76,18948.24,True,False,False,3,
ABB_PBtoEMA21_20260608,2026-06-08,PBtoEMA21,ABB,ABB India Ltd.,6958.0,7105.5,7129.5,6893.0,240643,0.59,7056.05,6955.46,6753.16,6071.79,51.37,True,True,43.84,Bull: Accumulation ✓ Vol Surge,52.5,Low,10.5,17.0,6.0,4.0,5.5,6.5,3.0,2026-06-17,7,7164.0,2.96,206.0,7164.0,2.96,6719.0,-3.43,True,,52.5,51.37,43.84,False,Completed,198.04,6277.39,7070.61,7133.39,False,True,True,8,
CUMMINSIND_PBtoEMA21_20260608,2026-06-08,PBtoEMA21,CUMMINSIND,Cummins India Ltd.,5610.5,5650.0,5740.5,5556.5,483820,0.78,5671.16,5535.21,5266.97,4542.78,55.41,True,True,54.31,Bull: Accumulation ✓ Vol Surge,52.5,Low,8.0,17.0,6.0,7.0,5.0,6.5,3.0,2026-08-19,52,5220.0,-6.96,-390.5,5865.0,4.54,5220.0,-6.96,True,,52.5,55.41,54.31,False,Stop Hit,197.11,5299.44,6073.26,6126.74,True,False,False,53,
PFC_PBtoEMA21_20260608,2026-06-08,PBtoEMA21,PFC,Power Finance Corporation Ltd.,428.4,426.2,435.4,425.2,6617652,1.12,427.01,432.25,431.39,406.61,46.48,False,True,54.91,Consolidation,42.2,Low,10.7,6.0,7.0,7.0,7.0,2.5,2.0,2026-06-11,3,413.55,-3.47,-14.85,435.6,1.68,413.55,-3.47,True,,42.2,46.48,54.91,False,Stop Hit,10.16,425.28,441.91,445.74,True,False,False,4,
CANBK_EMA9x21_20260609,2026-06-09,EMA9x21,CANBK,Canara Bank,137.51,131.4,137.8,131.4,57732050,1.77,133.09,132.51,134.73,133.34,57.47,True,True,46.94,Bear: Markdown,58.0,Moderate,16.0,9.0,10.0,6.0,10.0,7.5,2.0,2026-06-25,12,128.95,-6.23,-8.56,137.8,0.21,128.95,-6.23,True,,58.0,57.47,46.94,False,Stop Hit,4.01,129.51,138.37,142.08,True,False,False,13,
PNB_EMA9x21_20260609,2026-06-09,EMA9x21,PNB,Punjab National Bank,109.65,106.0,109.98,106.0,38215634,1.99,106.34,106.02,108.32,112.39,58.79,True,True,48.98,Bear: Distribution ⚠ Vol Surge,58.0,Moderate,23.0,10.0,12.0,7.0,10.0,7.5,5.0,2026-06-10,1,107.17,-2.26,-2.48,109.98,0.3,106.0,-3.33,True,,58.0,58.79,48.98,False,Stop Hit,2.36,109.05,125.5,127.4,True,False,False,2,
UNIONBANK_EMA9x21_20260609,2026-06-09,EMA9x21,UNIONBANK,Union Bank of India,170.44,165.64,170.96,165.31,16715832,1.18,166.61,166.58,169.74,162.04,55.32,True,True,53.26,Bear: Markdown,58.0,Moderate,18.5,9.0,9.0,11.0,10.0,7.5,2.0,2026-06-10,1,166.45,-2.34,-3.99,170.96,0.31,165.31,-3.01,True,,58.0,55.32,53.26,False,Stop Hit,4.5,168.03,184.22,187.48,True,False,False,2,
EICHERMOT_EMA9x21_20260609,2026-06-09,EMA9x21,EICHERMOT,Eicher Motors Ltd.,7203.0,7137.5,7299.0,7050.0,547049,0.93,7132.69,7129.84,7145.34,6886.71,53.25,False,True,45.03,Consolidation,52.0,Low,11.0,11.0,7.0,5.0,8.5,4.5,5.0,2026-06-30,15,7073.5,-1.8,-129.5,7639.5,6.06,7050.0,-2.12,True,,52.0,53.25,45.03,False,Stop Hit,179.25,7159.88,7498.88,7923.3,True,True,False,16,
SOLARINDS_PBtoEMA9_20260609,2026-06-09,PBtoEMA9,SOLARINDS,Solar Industries India Ltd.,18267.0,18293.0,18386.0,18147.0,93741,0.6,18276.31,17796.18,16536.43,14495.42,62.5,False,True,47.59,Consolidation,47.0,Low,14.0,14.0,3.0,4.0,7.0,2.0,3.0,2026-06-10,1,17697.0,-3.12,-570.0,18386.0,0.65,17697.0,-3.12,True,,47.0,62.5,47.59,False,Stop Hit,432.07,17906.85,18627.15,18945.85,True,False,False,2,
ABB_PBtoEMA21_20260609,2026-06-09,PBtoEMA21,ABB,ABB India Ltd.,6931.0,7000.0,7063.5,6908.0,254325,0.66,7031.04,6953.23,6760.13,6080.34,50.42,True,True,39.1,Bull: Accumulation ✓ Vol Surge,53.0,Low,11.0,17.0,6.0,4.0,5.5,6.5,3.0,2026-06-17,6,7164.0,3.36,233.0,7164.0,3.36,6719.0,-3.06,True,,53.0,50.42,39.1,False,Completed,183.11,6276.81,7071.19,7132.81,False,True,True,7,
PFC_PBtoEMA21_20260609,2026-06-09,PBtoEMA21,PFC,Power Finance Corporation Ltd.,435.6,430.3,438.0,429.7,5860365,0.98,428.73,432.55,431.55,406.9,51.29,True,True,43.1,Consolidation,51.7,Low,14.2,9.0,7.0,3.0,8.5,8.0,2.0,2026-06-11,2,413.55,-5.06,-22.05,438.0,0.55,413.55,-5.06,True,,51.7,51.29,43.1,False,Stop Hit,10.13,425.26,441.93,445.72,True,False,False,3,
ADANIPOWER_PBtoEMA21_20260609,2026-06-09,PBtoEMA21,ADANIPOWER,Adani Power Ltd.,226.14,229.77,229.88,224.0,26451048,0.62,230.98,228.04,210.76,167.03,51.24,False,True,33.41,Consolidation,40.2,Low,6.7,15.0,4.0,6.0,3.5,2.0,3.0,2026-09-04,63,207.2,-8.38,-18.94,233.78,3.38,198.0,-12.44,True,,40.2,51.24,33.41,False,Active,8.5,183.96,235.66,248.75,False,False,False,64,
AXISBANK_EMA9x21_20260610,2026-06-10,EMA9x21,AXISBANK,Axis Bank Ltd.,1314.5,1283.5,1326.5,1283.5,12262515,1.59,1281.58,1278.49,1282.7,1252.66,59.5,True,True,69.86,Consolidation,75.0,High,19.5,12.0,10.0,13.0,10.0,8.5,2.0,2026-06-24,10,1384.5,5.33,70.0,1384.5,5.33,1283.5,-2.36,True,,75.0,59.5,69.86,False,Completed,27.61,1307.21,1331.31,1380.19,False,True,True,11,
ICICIBANK_EMA9x21_20260610,2026-06-10,EMA9x21,ICICIBANK,ICICI Bank Ltd.,1293.3,1271.3,1306.0,1271.3,25949780,1.53,1264.16,1263.16,1278.51,1326.78,57.41,True,True,65.67,Consolidation,72.0,Moderate,16.5,12.0,11.0,13.0,10.0,7.5,2.0,2026-06-12,2,1340.8,3.67,47.5,1340.8,3.67,1271.3,-1.7,True,,72.0,57.41,65.67,False,Completed,26.59,1255.04,1305.74,1324.66,False,True,True,3,
KOTAKBANK_EMA9x21_20260610,2026-06-10,EMA9x21,KOTAKBANK,Kotak Mahindra Bank Ltd.,388.1,380.5,391.2,380.5,21427249,1.45,382.32,382.12,383.33,398.12,56.5,False,True,61.15,Consolidation,68.6,Moderate,16.1,12.0,10.0,11.0,10.0,4.5,5.0,2026-07-08,20,370.1,-4.64,-18.0,409.0,5.39,370.1,-4.64,True,,68.6,56.5,61.15,False,Stop Hit,7.57,376.73,392.03,454.47,True,True,False,21,
RECLTD_EMA9x21_20260610,2026-06-10,EMA9x21,RECLTD,REC Ltd.,348.8,352.0,354.8,347.8,4341630,0.73,341.96,341.91,344.76,356.31,55.19,True,True,51.98,Consolidation,60.5,Moderate,15.0,11.0,6.0,6.0,10.0,7.5,5.0,2026-09-04,62,318.7,-8.63,-30.1,374.9,7.48,313.6,-10.09,True,,60.5,55.19,51.98,False,Active,7.55,309.28,390.06,383.68,False,False,False,63,
ADANIPORTS_PBtoEMA9_20260610,2026-06-10,PBtoEMA9,ADANIPORTS,Adani Ports and Special Economic Zone Ltd.,1821.2,1826.0,1857.8,1812.2,2932621,1.41,1810.08,1779.81,1690.15,1521.02,61.5,False,True,41.98,Consolidation,59.0,Moderate,16.5,16.0,6.0,4.0,7.0,4.5,5.0,2026-09-04,62,1707.3,-6.25,-113.9,1883.2,3.4,1593.1,-12.52,True,,59.0,61.5,41.98,False,Active,39.06,1590.69,1849.49,2003.32,False,True,False,63,
ZYDUSLIFE_PBtoEMA9_20260610,2026-06-10,PBtoEMA9,ZYDUSLIFE,Zydus Lifesciences Ltd.,1098.3,1109.5,1119.8,1095.1,597998,0.35,1085.07,1051.05,996.82,950.64,70.28,False,True,44.76,Consolidation,54.0,Low,16.0,16.0,4.0,5.0,6.0,2.0,5.0,2026-06-29,13,1121.3,2.09,23.0,1121.3,2.09,1061.4,-3.36,True,,54.0,70.28,44.76,False,Completed,26.43,1053.14,1111.26,1119.74,False,True,True,14,
PFC_PBtoEMA21_20260610,2026-06-10,PBtoEMA21,PFC,Power Finance Corporation Ltd.,431.3,435.6,440.65,429.9,4359868,0.75,429.24,432.44,431.54,407.14,48.49,True,True,41.7,Consolidation,40.5,Low,12.0,6.0,6.0,3.0,5.0,6.5,2.0,2026-06-11,1,413.55,-4.12,-17.75,440.65,2.17,413.55,-4.12,True,,40.5,48.49,41.7,False,Stop Hit,10.02,425.25,441.94,445.71,True,False,False,2,
BANKBARODA_EMA9x21_20260611,2026-06-11,EMA9x21,BANKBARODA,Bank of Baroda,267.6,266.2,268.6,262.1,21060459,1.41,266.68,266.61,270.14,271.57,50.55,True,True,55.82,Consolidation,61.5,Moderate,11.5,12.0,10.0,12.0,8.5,5.5,2.0,2026-07-07,18,247.85,-7.38,-19.75,286.05,6.89,247.85,-7.38,True,,61.5,50.55,55.82,False,Stop Hit,7.13,247.9,269.15,296.8,True,True,False,19,
NESTLEIND_EMA9x21_20260611,2026-06-11,EMA9x21,NESTLEIND,Nestle India Ltd.,1422.5,1437.8,1445.0,1419.9,1538180,0.71,1412.43,1412.11,1383.54,1292.3,54.55,False,True,60.23,Consolidation,60.0,Moderate,12.0,16.0,5.0,12.0,8.5,4.5,2.0,2026-07-01,14,1453.8,2.2,31.3,1453.8,2.2,1374.7,-3.36,True,,60.0,54.55,60.23,False,Completed,27.54,1329.92,1439.73,1448.47,False,True,True,15,
ZYDUSLIFE_PBtoEMA9_20260611,2026-06-11,PBtoEMA9,ZYDUSLIFE,Zydus Lifesciences Ltd.,1105.9,1095.0,1110.4,1091.2,728145,0.44,1089.24,1056.03,1001.09,952.18,71.68,False,True,46.13,Consolidation,56.5,Moderate,17.5,16.0,4.0,5.0,7.0,2.0,5.0,2026-09-04,61,1120.0,1.27,14.1,1205.0,8.96,1061.4,-4.02,True,,56.5,71.68,46.13,False,Active,26.09,1053.04,1119.64,1216.49,False,True,False,62,
CUMMINSIND_PBtoEMA21_20260611,2026-06-11,PBtoEMA21,CUMMINSIND,Cummins India Ltd.,5557.0,5590.5,5709.5,5541.0,249598,0.41,5632.62,5550.11,5304.23,4573.94,52.74,False,True,42.63,Bull: Accumulation ✓ Vol Surge,40.8,Low,9.3,16.0,4.0,3.0,3.5,2.0,3.0,2026-08-19,49,5220.0,-6.06,-337.0,5865.0,5.54,5220.0,-6.06,True,,40.8,52.74,42.63,False,Stop Hit,196.07,5298.5,5843.2,5894.8,True,True,False,50,
INDIGO_EMA21x50_20260612,2026-06-12,EMA21x50,INDIGO,InterGlobe Aviation Ltd.,4709.7,4599.0,4725.0,4561.7,2530241,2.16,4527.16,4474.14,4468.72,4811.82,62.27,True,True,50.17,Bull: Markup,89.5,High,23.0,20.0,13.0,10.0,10.0,8.5,5.0,2026-06-18,4,5011.8,6.41,302.1,5011.8,6.41,4561.7,-3.14,True,,89.5,62.27,50.17,False,Completed,133.26,4654.14,4768.54,4987.56,False,True,True,5,
AXISBANK_EMA21x50_20260612,2026-06-12,EMA21x50,AXISBANK,Axis Bank Ltd.,1356.3,1332.0,1358.5,1318.5,8535383,1.04,1302.24,1288.77,1286.89,1254.33,67.37,True,True,69.37,Consolidation,83.5,High,20.0,16.0,10.0,14.0,10.0,8.5,5.0,2026-07-08,18,1309.5,-3.45,-46.8,1384.5,2.08,1309.5,-3.45,True,,83.5,67.37,69.37,False,Stop Hit,29.04,1331.48,1380.02,1422.78,True,True,False,19,
KOTAKBANK_EMA21x50_20260612,2026-06-12,EMA21x50,KOTAKBANK,Kotak Mahindra Bank Ltd.,403.3,397.75,404.5,394.95,17226635,1.13,388.28,384.98,384.49,398.13,67.47,True,True,65.39,Consolidation,76.5,High,19.0,16.0,8.0,10.0,10.0,8.5,5.0,2026-07-08,18,370.1,-8.23,-33.2,409.0,1.41,370.1,-8.23,True,,76.5,67.47,65.39,False,Stop Hit,8.29,376.63,454.57,443.63,True,False,False,19,
EICHERMOT_EMA21x50_20260612,2026-06-12,EMA21x50,EICHERMOT,Eicher Motors Ltd.,7312.0,7282.0,7354.5,7212.0,300253,0.53,7187.15,7157.24,7155.84,6897.08,57.49,True,True,38.45,Consolidation,63.5,Moderate,16.0,16.0,5.0,3.0,10.0,8.5,5.0,2026-08-03,36,8050.0,10.09,738.0,8050.0,10.09,7073.5,-3.26,True,,63.5,57.49,38.45,False,Completed,182.04,6617.18,7497.82,8043.2,False,True,True,37,
SBIN_EMA9x21_20260612,2026-06-12,EMA9x21,SBIN,State Bank of India,1017.15,1018.0,1018.7,1004.35,11072908,0.67,992.67,989.92,1013.46,987.22,58.76,True,True,52.38,Consolidation,65.5,Moderate,18.0,12.0,6.0,7.0,10.0,7.5,5.0,2026-08-06,39,1085.0,6.67,67.85,1085.0,6.67,1004.35,-1.26,True,,65.5,58.76,52.38,False,Completed,20.4,1002.35,1039.45,1060.95,False,True,True,40,
JSWSTEEL_EMA9x21_20260612,2026-06-12,EMA9x21,JSWSTEEL,JSW Steel Ltd.,1297.6,1298.0,1305.5,1285.1,1091544,0.71,1284.57,1283.12,1263.44,1183.98,55.68,False,True,52.83,Consolidation,55.8,Moderate,8.3,16.0,6.0,8.0,8.0,4.5,5.0,2026-09-04,60,1325.0,2.11,27.4,1341.0,3.34,1216.2,-6.27,True,,55.8,55.68,52.83,False,Active,26.6,1013.33,1332.07,1427.36,False,True,False,61,
UNIONBANK_EMA9x21_20260612,2026-06-12,EMA9x21,UNIONBANK,Union Bank of India,170.05,167.5,170.42,166.15,13367405,0.93,166.95,166.72,169.44,162.19,54.17,True,True,47.2,Bear: Markdown,55.5,Moderate,17.5,9.0,8.0,6.0,5.5,7.5,2.0,2026-07-03,15,163.09,-4.09,-6.96,176.62,3.86,163.09,-4.09,True,,55.5,54.17,47.2,False,Stop Hit,4.5,168.02,171.07,184.21,True,True,False,16,
RECLTD_EMA9x21_20260612,2026-06-12,EMA9x21,RECLTD,REC Ltd.,348.05,341.25,348.75,339.9,2632770,0.44,342.36,342.05,344.59,356.03,53.75,True,True,45.94,Consolidation,52.0,Low,16.0,12.0,5.0,3.0,5.5,7.5,3.0,2026-09-04,60,318.7,-8.43,-29.35,374.9,7.71,313.6,-9.9,True,,52.0,53.75,45.94,False,Active,8.41,309.19,390.15,382.85,False,False,False,61,
ZYDUSLIFE_PBtoEMA9_20260612,2026-06-12,PBtoEMA9,ZYDUSLIFE,Zydus Lifesciences Ltd.,1104.7,1113.2,1118.0,1101.7,872133,0.54,1092.33,1060.46,1005.16,953.7,71.11,False,True,46.91,Consolidation,52.0,Low,16.0,16.0,4.0,4.0,5.0,2.0,5.0,2026-06-29,11,1121.3,1.5,16.6,1121.3,1.5,1061.4,-3.92,True,,52.0,71.11,46.91,False,Completed,26.46,1052.92,1111.48,1119.52,False,True,True,12,
VBL_PBtoEMA9_20260612,2026-06-12,PBtoEMA9,VBL,Varun Beverages Ltd.,522.2,526.0,530.0,517.5,2335390,0.52,525.02,521.02,501.18,481.68,53.72,False,True,56.39,Consolidation,44.7,Low,12.2,15.0,3.0,6.0,3.5,2.0,3.0,2026-06-22,6,512.95,-1.77,-9.25,544.05,4.18,512.95,-1.77,True,,44.7,53.72,56.39,False,Stop Hit,12.09,513.5,546.4,574.42,True,False,False,7,
CUMMINSIND_PBtoEMA21_20260612,2026-06-12,PBtoEMA21,CUMMINSIND,Cummins India Ltd.,5621.5,5650.0,5663.5,5570.0,249002,0.4,5630.39,5556.6,5316.67,4584.36,55.36,False,True,48.25,Bull: Accumulation,48.9,Low,11.9,16.0,4.0,6.0,6.0,2.0,3.0,2026-08-19,48,5220.0,-7.14,-401.5,5865.0,4.33,5220.0,-7.14,True,,48.9,55.36,48.25,False,Stop Hit,197.71,5297.8,5843.9,5894.1,True,True,False,49,
AXISBANK_RibbonNew_20260612,2026-06-12,RibbonNew,AXISBANK,Axis Bank Ltd.,1356.3,1332.0,1358.5,1318.5,8535383,1.04,1302.24,1288.77,1286.89,1254.33,67.37,True,True,69.37,Consolidation,83.5,High,20.0,16.0,10.0,14.0,10.0,8.5,5.0,2026-07-08,18,1309.5,-3.45,-46.8,1384.5,2.08,1309.5,-3.45,True,,83.5,67.37,69.37,False,Stop Hit,29.04,1331.48,1380.02,1422.78,True,True,False,19,
EICHERMOT_RibbonNew_20260612,2026-06-12,RibbonNew,EICHERMOT,Eicher Motors Ltd.,7312.0,7282.0,7354.5,7212.0,300253,0.53,7187.15,7157.24,7155.84,6897.08,57.49,True,True,38.45,Consolidation,63.5,Moderate,16.0,16.0,5.0,3.0,10.0,8.5,5.0,2026-08-03,36,8050.0,10.09,738.0,8050.0,10.09,7073.5,-3.26,True,,63.5,57.49,38.45,False,Completed,182.04,6617.18,7497.82,8043.2,False,True,True,37,
JSWSTEEL_RibbonNew_20260612,2026-06-12,RibbonNew,JSWSTEEL,JSW Steel Ltd.,1297.6,1298.0,1305.5,1285.1,1091544,0.71,1284.57,1283.12,1263.44,1183.98,55.68,False,True,52.83,Consolidation,55.8,Moderate,8.3,16.0,6.0,8.0,8.0,4.5,5.0,2026-09-04,60,1325.0,2.11,27.4,1341.0,3.34,1216.2,-6.27,True,,55.8,55.68,52.83,False,Active,26.6,1013.33,1332.07,1427.36,False,True,False,61,
HYUNDAI_EMA21x50_20260615,2026-06-15,EMA21x50,HYUNDAI,Hyundai Motor India Ltd.,2030.1,2020.1,2059.0,2008.2,614821,0.25,1942.42,1906.73,1904.17,2044.14,69.46,True,True,41.41,Consolidation,61.0,Moderate,13.5,16.0,4.0,4.0,10.0,8.5,5.0,2026-06-16,1,1974.7,-2.73,-55.4,2059.0,1.42,1974.7,-2.73,True,,61.0,69.46,41.41,False,Stop Hit,58.94,2013.21,2091.49,2145.01,True,False,False,2,
CHOLAFIN_EMA9x21_20260615,2026-06-15,EMA9x21,CHOLAFIN,Cholamandalam Investment and Finance Company Ltd.,1653.6,1610.0,1664.0,1607.3,4372201,2.45,1532.59,1530.78,1547.58,1579.58,62.55,True,True,62.56,Consolidation,78.5,High,18.0,12.0,13.0,13.0,10.0,7.5,5.0,2026-07-06,15,1850.5,11.91,196.9,1850.5,11.91,1607.3,-2.8,True,,78.5,62.55,62.56,False,Completed,58.66,1394.3,1838.78,1818.96,False,True,True,16,
DLF_EMA9x21_20260615,2026-06-15,EMA9x21,DLF,DLF Ltd.,614.45,601.0,620.3,598.3,9305000,2.18,583.46,582.79,585.25,644.16,61.7,True,True,50.66,Consolidation,78.5,High,19.5,12.0,13.0,10.0,10.0,9.0,5.0,2026-07-10,19,685.75,11.6,71.3,685.75,11.6,598.3,-2.63,True,,78.5,61.7,50.66,False,Completed,17.4,610.57,663.53,682.17,False,True,True,20,
LT_EMA9x21_20260615,2026-06-15,EMA9x21,LT,Larsen & Toubro Ltd.,4169.8,4130.0,4214.9,4130.0,3977860,1.92,3994.05,3977.03,3959.04,3877.96,64.14,True,True,53.02,Consolidation,78.5,High,16.5,16.0,11.0,10.0,10.0,10.0,5.0,2026-07-08,17,3892.1,-6.66,-277.7,4216.4,1.12,3892.1,-6.66,True,,78.5,64.14,53.02,False,Stop Hit,83.85,3935.61,4241.59,4586.78,True,False,False,18,
BPCL_EMA9x21_20260615,2026-06-15,EMA9x21,BPCL,Bharat Petroleum Corporation Ltd.,310.6,315.0,316.75,308.75,15258775,1.69,296.76,296.61,302.37,317.31,59.74,True,True,55.7,Consolidation,70.0,Moderate,15.5,12.0,9.0,11.0,10.0,7.5,5.0,2026-09-04,59,315.7,1.64,5.1,329.95,6.23,300.8,-3.16,True,,70.0,59.74,55.7,False,Active,8.11,288.66,341.3,350.43,False,False,False,60,
MARUTI_EMA9x21_20260615,2026-06-15,EMA9x21,MARUTI,Maruti Suzuki India Ltd.,13805.0,13550.0,13961.0,13520.0,613233,1.37,13264.12,13195.29,13328.53,13986.05,65.95,True,True,43.14,Consolidation,67.5,Moderate,19.0,12.0,10.0,3.0,10.0,8.5,5.0,2026-06-30,11,14115.0,2.25,310.0,14115.0,2.25,13248.0,-4.03,True,,67.5,65.95,43.14,False,Completed,312.64,13013.43,13928.57,14105.43,False,True,True,12,
PNB_EMA9x21_20260615,2026-06-15,EMA9x21,PNB,Punjab National Bank,107.96,108.05,109.48,107.69,18977831,0.92,106.12,105.93,107.92,112.12,53.87,True,True,51.03,Bear: Distribution ⚠ Vol Surge,58.0,Moderate,16.5,10.0,6.0,10.0,8.5,7.5,5.0,2026-07-20,25,111.76,3.52,3.8,111.76,3.52,100.95,-6.49,True,,58.0,53.87,51.03,False,Completed,2.81,98.06,109.09,111.27,False,True,True,26,
LODHA_EMA9x21_20260615,2026-06-15,EMA9x21,LODHA,Lodha Developers Ltd.,920.85,919.5,942.95,917.7,2057291,0.92,891.92,890.36,890.67,1008.72,56.6,False,True,47.57,Consolidation,54.5,Low,12.0,12.0,6.0,8.0,10.0,4.5,2.0,2026-07-06,15,1095.9,19.01,175.05,1095.9,19.01,910.75,-1.1,True,,54.5,56.6,47.57,False,Completed,33.95,909.05,1035.15,1061.25,False,True,True,16,
MAXHEALTH_EMA9x21_20260615,2026-06-15,EMA9x21,MAXHEALTH,Max Healthcare Institute Ltd.,1028.9,1021.95,1032.0,1011.05,1311682,0.37,1005.33,1003.7,1006.86,1049.09,57.52,True,True,48.76,Consolidation,49.2,Low,10.7,11.0,4.0,4.0,10.0,7.5,2.0,2026-06-18,3,1090.45,5.98,61.55,1090.45,5.98,1011.05,-1.73,True,,49.2,57.52,48.76,False,Completed,25.36,998.03,1036.03,1055.97,False,True,True,4,
VBL_PBtoEMA9_20260615,2026-06-15,PBtoEMA9,VBL,Varun Beverages Ltd.,541.0,529.0,543.35,527.2,7594335,1.61,528.22,522.83,502.74,482.27,63.27,False,True,61.96,Consolidation,75.0,High,18.5,16.0,10.0,11.0,10.0,4.5,5.0,2026-06-18,3,531.55,-1.75,-9.45,544.05,0.56,527.2,-2.55,True,,75.0,63.27,61.96,False,Stop Hit,12.99,536.28,546.49,595.1,True,False,False,4,
ZYDUSLIFE_PBtoEMA9_20260615,2026-06-15,PBtoEMA9,ZYDUSLIFE,Zydus Lifesciences Ltd.,1088.1,1110.0,1112.1,1086.0,1138827,0.74,1091.48,1062.97,1008.41,955.04,63.58,False,True,47.36,Consolidation,50.5,Low,15.5,14.0,4.0,5.0,5.0,2.0,5.0,2026-08-12,42,1205.0,10.74,116.9,1205.0,10.74,1061.4,-2.45,True,,50.5,63.58,47.36,False,Completed,25.75,1052.91,1123.81,1196.91,False,True,True,43,
CUMMINSIND_PBtoEMA21_20260615,2026-06-15,PBtoEMA21,CUMMINSIND,Cummins India Ltd.,5754.0,5700.0,5787.5,5630.0,409780,0.65,5655.12,5574.55,5333.82,4596.0,60.25,False,True,41.45,Bull: Accumulation,55.4,Moderate,14.9,18.0,4.0,3.0,8.0,4.5,3.0,2026-08-19,47,5220.0,-9.28,-534.0,5865.0,1.93,5220.0,-9.28,True,,55.4,60.25,41.45,False,Stop Hit,203.71,5297.78,5843.92,5894.08,True,True,False,48,
LT_RibbonNew_20260615,2026-06-15,RibbonNew,LT,Larsen & Toubro Ltd.,4169.8,4130.0,4214.9,4130.0,3977860,1.92,3994.05,3977.03,3959.04,3877.96,64.14,True,True,53.02,Consolidation,78.5,High,16.5,16.0,11.0,10.0,10.0,10.0,5.0,2026-07-08,17,3892.1,-6.66,-277.7,4216.4,1.12,3892.1,-6.66,True,,78.5,64.14,53.02,False,Stop Hit,83.85,3935.61,4241.59,4586.78,True,False,False,18,
DLF_EMA21x50_20260616,2026-06-16,EMA21x50,DLF,DLF Ltd.,629.3,618.0,632.0,611.7,5390335,1.19,592.63,587.02,586.97,644.01,65.5,True,True,41.89,Consolidation,71.5,Moderate,16.0,16.0,11.0,5.0,10.0,8.5,5.0,2026-07-10,18,685.75,8.97,56.45,685.75,8.97,611.7,-2.8,True,,71.5,65.5,41.89,False,Completed,18.08,610.59,663.51,682.19,False,True,True,19,
LODHA_EMA21x50_20260616,2026-06-16,EMA21x50,LODHA,Lodha Developers Ltd.,937.95,925.95,939.9,916.45,826877,0.39,901.13,894.69,892.52,1008.01,59.47,True,True,33.27,Consolidation,60.0,Moderate,15.0,16.0,4.0,3.0,10.0,10.0,2.0,2026-07-06,14,1095.9,16.84,157.95,1095.9,16.84,910.75,-2.9,True,,60.0,59.47,33.27,False,Completed,34.73,908.94,1035.26,1061.14,False,True,True,15,
BAJFINANCE_EMA9x21_20260616,2026-06-16,EMA9x21,BAJFINANCE,Bajaj Finance Ltd.,959.65,946.0,963.9,946.0,9335562,0.78,913.46,909.16,913.83,930.11,62.78,True,True,63.42,Consolidation,72.0,Moderate,17.5,12.0,6.0,13.0,10.0,8.5,5.0,2026-07-21,25,1069.2,11.42,109.55,1069.2,11.42,946.0,-1.42,True,,72.0,62.78,63.42,False,Completed,25.44,942.54,993.19,1064.81,False,True,True,26,
SHRIRAMFIN_EMA9x21_20260616,2026-06-16,EMA9x21,SHRIRAMFIN,Shriram Finance Ltd.,1005.75,998.0,1010.05,992.05,4544591,0.69,948.97,942.15,954.01,889.21,62.25,True,True,61.97,Consolidation,70.0,Moderate,14.5,12.0,8.0,12.0,10.0,8.5,5.0,2026-08-03,34,1090.2,8.4,84.45,1090.2,8.4,992.05,-1.36,True,,70.0,62.25,61.97,False,Completed,29.8,980.19,1017.36,1082.54,False,True,True,35,
TITAN_EMA9x21_20260616,2026-06-16,EMA9x21,TITAN,Titan Company Ltd.,4338.0,4298.1,4344.0,4283.5,779590,0.79,4191.19,4176.02,4196.43,4009.66,59.14,True,True,45.98,Consolidation,68.5,Moderate,20.0,12.0,7.0,7.0,10.0,7.5,5.0,2026-07-28,30,4849.7,11.8,511.7,4849.7,11.8,4277.2,-1.4,True,,68.5,59.14,45.98,False,Completed,108.29,3945.56,4394.74,4771.8,False,True,True,31,
ABB_EMA9x21_20260616,2026-06-16,EMA9x21,ABB,ABB India Ltd.,7021.0,6955.0,7079.5,6939.0,366599,1.04,6927.52,6917.67,6776.79,6117.78,54.46,False,True,50.16,Bull: Accumulation ✓ Vol Surge,67.1,Moderate,15.1,18.0,6.0,10.0,8.5,4.5,5.0,2026-06-17,1,7164.0,2.04,143.0,7164.0,2.04,6939.0,-1.17,True,,67.1,54.46,50.16,False,Completed,173.75,6682.11,7072.89,7131.11,False,True,True,2,
IOC_EMA9x21_20260616,2026-06-16,EMA9x21,IOC,Indian Oil Corporation Ltd.,145.11,144.95,145.45,143.73,10245748,0.75,140.53,140.14,142.72,147.62,57.67,True,True,46.22,Consolidation,60.0,Moderate,13.5,12.0,6.0,6.0,10.0,7.5,5.0,2026-08-19,46,136.3,-6.07,-8.81,146.3,0.82,136.3,-6.07,True,,60.0,57.67,46.22,False,Stop Hit,3.47,136.36,154.19,159.66,True,False,False,47,
HDFCBANK_EMA9x21_20260616,2026-06-16,EMA9x21,HDFCBANK,HDFC Bank Ltd.,784.9,780.5,787.7,779.45,27818134,0.72,762.86,761.37,778.75,863.38,59.78,True,True,46.71,Bear: Distribution ⚠ Vol Surge,58.0,Moderate,17.5,10.0,6.0,5.0,10.0,7.5,5.0,2026-07-21,25,761.45,-2.99,-23.45,829.85,5.73,761.45,-2.99,True,,58.0,59.78,46.71,False,Stop Hit,15.56,764.76,814.51,936.59,True,True,False,26,
ASIANPAINT_PBtoEMA9_20260616,2026-06-16,PBtoEMA9,ASIANPAINT,Asian Paints Ltd.,2748.1,2741.0,2771.0,2735.0,962841,0.6,2711.93,2667.42,2582.12,2526.61,67.01,True,True,62.0,Bull: Distribution,73.6,Moderate,14.6,18.0,4.0,12.0,10.0,10.0,5.0,2026-06-22,4,2674.0,-2.7,-74.1,2771.0,0.83,2674.0,-2.7,True,,73.6,67.01,62.0,False,Stop Hit,62.97,2674.81,2769.69,2857.12,True,False,False,5,
ZYDUSLIFE_PBtoEMA9_20260616,2026-06-16,PBtoEMA9,ZYDUSLIFE,Zydus Lifesciences Ltd.,1078.7,1088.9,1091.6,1072.4,1049153,0.72,1088.93,1064.4,1011.17,956.27,59.73,False,True,61.62,Consolidation,52.1,Low,12.1,14.0,4.0,12.0,5.0,2.0,3.0,2026-07-03,13,1140.6,5.74,61.9,1140.6,5.74,1061.4,-1.6,True,,52.1,59.73,61.62,False,Completed,25.92,1052.83,1089.72,1123.73,False,True,True,14,
ADANIENSOL_PBtoEMA9_20260616,2026-06-16,PBtoEMA9,ADANIENSOL,Adani Energy Solutions Ltd.,1491.1,1498.0,1519.0,1475.5,1685808,0.58,1505.0,1475.16,1368.79,1115.65,55.44,False,True,31.33,Consolidation,44.8,Low,9.8,14.0,4.0,5.0,7.0,2.0,3.0,2026-07-07,15,1651.0,10.72,159.9,1651.0,10.72,1475.5,-1.05,True,,44.8,55.44,31.33,False,Completed,55.06,1472.59,1569.56,1623.74,False,True,True,16,
PIDILITIND_RibbonNew_20260616,2026-06-16,RibbonNew,PIDILITIND,Pidilite Industries Ltd.,1571.2,1587.0,1587.0,1552.6,382135,0.35,1520.82,1489.68,1454.37,1451.58,73.06,True,True,51.45,Bull: Markup,73.5,Moderate,15.0,20.0,9.0,8.0,8.0,8.5,5.0,2026-09-04,58,1629.5,3.71,58.3,1701.5,8.29,1552.6,-1.18,True,,73.5,73.06,51.45,False,Active,32.54,1288.18,1649.76,1728.32,False,True,False,59,
ABB_RibbonNew_20260616,2026-06-16,RibbonNew,ABB,ABB India Ltd.,7021.0,6955.0,7079.5,6939.0,366599,1.04,6927.52,6917.67,6776.79,6117.78,54.46,False,True,50.16,Bull: Accumulation ✓ Vol Surge,67.1,Moderate,15.1,18.0,6.0,10.0,8.5,4.5,5.0,2026-06-17,1,7164.0,2.04,143.0,7164.0,2.04,6939.0,-1.17,True,,67.1,54.46,50.16,False,Completed,173.75,6682.11,7072.89,7131.11,False,True,True,2,
ICICIBANK_EMA21x50_20260617,2026-06-17,EMA21x50,ICICIBANK,ICICI Bank Ltd.,1336.8,1342.0,1346.0,1333.4,8025909,0.44,1310.21,1289.22,1288.13,1327.01,63.96,True,True,58.61,Consolidation,63.5,Moderate,15.0,16.0,6.0,8.0,7.0,6.5,5.0,2026-07-20,23,1460.2,9.23,123.4,1460.2,9.23,1333.4,-0.25,True,,63.5,63.96,58.61,False,Completed,27.34,1305.72,1393.8,1446.12,False,True,True,24,
BAJAJHLDNG_EMA9x21_20260617,2026-06-17,EMA9x21,BAJAJHLDNG,Bajaj Holdings & Investment Ltd.,10500.0,10500.0,10598.0,10414.0,39318,0.85,10274.74,10269.89,10280.6,10921.98,56.06,True,True,56.5,Consolidation,68.3,Moderate,14.8,11.0,8.0,12.0,10.0,7.5,5.0,2026-09-04,57,11162.0,6.3,662.0,11644.0,10.9,10299.0,-1.91,True,,68.3,56.06,56.5,False,Active,284.71,9897.77,12048.23,12921.77,False,False,False,58,
M&M_EMA9x21_20260617,2026-06-17,EMA9x21,M&M,Mahindra & Mahindra Ltd.,3132.9,3145.0,3165.0,3090.0,3186699,0.81,3072.72,3071.52,3121.12,3259.78,55.2,True,True,64.93,Consolidation,64.0,Moderate,15.5,11.0,7.0,11.0,10.0,7.5,2.0,2026-07-31,32,3398.5,8.48,265.6,3398.5,8.48,3037.3,-3.05,True,,64.0,55.2,64.93,False,Completed,84.67,3020.94,3315.06,3383.64,False,True,True,33,
BHARTIARTL_EMA9x21_20260617,2026-06-17,EMA9x21,BHARTIARTL,Bharti Airtel Ltd.,1875.7,1853.0,1878.0,1841.5,7653406,0.76,1833.13,1832.37,1845.74,1891.97,58.55,True,True,66.44,Consolidation,63.2,Moderate,15.7,12.0,3.0,13.0,10.0,7.5,2.0,2026-09-04,57,1840.0,-1.9,-35.7,1992.1,6.21,1811.9,-3.4,True,,63.2,58.55,66.44,False,Active,37.8,1809.74,2130.56,2063.27,False,False,False,58,
JIOFIN_EMA9x21_20260617,2026-06-17,EMA9x21,JIOFIN,Jio Financial Services Ltd.,242.98,242.2,244.74,241.22,10006487,0.79,237.58,237.29,240.2,263.59,56.17,True,True,46.39,Consolidation,60.5,Moderate,16.0,12.0,6.0,7.0,10.0,7.5,2.0,2026-06-23,4,237.81,-2.13,-5.17,244.74,0.72,237.81,-2.13,True,,60.5,56.17,46.39,False,Stop Hit,5.79,240.14,244.56,257.84,True,False,False,5,
UNITDSPR_EMA9x21_20260617,2026-06-17,EMA9x21,UNITDSPR,United Spirits Ltd.,1308.0,1304.0,1309.9,1286.3,321845,0.43,1278.38,1277.17,1290.68,1338.34,58.4,True,True,49.24,Consolidation,59.5,Moderate,18.0,12.0,5.0,5.0,10.0,7.5,2.0,2026-07-07,14,1439.4,10.05,131.4,1439.4,10.05,1286.3,-1.66,True,,59.5,58.4,49.24,False,Completed,26.6,1206.81,1432.29,1438.8,False,True,True,15,
ETERNAL_EMA9x21_20260617,2026-06-17,EMA9x21,ETERNAL,Eternal Ltd.,258.4,254.0,262.5,253.2,33190918,1.07,249.95,248.84,249.22,263.79,58.16,True,True,41.6,Consolidation,58.5,Moderate,17.0,12.0,6.0,3.0,10.0,8.5,2.0,2026-07-01,10,279.7,8.24,21.3,279.7,8.24,253.2,-2.01,True,,58.5,58.16,41.6,False,Completed,8.33,241.46,266.59,276.56,False,True,True,11,
CANBK_EMA9x21_20260617,2026-06-17,EMA9x21,CANBK,Canara Bank,135.24,133.16,136.3,132.11,46024044,1.24,132.49,132.19,134.05,133.23,54.25,True,True,46.79,Bear: Markdown,55.5,Moderate,16.5,9.0,7.0,5.0,8.5,7.5,2.0,2026-06-19,2,133.74,-1.11,-1.5,136.3,0.78,132.11,-2.31,True,,55.5,54.25,46.79,False,Stop Hit,4.51,133.76,142.08,146.26,True,False,False,3,
CUMMINSIND_PBtoEMA9_20260617,2026-06-17,PBtoEMA9,CUMMINSIND,Cummins India Ltd.,5833.0,5758.0,5850.0,5725.0,338418,0.65,5701.63,5610.35,5368.08,4619.41,62.49,False,True,59.27,Bull: Accumulation,69.6,Moderate,17.1,18.0,4.0,11.0,10.0,4.5,5.0,2026-08-19,45,5220.0,-10.51,-613.0,5865.0,0.55,5220.0,-10.51,True,,69.6,62.49,59.27,False,Stop Hit,165.14,5296.81,5893.11,6075.89,True,False,False,46,
ASIANPAINT_PBtoEMA9_20260617,2026-06-17,PBtoEMA9,ASIANPAINT,Asian Paints Ltd.,2738.0,2764.0,2768.9,2732.5,556778,0.34,2717.14,2673.84,2588.23,2528.71,64.84,False,True,61.64,Bull: Markup,63.0,Moderate,14.0,20.0,5.0,10.0,7.0,2.0,5.0,2026-06-22,3,2674.0,-2.34,-64.0,2768.9,1.13,2674.0,-2.34,True,,63.0,64.84,61.64,False,Stop Hit,65.57,2674.55,2856.85,3011.8,True,False,False,4,
MOTHERSON_PBtoEMA9_20260617,2026-06-17,PBtoEMA9,MOTHERSON,Samvardhana Motherson International Ltd.,145.1,147.51,147.59,142.63,20550995,0.87,144.37,140.99,134.08,119.93,59.02,False,True,49.74,Bull: Markup,56.6,Moderate,13.6,20.0,6.0,4.0,6.0,2.0,5.0,2026-08-03,33,155.01,6.83,9.91,155.01,6.83,140.65,-3.07,True,,56.6,59.02,49.74,False,Completed,4.96,136.12,151.06,152.48,False,True,True,34,
ADANIENSOL_PBtoEMA9_20260617,2026-06-17,PBtoEMA9,ADANIENSOL,Adani Energy Solutions Ltd.,1491.0,1494.7,1496.3,1470.0,1270369,0.43,1502.2,1476.6,1373.58,1119.39,55.43,False,True,22.6,Consolidation,43.8,Low,9.8,14.0,4.0,5.0,6.0,2.0,3.0,2026-07-07,14,1651.0,10.73,160.0,1651.0,10.73,1470.0,-1.41,True,,43.8,55.43,22.6,False,Completed,56.94,1472.23,1569.92,1623.38,False,True,True,15,
BAJFINANCE_EMA21x50_20260618,2026-06-18,EMA21x50,BAJFINANCE,Bajaj Finance Ltd.,958.85,958.35,960.95,948.0,5749721,0.61,929.73,917.74,917.28,930.67,62.47,True,True,65.1,Consolidation,74.0,Moderate,15.5,16.0,6.0,13.0,10.0,8.5,5.0,2026-06-30,8,1004.75,4.79,45.9,1004.75,4.79,948.0,-1.13,True,,74.0,62.47,65.1,False,Completed,24.06,923.18,964.13,993.47,False,True,True,9,
CHOLAFIN_EMA21x50_20260618,2026-06-18,EMA21x50,CHOLAFIN,Cholamandalam Investment and Finance Company Ltd.,1688.9,1675.0,1692.0,1661.0,770641,0.43,1606.23,1568.66,1562.89,1582.64,65.15,True,True,57.29,Consolidation,72.0,Moderate,14.5,16.0,9.0,10.0,9.0,8.5,5.0,2026-07-06,12,1850.5,9.57,161.6,1850.5,9.57,1661.0,-1.65,True,,72.0,65.15,57.29,False,Completed,52.74,1657.54,1704.35,1837.9,False,True,True,13,
BAJAJHLDNG_EMA21x50_20260618,2026-06-18,EMA21x50,BAJAJHLDNG,Bajaj Holdings & Investment Ltd.,10676.0,10550.0,10705.0,10500.0,50168,1.18,10354.99,10306.81,10296.11,10919.53,59.78,True,True,49.25,Consolidation,70.0,Moderate,17.5,16.0,8.0,5.0,10.0,8.5,5.0,2026-09-04,56,11162.0,4.55,486.0,11644.0,9.07,10299.0,-3.53,True,,70.0,59.78,49.25,False,Active,274.36,9898.59,10749.59,12047.41,False,True,False,57,
ETERNAL_EMA21x50_20260618,2026-06-18,EMA21x50,ETERNAL,Eternal Ltd.,258.55,258.5,259.9,255.25,17924860,0.62,251.67,249.72,249.58,263.74,58.27,True,True,53.33,Consolidation,68.0,Moderate,13.5,16.0,6.0,12.0,10.0,8.5,2.0,2026-07-01,9,279.7,8.18,21.15,279.7,8.18,255.15,-1.32,True,,68.0,58.27,53.33,False,Completed,8.11,241.49,266.56,276.59,False,True,True,10,
TITAN_EMA21x50_20260618,2026-06-18,EMA21x50,TITAN,Titan Company Ltd.,4387.9,4380.0,4410.0,4333.1,562808,0.63,4260.82,4212.18,4210.88,4017.07,61.43,True,True,49.49,Consolidation,66.0,Moderate,15.5,16.0,6.0,5.0,10.0,8.5,5.0,2026-07-16,20,4625.8,5.42,237.9,4625.8,5.42,4277.2,-2.52,True,,66.0,61.43,49.49,False,Completed,105.86,4267.42,4589.42,4620.58,False,True,True,21,
RECLTD_EMA21x50_20260618,2026-06-18,EMA21x50,RECLTD,REC Ltd.,358.7,359.8,364.85,353.75,4640648,0.81,351.04,346.7,346.36,356.05,60.1,True,True,45.64,Consolidation,65.0,Moderate,17.5,16.0,3.0,5.0,10.0,8.5,5.0,2026-09-04,56,318.7,-11.15,-40.0,374.9,4.52,313.6,-12.57,True,,65.0,60.1,45.64,False,Active,9.07,309.25,390.1,394.57,False,False,False,57,
MAXHEALTH_EMA21x50_20260618,2026-06-18,EMA21x50,MAXHEALTH,Max Healthcare Institute Ltd.,1090.45,1028.7,1095.6,1026.5,6871147,2.49,1028.09,1014.97,1011.49,1049.03,69.68,True,True,37.78,Consolidation,64.5,Moderate,13.0,16.0,9.0,3.0,10.0,8.5,5.0,2026-06-29,7,1149.9,5.45,59.45,1149.9,5.45,1026.5,-5.86,True,,64.5,69.68,37.78,False,Completed,26.84,1024.81,1115.29,1136.01,False,True,True,8,
DIVISLAB_EMA9x21_20260618,2026-06-18,EMA9x21,DIVISLAB,Divi's Laboratories Ltd.,6767.0,6661.5,6781.5,6636.0,411890,1.16,6677.68,6665.78,6575.51,6355.79,56.49,False,True,65.85,Consolidation,72.9,Moderate,16.4,16.0,8.0,13.0,10.0,4.5,5.0,2026-07-29,29,7784.5,15.04,1017.5,7784.5,15.04,6545.5,-3.27,True,,72.9,56.49,65.85,False,Completed,147.29,6151.55,7061.4,7443.7,False,True,True,30,
SHREECEM_EMA9x21_20260618,2026-06-18,EMA9x21,SHREECEM,Shree Cement Ltd.,25410.0,25170.0,25470.0,24795.0,24779,0.78,24677.94,24620.68,24742.93,26116.89,60.46,True,True,57.7,Consolidation,66.0,Moderate,15.5,12.0,6.0,10.0,10.0,7.5,5.0,2026-08-24,47,24020.0,-5.47,-1390.0,27245.0,7.22,24020.0,-5.47,True,,66.0,60.46,57.7,False,Stop Hit,579.29,24078.42,28727.26,29253.43,True,False,False,48,
HDFCAMC_EMA9x21_20260618,2026-06-18,EMA9x21,HDFCAMC,HDFC Asset Management Company Ltd.,2728.2,2709.9,2735.0,2681.8,609867,0.6,2607.31,2601.85,2617.2,2594.13,59.2,True,True,60.0,Consolidation,65.5,Moderate,11.0,11.0,7.0,14.0,10.0,7.5,5.0,2026-09-04,56,2458.3,-9.89,-269.9,2800.2,2.64,2458.3,-9.89,True,,65.5,59.2,60.0,False,Active,81.64,2311.37,2978.88,3001.02,False,False,False,57,
DMART_EMA9x21_20260618,2026-06-18,EMA9x21,DMART,Avenue Supermarts Ltd.,4306.7,4300.0,4349.6,4287.1,433133,0.88,4167.75,4161.31,4180.82,4120.39,60.54,True,True,47.4,Consolidation,62.5,Moderate,17.0,12.0,7.0,4.0,10.0,7.5,5.0,2026-07-02,10,4187.0,-2.78,-119.7,4392.9,2.0,4187.0,-2.78,True,,62.5,60.54,47.4,False,Stop Hit,111.06,4219.51,4463.69,4546.91,True,False,False,11,
MAZDOCK_EMA9x21_20260618,2026-06-18,EMA9x21,MAZDOCK,Mazagoan Dock Shipbuilders Ltd.,2533.9,2561.0,2569.0,2516.1,838298,1.19,2466.84,2461.1,2470.29,2521.14,57.82,True,True,30.82,Consolidation,60.0,Moderate,13.5,12.0,7.0,5.0,10.0,7.5,5.0,2026-06-23,3,2506.7,-1.07,-27.2,2569.0,1.39,2506.7,-1.07,True,,60.0,57.82,30.82,False,Stop Hit,65.08,2514.21,2638.65,2686.07,True,False,False,4,
HINDUNILVR_EMA9x21_20260618,2026-06-18,EMA9x21,HINDUNILVR,Hindustan Unilever Ltd.,2218.5,2208.7,2221.6,2196.8,1120435,0.7,2175.62,2174.18,2197.98,2293.12,56.34,True,True,52.34,Consolidation,57.5,Moderate,15.0,12.0,4.0,7.0,10.0,7.5,2.0,2026-08-21,46,2015.0,-9.17,-203.5,2221.6,0.14,2015.0,-9.17,True,,57.5,56.34,52.34,False,Stop Hit,44.41,2015.56,2231.16,2494.94,True,False,False,47,
TVSMOTOR_EMA9x21_20260618,2026-06-18,EMA9x21,TVSMOTOR,TVS Motor Company Ltd.,3457.6,3459.9,3475.0,3447.0,349604,0.35,3403.98,3403.38,3462.19,3432.17,53.84,True,True,56.93,Consolidation,57.5,Moderate,16.5,11.0,7.0,7.0,6.5,7.5,2.0,2026-07-22,24,3907.6,13.01,450.0,3907.6,13.01,3440.6,-0.49,True,,57.5,53.84,56.93,False,Completed,77.24,3215.22,3743.15,3877.52,False,True,True,25,
MOTHERSON_PBtoEMA9_20260618,2026-06-18,PBtoEMA9,MOTHERSON,Samvardhana Motherson International Ltd.,144.68,145.1,145.46,142.61,15845387,0.84,144.44,141.32,134.49,120.18,58.26,False,True,55.44,Bull: Markup,61.8,Moderate,13.8,20.0,6.0,10.0,5.0,2.0,5.0,2026-08-03,32,155.01,7.14,10.33,155.01,7.14,140.65,-2.79,True,,61.8,58.26,55.44,False,Completed,4.33,136.1,149.21,152.46,False,True,True,33,
ADANIENT_PBtoEMA9_20260618,2026-06-18,PBtoEMA9,ADANIENT,Adani Enterprises Ltd.,3013.4,2952.0,3041.0,2938.0,1774128,0.92,2955.33,2885.56,2670.95,2414.21,67.66,False,True,36.42,Consolidation,61.0,Moderate,17.5,16.0,5.0,5.0,8.0,4.5,5.0,2026-09-04,56,2938.0,-2.5,-75.4,3212.1,6.59,2859.1,-5.12,True,,61.0,67.66,36.42,False,Active,80.08,2693.72,3039.62,3314.74,False,True,False,57,
ASIANPAINT_PBtoEMA9_20260618,2026-06-18,PBtoEMA9,ASIANPAINT,Asian Paints Ltd.,2755.0,2745.0,2765.0,2728.2,600836,0.46,2724.71,2681.22,2594.77,2530.96,66.79,False,True,52.37,Bull: Distribution,60.5,Moderate,15.0,18.0,4.0,6.0,8.0,4.5,5.0,2026-08-28,51,2608.7,-5.31,-146.3,2810.0,2.0,2608.7,-5.31,True,,60.5,66.79,52.37,False,Stop Hit,59.87,2616.52,2770.18,2856.62,True,True,False,52,
APOLLOHOSP_PBtoEMA9_20260618,2026-06-18,PBtoEMA9,APOLLOHOSP,Apollo Hospitals Enterprise Ltd.,8411.5,8438.5,8464.5,8387.0,304236,0.76,8411.84,8314.99,8082.33,7610.8,59.76,False,True,72.28,Consolidation,56.7,Moderate,13.7,14.0,4.0,13.0,5.0,2.0,5.0,2026-06-29,7,8655.0,2.89,243.5,8655.0,2.89,8387.0,-0.29,True,,56.7,59.76,72.28,False,Completed,153.54,8202.02,8601.98,8646.02,False,True,True,8,
ZYDUSLIFE_PBtoEMA9_20260618,2026-06-18,PBtoEMA9,ZYDUSLIFE,Zydus Lifesciences Ltd.,1074.4,1061.5,1082.5,1060.6,1319788,1.05,1081.62,1065.06,1015.54,958.48,57.05,False,True,56.38,Consolidation,45.0,Low,8.0,14.0,4.0,9.0,5.0,2.0,3.0,2026-07-03,11,1140.6,6.16,66.2,1140.6,6.16,1060.6,-1.28,True,,45.0,57.05,56.38,False,Completed,25.05,1052.77,1089.78,1123.67,False,True,True,12,
DIVISLAB_RibbonNew_20260618,2026-06-18,RibbonNew,DIVISLAB,Divi's Laboratories Ltd.,6767.0,6661.5,6781.5,6636.0,411890,1.16,6677.68,6665.78,6575.51,6355.79,56.49,False,True,65.85,Consolidation,72.9,Moderate,16.4,16.0,8.0,13.0,10.0,4.5,5.0,2026-07-29,29,7784.5,15.04,1017.5,7784.5,15.04,6545.5,-3.27,True,,72.9,56.49,65.85,False,Completed,147.29,6151.55,7061.4,7443.7,False,True,True,30,
TITAN_RibbonNew_20260618,2026-06-18,RibbonNew,TITAN,Titan Company Ltd.,4387.9,4380.0,4410.0,4333.1,562808,0.63,4260.82,4212.18,4210.88,4017.07,61.43,True,True,49.49,Consolidation,66.0,Moderate,15.5,16.0,6.0,5.0,10.0,8.5,5.0,2026-07-16,20,4625.8,5.42,237.9,4625.8,5.42,4277.2,-2.52,True,,66.0,61.43,49.49,False,Completed,105.86,4267.42,4589.42,4620.58,False,True,True,21,
BANKBARODA_EMA21x50_20260619,2026-06-19,EMA21x50,BANKBARODA,Bank of Baroda,281.05,281.95,282.5,278.1,4912949,0.31,276.29,272.06,272.01,271.99,60.81,True,True,40.94,Consolidation,58.5,Moderate,14.0,16.0,4.0,3.0,10.0,6.5,5.0,2026-07-07,12,247.85,-11.81,-33.2,286.05,1.78,247.85,-11.81,True,,58.5,60.81,40.94,False,Stop Hit,7.7,247.94,285.19,296.76,True,True,False,13,
SUNPHARMA_EMA9x21_20260619,2026-06-19,EMA9x21,SUNPHARMA,Sun Pharmaceutical Industries Ltd.,1838.3,1824.0,1842.7,1820.9,2126522,0.89,1813.9,1810.79,1796.17,1740.66,59.2,True,True,66.26,Bull: Accumulation ✓ Vol Surge,70.7,Moderate,15.2,18.0,3.0,11.0,10.0,8.5,5.0,2026-07-03,10,1904.8,3.62,66.5,1904.8,3.62,1820.9,-0.95,True,,70.7,59.2,66.26,False,Completed,25.47,1823.61,1847.61,1881.19,False,True,True,11,
IRFC_EMA9x21_20260619,2026-06-19,EMA9x21,IRFC,Indian Railway Finance Corporation Ltd.,99.51,99.01,100.8,98.84,13142098,1.32,98.08,97.92,99.39,109.7,54.42,True,True,48.11,Bull: Markup ⚠ Vol Contraction,68.5,Moderate,15.5,16.0,9.0,7.0,8.5,7.5,5.0,2026-06-24,3,92.5,-7.04,-7.01,100.9,1.4,92.5,-7.04,True,,68.5,54.42,48.11,False,Stop Hit,2.2,96.58,100.75,103.43,True,True,False,4,
HAL_EMA9x21_20260619,2026-06-19,EMA9x21,HAL,Hindustan Aeronautics Ltd.,4408.1,4411.5,4435.6,4385.7,834524,1.0,4332.79,4322.83,4301.11,4311.34,56.27,True,True,49.37,Bull: Accumulation,68.0,Moderate,16.5,18.0,7.0,6.0,10.0,8.5,2.0,2026-06-29,6,4342.8,-1.48,-65.3,4515.2,2.43,4342.8,-1.48,True,,68.0,56.27,49.37,False,Stop Hit,104.71,4366.24,5022.56,4848.91,True,False,False,7,
BEL_EMA9x21_20260619,2026-06-19,EMA9x21,BEL,Bharat Electronics Ltd.,426.9,427.9,431.6,424.55,10826419,0.92,416.95,416.3,421.64,410.63,58.1,True,True,50.05,Consolidation,64.0,Moderate,16.5,11.0,8.0,9.0,10.0,7.5,2.0,2026-07-30,29,384.9,-9.84,-42.0,431.6,1.1,384.9,-9.84,True,,64.0,58.1,50.05,False,Stop Hit,8.51,387.21,434.47,442.47,True,False,False,30,
SIEMENS_EMA9x21_20260619,2026-06-19,EMA9x21,SIEMENS,Siemens Ltd.,3759.6,3744.5,3776.1,3710.5,339755,0.88,3682.49,3672.67,3607.55,3371.94,57.01,True,True,42.97,Consolidation,62.3,Moderate,12.8,16.0,3.0,7.0,10.0,8.5,5.0,2026-07-08,13,3446.1,-8.34,-313.5,3776.1,0.44,3446.1,-8.34,True,,62.3,57.01,42.97,False,Stop Hit,85.82,3470.73,3884.77,3953.53,True,False,False,14,
SOLARINDS_EMA9x21_20260619,2026-06-19,EMA9x21,SOLARINDS,Solar Industries India Ltd.,18052.0,17775.0,18379.0,17696.0,283424,1.99,17663.61,17622.66,16785.32,14721.25,57.72,False,True,43.22,Consolidation,59.8,Moderate,12.3,16.0,11.0,6.0,8.0,4.5,2.0,2026-06-24,3,17864.0,-1.04,-188.0,18441.0,2.15,17696.0,-1.97,True,,59.8,57.72,43.22,False,Stop Hit,565.07,17916.37,18617.63,18851.37,True,False,False,4,
BAJAJFINSV_EMA9x21_20260619,2026-06-19,EMA9x21,BAJAJFINSV,Bajaj Finserv Ltd.,1769.4,1770.8,1774.0,1752.0,836657,0.81,1745.41,1743.18,1767.07,1874.3,53.96,True,True,60.89,Consolidation,59.7,Moderate,12.7,12.0,8.0,9.0,5.5,7.5,5.0,2026-07-02,9,1855.7,4.88,86.3,1855.7,4.88,1752.0,-0.98,True,,59.7,53.96,60.89,False,Completed,38.43,1657.02,1796.12,1823.28,False,True,True,10,
ADANIPOWER_EMA9x21_20260619,2026-06-19,EMA9x21,ADANIPOWER,Adani Power Ltd.,231.76,231.71,234.23,227.81,46102763,1.5,226.24,225.9,214.25,171.35,56.57,False,True,39.77,Consolidation,56.3,Moderate,12.8,16.0,8.0,5.0,8.0,4.5,2.0,2026-09-04,55,207.2,-10.6,-24.56,234.23,1.07,198.0,-14.57,True,,56.3,56.57,39.77,False,Active,7.46,154.35,233.21,235.59,False,True,False,56,
CUMMINSIND_PBtoEMA9_20260619,2026-06-19,PBtoEMA9,CUMMINSIND,Cummins India Ltd.,5865.0,5875.0,5908.0,5805.0,323497,0.85,5759.33,5653.97,5406.03,4644.01,63.57,True,True,53.15,Bull: Accumulation,71.1,Moderate,15.1,18.0,4.0,9.0,10.0,10.0,5.0,2026-07-03,10,5478.0,-6.6,-387.0,5908.0,0.73,5478.0,-6.6,True,,71.1,63.57,53.15,False,Stop Hit,137.46,5493.1,6077.4,6122.6,True,False,False,11,
APOLLOHOSP_PBtoEMA9_20260619,2026-06-19,PBtoEMA9,APOLLOHOSP,Apollo Hospitals Enterprise Ltd.,8489.5,8404.0,8521.0,8400.0,333580,0.82,8427.37,8330.85,8098.3,7619.54,63.47,False,True,61.68,Consolidation,64.5,Moderate,16.0,16.0,5.0,10.0,8.0,4.5,5.0,2026-06-29,6,8655.0,1.95,165.5,8655.0,1.95,8400.0,-1.05,True,,64.5,63.47,61.68,False,Completed,150.14,8201.74,8602.26,8645.74,False,True,True,7,
MOTHERSON_PBtoEMA9_20260619,2026-06-19,PBtoEMA9,MOTHERSON,Samvardhana Motherson International Ltd.,145.54,144.5,146.05,143.02,20247378,1.16,144.66,141.71,134.93,120.43,59.41,False,True,55.5,Bull: Markup,61.9,Moderate,13.9,20.0,7.0,9.0,5.0,2.0,5.0,2026-08-03,31,155.01,6.51,9.47,155.01,6.51,140.65,-3.36,True,,61.9,59.41,55.5,False,Completed,4.14,136.08,149.23,152.44,False,True,True,32,
GRASIM_PBtoEMA9_20260619,2026-06-19,PBtoEMA9,GRASIM,Grasim Industries Ltd.,3149.5,3135.1,3167.0,3130.0,534084,0.82,3129.77,3090.96,2990.88,2834.72,63.43,False,True,61.44,Consolidation,60.2,Moderate,13.6,16.0,5.0,10.0,6.0,4.5,5.0,2026-07-06,11,3213.0,2.02,63.5,3213.0,2.02,3080.2,-2.2,True,,60.2,63.43,61.44,False,Completed,57.73,3016.66,3188.14,3206.86,False,True,True,12,
ASIANPAINT_PBtoEMA9_20260619,2026-06-19,PBtoEMA9,ASIANPAINT,Asian Paints Ltd.,2732.9,2752.9,2752.9,2718.8,838925,0.69,2726.35,2685.92,2600.19,2532.97,61.98,False,True,62.9,Bull: Markup,59.7,Moderate,11.7,20.0,4.0,12.0,5.0,2.0,5.0,2026-08-28,50,2608.7,-4.54,-124.2,2810.0,2.82,2608.7,-4.54,True,,59.7,61.98,62.9,False,Stop Hit,51.59,2616.29,2856.39,2906.11,True,False,False,51,
ADANIGREEN_PBtoEMA9_20260619,2026-06-19,PBtoEMA9,ADANIGREEN,Adani Green Energy Ltd.,1502.4,1508.0,1527.0,1493.1,2962230,0.88,1485.75,1454.84,1343.2,1135.31,60.51,False,True,39.94,Bull: Distribution,59.0,Moderate,16.5,18.0,4.0,6.0,7.0,4.5,3.0,2026-06-22,1,1549.9,3.16,47.5,1549.9,3.16,1493.1,-0.62,True,,59.0,60.51,39.94,False,Completed,48.22,1210.76,1525.29,1539.71,False,True,True,2,
ADANIENSOL_PBtoEMA9_20260619,2026-06-19,PBtoEMA9,ADANIENSOL,Adani Energy Solutions Ltd.,1507.4,1530.0,1540.0,1496.9,2482039,0.87,1506.62,1483.26,1384.47,1127.23,56.74,False,True,46.31,Consolidation,53.2,Low,11.8,16.0,4.0,7.0,7.0,4.5,3.0,2026-07-07,12,1651.0,9.53,143.6,1651.0,9.53,1486.4,-1.39,True,,53.2,56.74,46.31,False,Completed,56.05,1472.07,1570.08,1623.22,False,True,True,13,
ZYDUSLIFE_PBtoEMA9_20260619,2026-06-19,PBtoEMA9,ZYDUSLIFE,Zydus Lifesciences Ltd.,1070.8,1074.4,1083.0,1065.0,887225,0.75,1079.45,1065.58,1017.71,959.6,55.72,False,True,57.3,Consolidation,47.9,Low,11.9,14.0,3.0,9.0,5.0,2.0,3.0,2026-07-03,10,1140.6,6.52,69.8,1140.6,6.52,1065.0,-0.54,True,,47.9,55.72,57.3,False,Completed,23.69,1052.69,1089.86,1123.59,False,True,True,11,
SUNPHARMA_RibbonNew_20260619,2026-06-19,RibbonNew,SUNPHARMA,Sun Pharmaceutical Industries Ltd.,1838.3,1824.0,1842.7,1820.9,2126522,0.89,1813.9,1810.79,1796.17,1740.66,59.2,True,True,66.26,Bull: Accumulation ✓ Vol Surge,70.7,Moderate,15.2,18.0,3.0,11.0,10.0,8.5,5.0,2026-07-03,10,1904.8,3.62,66.5,1904.8,3.62,1820.9,-0.95,True,,70.7,59.2,66.26,False,Completed,25.47,1823.61,1847.61,1881.19,False,True,True,11,
SIEMENS_RibbonNew_20260619,2026-06-19,RibbonNew,SIEMENS,Siemens Ltd.,3759.6,3744.5,3776.1,3710.5,339755,0.88,3682.49,3672.67,3607.55,3371.94,57.01,True,True,42.97,Consolidation,62.3,Moderate,12.8,16.0,3.0,7.0,10.0,8.5,5.0,2026-07-08,13,3446.1,-8.34,-313.5,3776.1,0.44,3446.1,-8.34,True,,62.3,57.01,42.97,False,Stop Hit,85.82,3470.73,3884.77,3953.53,True,False,False,14,
SOLARINDS_RibbonNew_20260619,2026-06-19,RibbonNew,SOLARINDS,Solar Industries India Ltd.,18052.0,17775.0,18379.0,17696.0,283424,1.99,17663.61,17622.66,16785.32,14721.25,57.72,False,True,43.22,Consolidation,59.8,Moderate,12.3,16.0,11.0,6.0,8.0,4.5,2.0,2026-06-24,3,17864.0,-1.04,-188.0,18441.0,2.15,17696.0,-1.97,True,,59.8,57.72,43.22,False,Stop Hit,565.07,17916.37,18617.63,18851.37,True,False,False,4,
BANKBARODA_RibbonNew_20260619,2026-06-19,RibbonNew,BANKBARODA,Bank of Baroda,281.05,281.95,282.5,278.1,4912949,0.31,276.29,272.06,272.01,271.99,60.81,True,True,40.94,Consolidation,58.5,Moderate,14.0,16.0,4.0,3.0,10.0,6.5,5.0,2026-07-07,12,247.85,-11.81,-33.2,286.05,1.78,247.85,-11.81,True,,58.5,60.81,40.94,False,Stop Hit,7.7,247.94,285.19,296.76,True,True,False,13,
ADANIPOWER_RibbonNew_20260619,2026-06-19,RibbonNew,ADANIPOWER,Adani Power Ltd.,231.76,231.71,234.23,227.81,46102763,1.5,226.24,225.9,214.25,171.35,56.57,False,True,39.77,Consolidation,56.3,Moderate,12.8,16.0,8.0,5.0,8.0,4.5,2.0,2026-09-04,55,207.2,-10.6,-24.56,234.23,1.07,198.0,-14.57,True,,56.3,56.57,39.77,False,Active,7.46,154.35,233.21,235.59,False,True,False,56,
CIPLA_EMA9x21_20260622,2026-06-22,EMA9x21,CIPLA,Cipla Ltd.,1415.7,1372.0,1418.2,1370.6,3368537,2.52,1377.67,1377.44,1360.02,1394.12,60.52,False,True,28.52,Consolidation,61.5,Moderate,14.0,16.0,11.0,3.0,8.0,4.5,5.0,2026-07-23,23,1393.0,-1.6,-22.7,1472.3,4.0,1370.6,-3.19,True,,61.5,60.52,28.52,False,Stop Hit,27.74,1396.3,1427.7,1494.6,True,True,False,24,
ADANIGREEN_PBtoEMA9_20260622,2026-06-22,PBtoEMA9,ADANIGREEN,Adani Green Energy Ltd.,1549.9,1509.0,1555.0,1490.5,2955438,0.92,1498.58,1463.49,1351.31,1139.44,65.45,False,True,30.81,Bull: Distribution,64.5,Moderate,20.0,18.0,4.0,5.0,8.0,4.5,5.0,2026-09-04,54,1301.3,-16.04,-248.6,1604.5,3.52,1214.9,-21.61,True,,64.5,65.45,30.81,False,Active,49.31,1210.93,1627.4,1704.89,False,False,False,55,
MOTHERSON_PBtoEMA9_20260622,2026-06-22,PBtoEMA9,MOTHERSON,Samvardhana Motherson International Ltd.,145.85,145.54,146.46,143.3,14978026,0.89,144.9,142.08,135.35,120.69,59.83,False,True,57.54,Bull: Markup,61.0,Moderate,12.0,20.0,5.0,11.0,6.0,2.0,5.0,2026-08-03,30,155.01,6.28,9.16,155.01,6.28,140.65,-3.57,True,,61.0,59.83,57.54,False,Completed,4.02,136.07,149.24,152.43,False,True,True,31,
ZYDUSLIFE_PBtoEMA9_20260622,2026-06-22,PBtoEMA9,ZYDUSLIFE,Zydus Lifesciences Ltd.,1085.5,1070.5,1088.2,1064.6,1103898,0.99,1080.66,1067.39,1020.36,960.85,59.83,False,True,59.19,Consolidation,58.8,Moderate,13.3,16.0,5.0,9.0,8.0,4.5,3.0,2026-08-12,37,1205.0,11.01,119.5,1205.0,11.01,1064.6,-1.93,True,,58.8,59.83,59.19,False,Completed,23.22,1062.82,1123.57,1194.05,False,True,True,38,
CUMMINSIND_PBtoEMA9_20260622,2026-06-22,PBtoEMA9,CUMMINSIND,Cummins India Ltd.,5764.0,5795.5,5795.5,5637.0,590832,1.58,5760.26,5663.97,5420.06,4655.15,57.6,False,True,52.12,Bull: Accumulation,55.7,Moderate,14.7,18.0,5.0,6.0,5.0,2.0,5.0,2026-08-19,42,5220.0,-9.44,-544.0,5795.5,0.55,5220.0,-9.44,True,,55.7,57.6,52.12,False,Stop Hit,142.5,5296.13,5845.57,5892.43,True,False,False,43,
GRASIM_PBtoEMA9_20260622,2026-06-22,PBtoEMA9,GRASIM,Grasim Industries Ltd.,3175.2,3157.1,3180.1,3128.2,368610,0.57,3138.85,3098.61,2998.11,2838.11,66.27,False,True,57.16,Consolidation,55.5,Moderate,13.0,16.0,3.0,7.0,7.0,4.5,5.0,2026-09-04,54,3322.0,4.62,146.8,3380.5,6.47,3072.9,-3.22,True,,55.5,66.27,57.16,False,Active,58.34,3016.55,3209.25,3492.72,False,True,False,55,
GAIL_RibbonNew_20260622,2026-06-22,RibbonNew,GAIL,GAIL (India) Ltd.,177.3,174.15,178.47,174.15,7610232,0.85,173.6,170.01,165.39,165.07,65.85,True,True,47.0,Consolidation,63.0,Moderate,17.5,16.0,5.0,3.0,8.0,8.5,5.0,2026-06-23,1,173.84,-1.95,-3.46,178.47,0.66,173.84,-1.95,True,,63.0,65.85,47.0,False,Stop Hit,4.03,174.59,181.84,195.03,True,False,False,2,
SHRIRAMFIN_RibbonNew_20260622,2026-06-22,RibbonNew,SHRIRAMFIN,Shriram Finance Ltd.,992.85,1003.95,1005.75,983.8,4286701,0.78,979.09,960.71,960.96,893.6,58.48,True,True,56.72,Bull: Markup,54.0,Low,9.5,16.0,4.0,6.0,7.0,6.5,5.0,2026-08-03,30,1090.2,9.81,97.35,1090.2,9.81,983.8,-0.91,True,,54.0,58.48,56.72,False,Completed,26.92,979.68,1017.87,1082.03,False,True,True,31,
DMART_EMA21x50_20260623,2026-06-23,EMA21x50,DMART,Avenue Supermarts Ltd.,4392.9,4311.0,4425.0,4306.0,556259,1.04,4254.09,4205.79,4198.62,4126.79,65.04,True,True,58.17,Consolidation,74.0,Moderate,17.5,16.0,8.0,9.0,10.0,8.5,5.0,2026-07-02,7,4187.0,-4.69,-205.9,4425.0,0.73,4187.0,-4.69,True,,74.0,65.04,58.17,False,Stop Hit,106.12,4220.05,4463.15,4547.45,True,False,False,8,
BHARTIARTL_EMA21x50_20260623,2026-06-23,EMA21x50,BHARTIARTL,Bharti Airtel Ltd.,1901.6,1907.6,1927.7,1896.7,5155828,0.77,1874.39,1854.41,1853.97,1892.33,60.95,True,True,63.25,Consolidation,66.0,Moderate,15.5,16.0,6.0,8.0,9.0,6.5,5.0,2026-09-04,53,1840.0,-3.24,-61.6,1992.1,4.76,1811.9,-4.72,True,,66.0,60.95,63.25,False,Active,35.23,1809.99,2006.61,2032.69,False,False,False,54,
MAZDOCK_EMA21x50_20260623,2026-06-23,EMA21x50,MAZDOCK,Mazagoan Dock Shipbuilders Ltd.,2506.7,2543.9,2563.9,2494.6,737662,1.02,2493.43,2476.23,2476.16,2521.18,53.63,True,True,31.05,Consolidation,58.5,Moderate,13.5,16.0,8.0,4.0,5.5,6.5,5.0,2026-09-04,53,2475.0,-1.26,-31.7,2625.0,4.72,2293.8,-8.49,True,,58.5,53.63,31.05,False,Active,62.7,2250.73,2524.23,2638.41,False,True,False,54,
DRREDDY_EMA21x50_20260623,2026-06-23,EMA21x50,DRREDDY,Dr. Reddy's Laboratories Ltd.,1301.3,1297.2,1329.5,1294.9,2878355,2.49,1282.19,1283.82,1283.43,1266.56,56.75,True,True,37.76,Consolidation,58.1,Moderate,12.6,9.0,12.0,3.0,10.0,6.5,5.0,2026-07-17,18,1211.2,-6.92,-90.1,1375.7,5.72,1211.2,-6.92,True,,58.1,56.75,37.76,False,Stop Hit,22.84,1215.06,1350.74,1431.43,True,True,False,19,
SHRIRAMFIN_EMA21x50_20260623,2026-06-23,EMA21x50,SHRIRAMFIN,Shriram Finance Ltd.,993.35,984.5,1007.7,984.5,2904135,0.56,981.94,963.68,962.23,894.59,58.59,True,True,47.82,Bull: Markup,55.5,Moderate,10.0,20.0,4.0,3.0,7.0,6.5,5.0,2026-08-03,29,1090.2,9.75,96.85,1090.2,9.75,984.5,-0.89,True,,55.5,58.59,47.82,False,Completed,26.65,979.63,1013.22,1081.98,False,True,True,30,
PFC_EMA21x50_20260623,2026-06-23,EMA21x50,PFC,Power Finance Corporation Ltd.,430.9,443.0,443.0,429.65,6122177,0.94,430.65,430.62,430.61,408.94,49.75,True,True,49.42,Consolidation,51.8,Low,12.4,16.0,8.0,3.0,5.0,5.5,2.0,2026-06-29,4,424.45,-1.5,-6.45,443.0,2.81,424.45,-1.5,True,,51.8,49.75,49.42,False,Stop Hit,11.63,425.27,438.92,445.73,True,False,False,5,
HDFCLIFE_EMA9x21_20260623,2026-06-23,EMA9x21,HDFCLIFE,HDFC Life Insurance Company Ltd.,597.45,598.9,605.0,594.2,3300824,1.24,585.18,584.77,599.44,666.28,55.7,True,True,53.04,Consolidation,62.0,Moderate,10.5,12.0,8.0,9.0,10.0,7.5,5.0,2026-06-30,5,575.85,-3.62,-21.6,605.0,1.26,575.85,-3.62,True,,62.0,55.7,53.04,False,Stop Hit,12.72,576.46,615.26,631.24,True,False,False,6,
PFC_EMA9x21_20260623,2026-06-23,EMA9x21,PFC,Power Finance Corporation Ltd.,430.9,443.0,443.0,429.65,6122177,0.94,430.65,430.62,430.61,408.94,49.75,True,True,49.42,Consolidation,51.8,Low,12.4,16.0,8.0,3.0,5.0,5.5,2.0,2026-06-29,4,424.45,-1.5,-6.45,443.0,2.81,424.45,-1.5,True,,51.8,49.75,49.42,False,Stop Hit,11.63,425.27,438.92,445.73,True,False,False,5,
ZYDUSLIFE_PBtoEMA9_20260623,2026-06-23,PBtoEMA9,ZYDUSLIFE,Zydus Lifesciences Ltd.,1112.2,1094.0,1124.5,1087.3,2428403,2.04,1086.97,1071.47,1023.97,962.35,66.01,False,True,39.18,Consolidation,63.0,Moderate,16.5,16.0,9.0,4.0,8.0,4.5,5.0,2026-09-04,53,1120.0,0.7,7.8,1205.0,8.34,1087.3,-2.24,True,,63.0,66.01,39.18,False,Active,23.71,1057.72,1123.72,1223.42,False,True,False,54,
ENRIN_PBtoEMA9_20260623,2026-06-23,PBtoEMA9,ENRIN,Siemens Energy India Ltd.,3793.6,3875.1,3909.9,3752.3,372254,0.85,3731.33,3620.75,3402.41,3071.69,60.91,True,True,51.34,Bull: Accumulation ✓ Vol Surge,61.1,Moderate,10.6,18.0,5.0,11.0,5.0,6.5,5.0,2026-06-25,2,3685.8,-2.84,-107.8,3909.9,3.07,3685.8,-2.84,True,,61.1,60.91,51.34,False,Stop Hit,141.14,3706.58,3946.02,3989.98,True,False,False,3,
GRASIM_PBtoEMA9_20260623,2026-06-23,PBtoEMA9,GRASIM,Grasim Industries Ltd.,3144.3,3185.0,3186.0,3126.1,705865,1.07,3139.94,3102.77,3003.85,2841.16,60.22,False,True,73.53,Consolidation,60.5,Moderate,10.5,16.0,6.0,14.0,7.0,2.0,5.0,2026-07-06,9,3213.0,2.18,68.7,3213.0,2.18,3080.2,-2.04,True,,60.5,60.22,73.53,False,Completed,58.7,3016.53,3188.27,3209.23,False,True,True,10,
CGPOWER_PBtoEMA9_20260623,2026-06-23,PBtoEMA9,CGPOWER,CG Power and Industrial Solutions Ltd.,950.5,965.0,966.0,946.0,2724600,0.74,945.58,922.06,868.28,756.24,62.05,False,True,57.8,Consolidation,58.5,Moderate,15.5,16.0,5.0,10.0,5.0,2.0,5.0,2026-07-03,8,892.55,-6.1,-57.95,976.5,2.74,892.55,-6.1,True,,58.5,62.05,57.8,False,Stop Hit,25.1,901.24,973.64,1045.55,True,True,False,9,
MOTHERSON_PBtoEMA9_20260623,2026-06-23,PBtoEMA9,MOTHERSON,Samvardhana Motherson International Ltd.,143.61,145.85,146.14,141.76,15407576,0.94,144.64,142.22,135.68,120.91,55.3,False,True,58.57,Bull: Markup,56.6,Moderate,11.6,18.0,6.0,9.0,5.0,2.0,5.0,2026-08-03,29,155.01,7.94,11.4,155.01,7.94,140.65,-2.06,True,,56.6,55.3,58.57,False,Completed,4.02,136.07,149.24,152.43,False,True,True,30,
ADANIGREEN_PBtoEMA9_20260623,2026-06-23,PBtoEMA9,ADANIGREEN,Adani Green Energy Ltd.,1511.2,1552.0,1557.0,1487.0,2884480,0.89,1501.11,1467.82,1357.58,1143.13,58.98,False,True,25.94,Bull: Distribution,53.7,Low,13.7,18.0,5.0,5.0,5.0,2.0,5.0,2026-07-02,7,1555.2,2.91,44.0,1557.0,3.03,1487.0,-1.6,True,,53.7,58.98,25.94,False,Completed,50.33,1211.16,1524.89,1540.11,False,True,True,8,
CUMMINSIND_PBtoEMA9_20260623,2026-06-23,PBtoEMA9,CUMMINSIND,Cummins India Ltd.,5735.5,5802.5,5838.0,5725.5,440161,1.16,5755.31,5670.48,5432.43,4665.9,56.0,False,True,51.03,Bull: Accumulation,52.1,Low,14.1,16.0,5.0,5.0,5.0,2.0,5.0,2026-08-19,41,5220.0,-8.99,-515.5,5838.0,1.79,5220.0,-8.99,True,,52.1,56.0,51.03,False,Stop Hit,143.96,5295.66,5846.04,5891.96,True,False,False,42,
HAL_RibbonNew_20260623,2026-06-23,RibbonNew,HAL,Hindustan Aeronautics Ltd.,4500.2,4533.9,4535.0,4446.7,1411001,1.65,4395.46,4354.85,4316.98,4315.23,60.96,True,True,55.73,Bull: Accumulation,76.5,High,15.0,18.0,9.0,11.0,10.0,8.5,5.0,2026-08-14,38,5029.9,11.77,529.7,5029.9,11.77,4342.8,-3.5,True,,76.5,60.96,55.73,False,Completed,106.19,4087.51,4524.97,5022.7,False,True,True,39,
DMART_RibbonNew_20260623,2026-06-23,RibbonNew,DMART,Avenue Supermarts Ltd.,4392.9,4311.0,4425.0,4306.0,556259,1.04,4254.09,4205.79,4198.62,4126.79,65.04,True,True,58.17,Consolidation,74.0,Moderate,17.5,16.0,8.0,9.0,10.0,8.5,5.0,2026-07-02,7,4187.0,-4.69,-205.9,4425.0,0.73,4187.0,-4.69,True,,74.0,65.04,58.17,False,Stop Hit,106.12,4220.05,4463.15,4547.45,True,False,False,8,
UNITDSPR_EMA21x50_20260624,2026-06-24,EMA21x50,UNITDSPR,United Spirits Ltd.,1359.1,1336.1,1362.7,1320.2,1388512,1.65,1322.5,1302.07,1300.06,1338.53,64.22,True,True,65.67,Consolidation,82.0,High,16.5,16.0,12.0,14.0,10.0,8.5,5.0,2026-07-28,24,1508.8,11.01,149.7,1508.8,11.01,1320.2,-2.86,True,,82.0,64.22,65.67,False,Completed,27.95,1206.33,1485.77,1495.01,False,True,True,25,
SHREECEM_EMA21x50_20260624,2026-06-24,EMA21x50,SHREECEM,Shree Cement Ltd.,26070.0,25540.0,26165.0,24955.0,59706,1.84,25094.73,24845.83,24826.65,26084.76,65.49,True,True,27.84,Consolidation,70.0,Moderate,18.5,16.0,9.0,3.0,10.0,8.5,5.0,2026-06-29,3,25145.0,-3.55,-925.0,26165.0,0.36,24955.0,-4.28,True,,70.0,65.49,27.84,False,Stop Hit,625.36,25294.81,26234.81,28729.03,True,False,False,4,
UNIONBANK_EMA21x50_20260624,2026-06-24,EMA21x50,UNIONBANK,Union Bank of India,174.83,175.02,176.0,174.1,13079226,1.01,173.54,170.9,170.8,163.12,58.34,True,True,56.65,Bear: Markdown,58.0,Moderate,15.5,13.0,6.0,9.0,7.0,6.5,5.0,2026-07-03,7,163.09,-6.72,-11.74,176.0,0.67,163.09,-6.72,True,,58.0,58.34,56.65,False,Stop Hit,4.16,172.41,184.11,192.31,True,False,False,8,
DRREDDY_EMA9x21_20260624,2026-06-24,EMA9x21,DRREDDY,Dr. Reddy's Laboratories Ltd.,1328.4,1310.0,1343.0,1306.2,3346337,2.52,1291.43,1287.87,1285.19,1267.18,64.53,True,True,40.45,Consolidation,74.5,Moderate,16.0,16.0,14.0,5.0,10.0,8.5,5.0,2026-07-17,17,1211.2,-8.82,-117.2,1375.7,3.56,1211.2,-8.82,True,,74.5,64.53,40.45,False,Stop Hit,23.92,1214.89,1350.91,1461.24,True,True,False,18,
ULTRACEMCO_EMA9x21_20260624,2026-06-24,EMA9x21,ULTRACEMCO,UltraTech Cement Ltd.,11430.0,11307.0,11479.0,11275.0,233039,0.78,11328.33,11315.81,11443.42,11727.36,53.06,True,True,59.85,Consolidation,50.0,Low,11.0,12.0,3.0,7.0,7.5,7.5,2.0,2026-06-30,4,11253.0,-1.55,-177.0,11489.0,0.52,11253.0,-1.55,True,,50.0,53.06,59.85,False,Stop Hit,207.79,11314.76,13129.76,12573.0,True,False,False,5,
ZYDUSLIFE_PBtoEMA9_20260624,2026-06-24,PBtoEMA9,ZYDUSLIFE,Zydus Lifesciences Ltd.,1099.3,1120.4,1126.0,1095.9,1490500,1.22,1089.44,1074.0,1026.92,963.72,61.12,False,True,49.53,Consolidation,61.5,Moderate,14.0,16.0,8.0,6.0,8.0,4.5,5.0,2026-07-03,7,1140.6,3.76,41.3,1140.6,3.76,1095.9,-0.31,True,,61.5,61.12,49.53,False,Completed,23.36,1057.76,1111.54,1123.76,False,True,True,8,
ADANIGREEN_PBtoEMA9_20260624,2026-06-24,PBtoEMA9,ADANIGREEN,Adani Green Energy Ltd.,1525.4,1509.9,1533.6,1492.1,1931571,0.6,1505.97,1473.06,1364.16,1146.94,60.52,False,True,26.78,Bull: Distribution,59.0,Moderate,16.5,18.0,5.0,4.0,6.0,4.5,5.0,2026-09-04,52,1301.3,-14.69,-224.1,1604.5,5.19,1214.9,-20.36,True,,59.0,60.52,26.78,False,Active,50.65,1211.06,1540.01,1677.94,False,True,False,53,
ENRIN_PBtoEMA9_20260624,2026-06-24,PBtoEMA9,ENRIN,Siemens Energy India Ltd.,3725.3,3792.6,3840.4,3636.0,542170,1.26,3730.13,3630.25,3415.07,3078.19,57.11,True,True,40.86,Bull: Accumulation ✓ Vol Surge,54.3,Low,10.8,17.0,5.0,5.0,5.0,6.5,5.0,2026-07-02,6,3549.5,-4.72,-175.8,3840.4,3.09,3549.5,-4.72,True,,54.3,57.11,40.86,False,Stop Hit,146.29,3567.11,3945.4,3990.6,True,False,False,7,
GRASIM_PBtoEMA9_20260624,2026-06-24,PBtoEMA9,GRASIM,Grasim Industries Ltd.,3127.9,3135.0,3142.7,3097.0,706787,1.1,3137.53,3105.05,3008.71,2844.01,57.23,False,True,61.44,Consolidation,53.2,Low,9.2,15.0,6.0,9.0,7.0,2.0,5.0,2026-07-06,8,3213.0,2.72,85.1,3213.0,2.72,3080.2,-1.52,True,,53.2,57.23,61.44,False,Completed,58.29,3043.98,3188.42,3209.08,False,True,True,9,
MOTHERSON_PBtoEMA9_20260624,2026-06-24,PBtoEMA9,MOTHERSON,Samvardhana Motherson International Ltd.,144.58,143.0,145.16,142.07,11313989,0.71,144.63,142.44,136.03,121.15,56.82,False,True,45.44,Bull: Markup,46.2,Low,9.2,18.0,4.0,3.0,5.0,2.0,5.0,2026-08-03,28,155.01,7.21,10.43,155.01,7.21,140.65,-2.72,True,,46.2,56.82,45.44,False,Completed,3.97,136.05,149.26,152.41,False,True,True,29,
DRREDDY_RibbonNew_20260624,2026-06-24,RibbonNew,DRREDDY,Dr. Reddy's Laboratories Ltd.,1328.4,1310.0,1343.0,1306.2,3346337,2.52,1291.43,1287.87,1285.19,1267.18,64.53,True,True,40.45,Consolidation,74.5,Moderate,16.0,16.0,14.0,5.0,10.0,8.5,5.0,2026-07-17,17,1211.2,-8.82,-117.2,1375.7,3.56,1211.2,-8.82,True,,74.5,64.53,40.45,False,Stop Hit,23.92,1214.89,1350.91,1461.24,True,True,False,18,
PFC_RibbonNew_20260624,2026-06-24,RibbonNew,PFC,Power Finance Corporation Ltd.,437.1,431.0,439.0,430.15,5503458,0.86,431.94,431.21,430.87,409.22,53.41,True,True,52.16,Consolidation,66.5,Moderate,17.5,16.0,6.0,9.0,8.5,7.5,2.0,2026-06-29,3,424.45,-2.89,-12.65,439.0,0.43,424.45,-2.89,True,,66.5,53.41,52.16,False,Stop Hit,11.34,425.24,445.7,477.3,True,False,False,4,
UNIONBANK_RibbonNew_20260624,2026-06-24,RibbonNew,UNIONBANK,Union Bank of India,174.83,175.02,176.0,174.1,13079226,1.01,173.54,170.9,170.8,163.12,58.34,True,True,56.65,Bear: Markdown,58.0,Moderate,15.5,13.0,6.0,9.0,7.0,6.5,5.0,2026-07-03,7,163.09,-6.72,-11.74,176.0,0.67,163.09,-6.72,True,,58.0,58.34,56.65,False,Stop Hit,4.16,172.41,184.11,192.31,True,False,False,8,
HDFCAMC_EMA21x50_20260625,2026-06-25,EMA21x50,HDFCAMC,HDFC Asset Management Company Ltd.,2649.7,2638.8,2691.8,2638.8,824772,0.92,2645.55,2627.28,2626.98,2597.95,52.03,True,True,57.86,Consolidation,49.1,Low,4.1,16.0,5.0,9.0,5.5,6.5,3.0,2026-07-21,18,2581.1,-2.59,-68.6,2800.2,5.68,2581.1,-2.59,True,,49.1,52.03,57.86,False,Stop Hit,70.68,2589.21,2675.71,2978.14,True,True,False,19,
M&M_EMA9x21_20260625,2026-06-25,EMA9x21,M&M,Mahindra & Mahindra Ltd.,3182.2,3090.0,3208.5,3086.0,5346613,1.69,3092.16,3081.75,3115.28,3250.08,59.08,True,True,53.64,Consolidation,62.0,Moderate,16.5,12.0,8.0,5.0,10.0,8.5,2.0,2026-07-31,26,3398.5,6.8,216.3,3398.5,6.8,3068.8,-3.56,True,,62.0,59.08,53.64,False,Completed,76.54,3021.14,3314.86,3383.84,False,True,True,27,
ADANIGREEN_PBtoEMA9_20260625,2026-06-25,PBtoEMA9,ADANIGREEN,Adani Green Energy Ltd.,1526.1,1534.8,1551.0,1518.6,2282373,0.86,1509.99,1477.88,1370.51,1150.71,60.6,False,True,21.59,Bull: Distribution,56.0,Moderate,16.5,18.0,4.0,3.0,5.0,4.5,5.0,2026-09-04,51,1301.3,-14.73,-224.8,1604.5,5.14,1214.9,-20.39,True,,56.0,60.6,21.59,False,Active,45.34,1210.87,1539.82,1678.71,False,True,False,52,
CGPOWER_PBtoEMA9_20260625,2026-06-25,PBtoEMA9,CGPOWER,CG Power and Industrial Solutions Ltd.,942.1,919.45,948.95,919.45,3214481,0.99,940.7,923.67,873.11,759.69,57.55,False,True,48.7,Consolidation,46.5,Low,11.5,16.0,6.0,3.0,5.0,2.0,3.0,2026-07-03,6,892.55,-5.26,-49.55,976.5,3.65,892.55,-5.26,True,,46.5,57.55,48.7,False,Stop Hit,25.12,901.42,973.82,1036.31,True,True,False,7,
ENRIN_PBtoEMA9_20260625,2026-06-25,PBtoEMA9,ENRIN,Siemens Energy India Ltd.,3685.8,3744.9,3796.7,3667.2,346226,0.81,3721.26,3635.3,3425.69,3084.24,54.97,False,True,48.95,Bull: Accumulation ✓ Vol Surge,40.1,Low,3.6,17.0,4.0,5.0,5.5,2.0,3.0,2026-07-02,5,3549.5,-3.7,-136.3,3796.7,3.01,3549.5,-3.7,True,,40.1,54.97,48.95,False,Stop Hit,145.25,3567.33,3706.97,3945.63,True,False,False,6,
CGPOWER_PBtoEMA21_20260625,2026-06-25,PBtoEMA21,CGPOWER,CG Power and Industrial Solutions Ltd.,942.1,919.45,948.95,919.45,3214481,0.99,940.7,923.67,873.11,759.69,57.55,False,True,48.7,Consolidation,46.5,Low,11.5,16.0,6.0,3.0,5.0,2.0,3.0,2026-07-03,6,892.55,-5.26,-49.55,976.5,3.65,892.55,-5.26,True,,46.5,57.55,48.7,False,Stop Hit,25.12,901.42,973.82,1036.31,True,True,False,7,
CHOLAFIN_RibbonNew_20260625,2026-06-25,RibbonNew,CHOLAFIN,Cholamandalam Investment and Finance Company Ltd.,1799.2,1807.0,1816.6,1785.9,3949604,1.96,1708.68,1637.97,1596.51,1590.63,73.61,True,True,72.02,Consolidation,78.0,High,14.5,16.0,12.0,14.0,8.0,8.5,5.0,2026-06-29,2,1774.0,-1.4,-25.2,1816.6,0.97,1774.0,-1.4,True,,78.0,73.61,72.02,False,Stop Hit,48.46,1787.95,1822.85,1837.41,True,False,False,3,
HDFCAMC_RibbonNew_20260625,2026-06-25,RibbonNew,HDFCAMC,HDFC Asset Management Company Ltd.,2649.7,2638.8,2691.8,2638.8,824772,0.92,2645.55,2627.28,2626.98,2597.95,52.03,True,True,57.86,Consolidation,49.1,Low,4.1,16.0,5.0,9.0,5.5,6.5,3.0,2026-07-21,18,2581.1,-2.59,-68.6,2800.2,5.68,2581.1,-2.59,True,,49.1,52.03,57.86,False,Stop Hit,70.68,2589.21,2675.71,2978.14,True,True,False,19,
HDFCAMC_EMA21x50_20260626,2026-06-26,EMA21x50,HDFCAMC,HDFC Asset Management Company Ltd.,2649.7,2638.8,2691.8,2638.8,824774,0.92,2645.55,2627.28,2626.98,2597.95,52.03,True,True,57.86,Consolidation,47.1,Low,4.1,16.0,5.0,7.0,5.5,6.5,3.0,2026-07-21,17,2581.1,-2.59,-68.6,2800.2,5.68,2581.1,-2.59,True,,47.1,52.03,57.86,False,Stop Hit,70.68,2589.21,2675.71,2978.14,True,True,False,18,
M&M_EMA9x21_20260626,2026-06-26,EMA9x21,M&M,Mahindra & Mahindra Ltd.,3182.2,3090.0,3208.5,3086.0,5346892,1.69,3092.16,3081.75,3115.28,3250.08,59.08,True,True,53.64,Consolidation,62.0,Moderate,16.5,12.0,8.0,5.0,10.0,8.5,2.0,2026-07-31,25,3398.5,6.8,216.3,3398.5,6.8,3068.8,-3.56,True,,62.0,59.08,53.64,False,Completed,76.54,3021.14,3314.86,3383.84,False,True,True,26,
ADANIGREEN_PBtoEMA9_20260626,2026-06-26,PBtoEMA9,ADANIGREEN,Adani Green Energy Ltd.,1526.1,1534.8,1551.0,1518.6,2282406,0.86,1509.99,1477.88,1370.51,1150.71,60.6,False,True,21.59,Bull: Distribution,56.0,Moderate,16.5,18.0,4.0,3.0,5.0,4.5,5.0,2026-09-04,50,1301.3,-14.73,-224.8,1604.5,5.14,1214.9,-20.39,True,,56.0,60.6,21.59,False,Active,45.34,1210.87,1539.82,1678.71,False,True,False,51,
CGPOWER_PBtoEMA9_20260626,2026-06-26,PBtoEMA9,CGPOWER,CG Power and Industrial Solutions Ltd.,942.1,919.45,948.95,919.45,3215230,0.99,940.7,923.67,873.11,759.69,57.55,False,True,48.7,Consolidation,47.5,Low,11.5,16.0,6.0,4.0,5.0,2.0,3.0,2026-07-03,5,892.55,-5.26,-49.55,976.5,3.65,892.55,-5.26,True,,47.5,57.55,48.7,False,Stop Hit,25.12,901.42,973.82,1036.31,True,True,False,6,
ENRIN_PBtoEMA9_20260626,2026-06-26,PBtoEMA9,ENRIN,Siemens Energy India Ltd.,3685.8,3744.9,3796.7,3667.2,346275,0.81,3721.26,3635.3,3425.69,3084.24,54.97,False,True,48.95,Bull: Accumulation ✓ Vol Surge,42.1,Low,3.6,17.0,4.0,7.0,5.5,2.0,3.0,2026-07-02,4,3549.5,-3.7,-136.3,3796.7,3.01,3549.5,-3.7,True,,42.1,54.97,48.95,False,Stop Hit,145.25,3567.33,3706.97,3945.63,True,False,False,5,
CGPOWER_PBtoEMA21_20260626,2026-06-26,PBtoEMA21,CGPOWER,CG Power and Industrial Solutions Ltd.,942.1,919.45,948.95,919.45,3215230,0.99,940.7,923.67,873.11,759.69,57.55,False,True,48.7,Consolidation,47.5,Low,11.5,16.0,6.0,4.0,5.0,2.0,3.0,2026-07-03,5,892.55,-5.26,-49.55,976.5,3.65,892.55,-5.26,True,,47.5,57.55,48.7,False,Stop Hit,25.12,901.42,973.82,1036.31,True,True,False,6,
CHOLAFIN_RibbonNew_20260626,2026-06-26,RibbonNew,CHOLAFIN,Cholamandalam Investment and Finance Company Ltd.,1799.2,1807.0,1816.6,1785.9,3949686,1.96,1708.68,1637.97,1596.51,1590.63,73.61,True,True,72.02,Consolidation,76.0,High,14.5,16.0,12.0,12.0,8.0,8.5,5.0,2026-06-29,1,1774.0,-1.4,-25.2,1816.6,0.97,1774.0,-1.4,True,,76.0,73.61,72.02,False,Stop Hit,48.46,1787.95,1822.85,1837.41,True,False,False,2,
HDFCAMC_RibbonNew_20260626,2026-06-26,RibbonNew,HDFCAMC,HDFC Asset Management Company Ltd.,2649.7,2638.8,2691.8,2638.8,824774,0.92,2645.55,2627.28,2626.98,2597.95,52.03,True,True,57.86,Consolidation,47.1,Low,4.1,16.0,5.0,7.0,5.5,6.5,3.0,2026-07-21,17,2581.1,-2.59,-68.6,2800.2,5.68,2581.1,-2.59,True,,47.1,52.03,57.86,False,Stop Hit,70.68,2589.21,2675.71,2978.14,True,True,False,18,
CGPOWER_PBtoEMA9_20260629,2026-06-29,PBtoEMA9,CGPOWER,CG Power and Industrial Solutions Ltd.,956.25,960.1,965.35,936.3,12311349,3.21,943.81,926.63,876.37,761.65,60.46,False,True,71.48,Consolidation,70.5,Moderate,14.0,16.0,12.0,14.0,5.0,4.5,5.0,2026-07-01,2,976.5,2.12,20.25,976.5,2.12,936.3,-2.09,True,,70.5,60.46,71.48,False,Completed,24.06,901.45,965.95,973.85,False,True,True,3,
ADANIGREEN_PBtoEMA9_20260629,2026-06-29,PBtoEMA9,ADANIGREEN,Adani Green Energy Ltd.,1502.5,1506.9,1518.2,1469.3,5333489,1.96,1508.49,1480.12,1375.68,1154.21,56.51,False,True,52.1,Bull: Distribution,53.5,Low,7.5,16.0,9.0,9.0,5.0,2.0,5.0,2026-07-02,3,1555.2,3.51,52.7,1555.2,3.51,1469.3,-2.21,True,,53.5,56.51,52.1,False,Completed,45.96,1210.95,1525.1,1539.9,False,True,True,4,
SOLARINDS_PBtoEMA21_20260629,2026-06-29,PBtoEMA21,SOLARINDS,Solar Industries India Ltd.,17798.0,17429.0,17901.0,17274.0,430864,2.91,17799.82,17732.73,16993.77,14878.59,52.27,False,False,61.49,Consolidation,56.9,Moderate,7.9,15.0,12.0,12.0,5.5,4.5,0.0,2026-06-30,1,18696.0,5.05,898.0,18696.0,5.05,17274.0,-2.94,True,,56.9,52.27,61.49,False,Completed,598.86,15660.72,17919.72,18614.28,False,True,True,2,
ADANIGREEN_PBtoEMA21_20260629,2026-06-29,PBtoEMA21,ADANIGREEN,Adani Green Energy Ltd.,1502.5,1506.9,1518.2,1469.3,5333489,1.96,1508.49,1480.12,1375.68,1154.21,56.51,False,True,52.1,Bull: Distribution,53.5,Low,7.5,16.0,9.0,9.0,5.0,2.0,5.0,2026-07-02,3,1555.2,3.51,52.7,1555.2,3.51,1469.3,-2.21,True,,53.5,56.51,52.1,False,Completed,45.96,1210.95,1525.1,1539.9,False,True,True,4,
MARUTI_EMA21x50_20260630,2026-06-30,EMA21x50,MARUTI,Maruti Suzuki India Ltd.,14115.0,13744.0,14201.0,13510.0,1511348,2.6,13583.27,13431.59,13407.01,13945.59,63.57,True,True,73.86,Consolidation,87.5,High,21.0,16.0,12.0,15.0,10.0,8.5,5.0,2026-07-09,7,13728.0,-2.74,-387.0,14538.0,3.0,13510.0,-4.29,True,,87.5,63.57,73.86,False,Stop Hit,339.43,13744.52,15565.52,16568.48,True,False,False,8,
HDFCAMC_EMA21x50_20260630,2026-06-30,EMA21x50,HDFCAMC,HDFC Asset Management Company Ltd.,2653.2,2625.8,2669.6,2605.6,753517,0.82,2640.85,2627.93,2627.24,2598.58,52.28,True,True,69.05,Consolidation,62.0,Moderate,10.0,16.0,5.0,14.0,7.5,6.5,3.0,2026-07-21,15,2581.1,-2.72,-72.1,2800.2,5.54,2581.1,-2.72,True,,62.0,52.28,69.05,False,Stop Hit,72.68,2589.18,2675.68,2978.17,True,True,False,16,
MAZDOCK_EMA21x50_20260630,2026-06-30,EMA21x50,MAZDOCK,Mazagoan Dock Shipbuilders Ltd.,2496.6,2459.0,2539.5,2452.0,1519130,1.72,2483.88,2476.52,2476.31,2519.45,52.47,True,True,35.05,Consolidation,61.6,Moderate,12.6,16.0,10.0,5.0,6.5,8.5,3.0,2026-09-04,48,2475.0,-0.87,-21.6,2625.0,5.14,2293.8,-8.12,True,,61.6,52.47,35.05,False,Active,69.14,2250.17,2924.56,3034.9,False,False,False,49,
CGPOWER_PBtoEMA9_20260630,2026-06-30,PBtoEMA9,CGPOWER,CG Power and Industrial Solutions Ltd.,952.15,963.1,969.0,949.3,3297173,0.86,945.48,928.95,879.34,763.55,59.2,False,True,71.48,Consolidation,68.0,Moderate,13.5,16.0,7.0,14.0,8.0,4.5,5.0,2026-07-01,1,976.5,2.56,24.35,976.5,2.56,949.3,-0.3,True,,68.0,59.2,71.48,False,Completed,24.21,915.88,966.02,973.78,False,True,True,2,
ADANIENT_PBtoEMA9_20260630,2026-06-30,PBtoEMA9,ADANIENT,Adani Enterprises Ltd.,3036.0,2980.0,3054.6,2969.0,2099208,1.13,3006.71,2952.1,2756.97,2455.42,59.82,False,True,39.28,Consolidation,55.1,Moderate,13.6,16.0,7.0,6.0,5.0,4.5,3.0,2026-08-31,44,2859.1,-5.83,-176.9,3212.1,5.8,2859.1,-5.83,True,,55.1,59.82,39.28,False,Stop Hit,80.73,2898.87,3072.47,3339.6,True,True,False,45,
SOLARINDS_PBtoEMA21_20260630,2026-06-30,PBtoEMA21,SOLARINDS,Solar Industries India Ltd.,18696.0,17870.0,18780.0,17825.0,306094,1.87,17979.05,17820.3,17060.52,14916.58,61.03,False,True,61.49,Consolidation,71.0,Moderate,13.5,16.0,13.0,14.0,8.0,4.5,2.0,2026-07-09,7,17380.0,-7.04,-1316.0,18780.0,0.45,17380.0,-7.04,True,,71.0,61.03,61.49,False,Stop Hit,649.57,17924.19,18859.19,20565.6,True,False,False,8,
ADANIGREEN_PBtoEMA21_20260630,2026-06-30,PBtoEMA21,ADANIGREEN,Adani Green Energy Ltd.,1492.2,1504.0,1508.5,1484.0,2678660,1.03,1505.24,1481.22,1380.25,1157.57,54.77,False,True,52.1,Bull: Distribution,53.3,Low,11.8,16.0,6.0,9.0,3.5,2.0,5.0,2026-07-02,2,1555.2,4.22,63.0,1555.2,4.22,1484.0,-0.55,True,,53.3,54.77,52.1,False,Completed,43.82,1210.69,1525.36,1539.64,False,True,True,3,
HDFCAMC_RibbonNew_20260630,2026-06-30,RibbonNew,HDFCAMC,HDFC Asset Management Company Ltd.,2653.2,2625.8,2669.6,2605.6,753517,0.82,2640.85,2627.93,2627.24,2598.58,52.28,True,True,69.05,Consolidation,62.0,Moderate,10.0,16.0,5.0,14.0,7.5,6.5,3.0,2026-07-21,15,2581.1,-2.72,-72.1,2800.2,5.54,2581.1,-2.72,True,,62.0,52.28,69.05,False,Stop Hit,72.68,2589.18,2675.68,2978.17,True,True,False,16,
NESTLEIND_EMA9x21_20260701,2026-07-01,EMA9x21,NESTLEIND,Nestle India Ltd.,1453.8,1414.8,1459.9,1407.9,2672036,1.32,1408.96,1405.82,1390.58,1305.39,61.54,True,True,39.54,Consolidation,71.5,Moderate,20.5,16.0,9.0,4.0,10.0,10.0,2.0,2026-07-29,20,1503.3,3.4,49.5,1503.3,3.4,1407.9,-3.16,True,,71.5,61.54,39.54,False,Completed,33.91,1330.43,1493.21,1502.99,False,True,True,21,
GODREJCP_EMA9x21_20260701,2026-07-01,EMA9x21,GODREJCP,Godrej Consumer Products Ltd.,1043.6,1017.0,1045.0,1013.9,1550496,1.6,1024.02,1022.7,1037.19,1106.19,55.76,True,True,46.92,Consolidation,64.0,Moderate,19.5,12.0,10.0,4.0,9.0,7.5,2.0,2026-07-06,3,1100.6,5.46,57.0,1100.6,5.46,1013.9,-2.85,True,,64.0,55.76,46.92,False,Completed,23.46,963.33,1065.52,1085.16,False,True,True,4,
ASIANPAINT_EMA9x21_20260701,2026-07-01,EMA9x21,ASIANPAINT,Asian Paints Ltd.,2716.4,2648.0,2723.0,2624.0,1097353,0.74,2679.62,2675.25,2615.48,2541.71,57.49,False,True,48.17,Bull: Markup,61.4,Moderate,14.0,20.0,6.0,4.0,8.0,4.5,5.0,2026-08-28,42,2608.7,-3.96,-107.7,2810.0,3.45,2608.7,-3.96,True,,61.4,57.49,48.17,False,Stop Hit,55.12,2616.56,2737.34,2856.66,True,True,False,43,
ADANIENT_PBtoEMA9_20260701,2026-07-01,PBtoEMA9,ADANIENT,Adani Enterprises Ltd.,3143.6,3041.0,3149.8,3012.8,3414005,1.71,3034.09,2969.51,2772.13,2462.26,65.68,False,True,46.41,Consolidation,73.5,Moderate,23.0,16.0,10.0,7.0,8.0,4.5,5.0,2026-09-04,47,2938.0,-6.54,-205.6,3212.1,2.18,2859.1,-9.05,True,,73.5,65.68,46.41,False,Active,85.03,2667.74,3300.78,3457.96,False,False,False,48,
CGPOWER_PBtoEMA9_20260701,2026-07-01,PBtoEMA9,CGPOWER,CG Power and Industrial Solutions Ltd.,976.5,958.0,978.9,950.0,3484760,0.91,951.68,933.27,883.15,765.66,64.02,False,True,39.41,Consolidation,68.5,Moderate,21.0,16.0,8.0,4.0,10.0,4.5,5.0,2026-07-03,2,892.55,-8.6,-83.95,978.9,0.25,892.55,-8.6,True,,68.5,64.02,39.41,False,Stop Hit,24.47,915.91,1025.33,1074.15,True,False,False,3,
ADANIGREEN_PBtoEMA21_20260701,2026-07-01,PBtoEMA21,ADANIGREEN,Adani Green Energy Ltd.,1535.0,1492.2,1546.0,1482.4,2563352,1.0,1511.19,1486.11,1386.32,1161.33,60.24,False,True,29.3,Bull: Distribution,59.5,Moderate,15.0,18.0,6.0,5.0,6.0,4.5,5.0,2026-09-04,47,1301.3,-15.22,-233.7,1604.5,4.53,1214.9,-20.85,True,,59.5,60.24,29.3,False,Active,44.09,1210.86,1564.31,1688.5,False,True,False,48,
NESTLEIND_RibbonNew_20260701,2026-07-01,RibbonNew,NESTLEIND,Nestle India Ltd.,1453.8,1414.8,1459.9,1407.9,2672036,1.32,1408.96,1405.82,1390.58,1305.39,61.54,True,True,39.54,Consolidation,71.5,Moderate,20.5,16.0,9.0,4.0,10.0,10.0,2.0,2026-07-29,20,1503.3,3.4,49.5,1503.3,3.4,1407.9,-3.16,True,,71.5,61.54,39.54,False,Completed,33.91,1330.43,1493.21,1502.99,False,True,True,21,
BAJFINANCE_RibbonNew_20260701,2026-07-01,RibbonNew,BAJFINANCE,Bajaj Finance Ltd.,1014.9,1000.4,1025.4,998.9,6833788,0.69,980.41,954.14,935.53,934.68,70.11,True,True,57.54,Consolidation,69.5,Moderate,20.0,16.0,5.0,7.0,8.0,8.5,5.0,2026-07-21,14,1069.2,5.35,54.3,1069.2,5.35,998.9,-1.58,True,,69.5,70.11,57.54,False,Completed,24.85,993.38,1022.08,1064.62,False,True,True,15,
SBIN_EMA21x50_20260702,2026-07-02,EMA21x50,SBIN,State Bank of India,1051.6,1050.9,1059.8,1045.0,14680502,1.33,1037.05,1023.25,1022.38,993.01,61.78,True,True,55.74,Consolidation,73.5,Moderate,19.0,16.0,7.0,10.0,10.0,8.5,3.0,2026-07-06,2,1037.7,-1.32,-13.9,1059.8,0.78,1037.7,-1.32,True,,73.5,61.78,55.74,False,Stop Hit,18.17,1039.09,1067.29,1156.76,True,False,False,3,
HINDUNILVR_EMA9x21_20260702,2026-07-02,EMA9x21,HINDUNILVR,Hindustan Unilever Ltd.,2210.6,2186.0,2216.0,2179.2,2585212,1.7,2171.8,2171.06,2188.97,2282.36,55.57,True,True,58.89,Consolidation,69.0,Moderate,18.5,12.0,10.0,9.0,10.0,7.5,2.0,2026-08-21,36,2015.0,-8.85,-195.6,2216.0,0.24,2015.0,-8.85,True,,69.0,55.57,58.89,False,Stop Hit,41.28,2015.94,2494.56,2630.41,True,False,False,37,
BRITANNIA_EMA9x21_20260702,2026-07-02,EMA9x21,BRITANNIA,Britannia Industries Ltd.,5374.0,5287.0,5393.0,5262.0,374107,1.24,5237.11,5234.16,5343.39,5597.68,58.8,True,True,56.63,Bear: Distribution ⚠ Vol Surge,58.0,Moderate,21.0,10.0,8.0,8.0,10.0,7.5,5.0,2026-08-31,42,5250.0,-2.31,-124.0,5645.5,5.05,5250.0,-2.31,True,,58.0,58.8,56.63,False,Stop Hit,87.96,5264.89,5589.45,6056.61,True,True,False,43,
ADANIGREEN_PBtoEMA9_20260702,2026-07-02,PBtoEMA9,ADANIGREEN,Adani Green Energy Ltd.,1555.2,1535.1,1563.6,1510.0,2378094,0.93,1519.99,1492.39,1392.95,1165.25,62.55,False,True,25.03,Bull: Distribution,67.0,Moderate,18.5,18.0,6.0,5.0,10.0,4.5,5.0,2026-07-22,14,1472.3,-5.33,-82.9,1604.5,3.17,1472.3,-5.33,True,,67.0,62.55,25.03,False,Stop Hit,44.75,1478.36,1564.36,1710.72,True,True,False,15,
CGPOWER_PBtoEMA9_20260702,2026-07-02,PBtoEMA9,CGPOWER,CG Power and Industrial Solutions Ltd.,959.4,980.0,980.9,951.9,5250027,1.3,953.23,935.65,886.14,767.59,58.77,False,True,51.89,Consolidation,61.5,Moderate,15.5,16.0,9.0,9.0,5.0,2.0,5.0,2026-07-03,1,892.55,-6.97,-66.85,980.9,2.24,892.55,-6.97,True,,61.5,58.77,51.89,False,Stop Hit,24.57,915.95,965.95,973.85,True,False,False,2,
ZYDUSLIFE_PBtoEMA21_20260702,2026-07-02,PBtoEMA21,ZYDUSLIFE,Zydus Lifesciences Ltd.,1099.8,1114.1,1114.8,1095.1,586007,0.43,1101.88,1087.09,1041.75,970.79,57.66,False,True,51.11,Consolidation,50.4,Low,11.4,15.0,6.0,6.0,5.0,2.0,5.0,2026-07-03,1,1140.6,3.71,40.8,1140.6,3.71,1095.1,-0.43,True,,50.4,57.66,51.11,False,Completed,22.93,1062.73,1111.82,1123.48,False,True,True,2,
SBIN_RibbonNew_20260702,2026-07-02,RibbonNew,SBIN,State Bank of India,1051.6,1050.9,1059.8,1045.0,14680502,1.33,1037.05,1023.25,1022.38,993.01,61.78,True,True,55.74,Consolidation,73.5,Moderate,19.0,16.0,7.0,10.0,10.0,8.5,3.0,2026-07-06,2,1037.7,-1.32,-13.9,1059.8,0.78,1037.7,-1.32,True,,73.5,61.78,55.74,False,Stop Hit,18.17,1039.09,1067.29,1156.76,True,False,False,3,
BAJAJFINSV_EMA21x50_20260703,2026-07-03,EMA21x50,BAJAJFINSV,Bajaj Finserv Ltd.,1895.6,1885.0,1916.0,1870.6,2036799,1.43,1809.51,1779.66,1777.41,1867.78,69.81,True,True,41.17,Consolidation,69.0,Moderate,17.5,16.0,9.0,3.0,10.0,8.5,5.0,2026-08-03,21,2096.0,10.57,200.4,2096.0,10.57,1838.6,-3.01,True,,69.0,69.81,41.17,False,Completed,44.13,1656.33,2124.37,2085.16,False,False,True,22,
BPCL_EMA21x50_20260703,2026-07-03,EMA21x50,BPCL,Bharat Petroleum Corporation Ltd.,308.15,313.6,313.6,306.7,3031718,0.36,307.2,305.1,305.08,316.33,53.16,False,True,32.49,Consolidation,51.0,Low,11.5,16.0,5.0,3.0,8.5,2.0,5.0,2026-07-08,3,303.55,-1.49,-4.6,313.95,1.88,303.55,-1.49,True,,51.0,53.16,32.49,False,Stop Hit,8.09,306.58,309.94,323.68,True,True,False,4,
AMBUJACEM_EMA9x21_20260703,2026-07-03,EMA9x21,AMBUJACEM,Ambuja Cements Ltd.,443.4,431.7,444.2,430.0,6166968,1.75,427.78,427.25,434.65,485.5,58.87,True,True,49.38,Bear: Distribution ⚠ Vol Surge,58.0,Moderate,23.0,10.0,10.0,4.0,10.0,7.5,5.0,2026-08-13,29,419.4,-5.41,-24.0,445.0,0.36,419.4,-5.41,True,,58.0,58.87,49.38,False,Stop Hit,10.04,419.47,456.32,470.43,True,False,False,30,
APOLLOHOSP_PBtoEMA9_20260703,2026-07-03,PBtoEMA9,APOLLOHOSP,Apollo Hospitals Enterprise Ltd.,8893.5,8743.0,8920.5,8717.5,377495,1.25,8655.13,8518.26,8262.34,7706.72,75.5,True,True,44.8,Consolidation,71.5,Moderate,21.0,16.0,10.0,3.0,8.0,8.5,5.0,2026-09-04,45,8650.0,-2.74,-243.5,9050.0,1.76,8597.0,-3.33,True,,71.5,75.5,44.8,False,Active,129.07,8201.64,9338.18,9782.85,False,False,False,46,
ADANIENT_PBtoEMA9_20260703,2026-07-03,PBtoEMA9,ADANIENT,Adani Enterprises Ltd.,3212.1,3192.0,3224.0,3105.5,2847336,1.3,3092.64,3008.75,2804.66,2476.77,68.91,True,True,25.51,Consolidation,69.0,Moderate,15.0,16.0,10.0,5.0,8.0,10.0,5.0,2026-09-04,45,2938.0,-8.53,-274.1,3224.0,0.37,2859.1,-10.99,True,,69.0,68.91,25.51,False,Active,88.39,2668.04,3372.71,3533.31,False,False,False,46,
ZYDUSLIFE_PBtoEMA9_20260703,2026-07-03,PBtoEMA9,ZYDUSLIFE,Zydus Lifesciences Ltd.,1140.6,1105.0,1142.9,1104.1,1860457,1.29,1109.62,1091.95,1045.63,972.48,66.88,False,True,48.45,Consolidation,68.5,Moderate,21.0,16.0,10.0,4.0,8.0,4.5,5.0,2026-07-23,14,1113.8,-2.35,-26.8,1159.0,1.61,1104.1,-3.2,True,,68.5,66.88,48.45,False,Stop Hit,24.84,1123.68,1197.63,1254.66,True,False,False,15,
ADANIENSOL_PBtoEMA9_20260703,2026-07-03,PBtoEMA9,ADANIENSOL,Adani Energy Solutions Ltd.,1568.8,1562.0,1579.0,1514.0,2845450,1.22,1525.85,1505.64,1425.32,1160.89,62.83,False,True,40.33,Consolidation,63.1,Moderate,14.6,16.0,9.0,6.0,8.0,4.5,5.0,2026-07-20,11,1729.5,10.24,160.7,1729.5,10.24,1514.0,-3.49,True,,63.1,62.83,40.33,False,Completed,49.26,1478.23,1623.03,1725.68,False,True,True,12,
PIDILITIND_PBtoEMA9_20260703,2026-07-03,PBtoEMA9,PIDILITIND,Pidilite Industries Ltd.,1598.0,1621.0,1625.5,1595.1,443814,0.5,1586.98,1557.12,1504.98,1466.81,67.61,False,True,59.66,Bull: Distribution,61.5,Moderate,16.5,18.0,6.0,7.0,7.0,2.0,5.0,2026-07-08,3,1570.4,-1.73,-27.6,1625.5,1.72,1570.4,-1.73,True,,61.5,67.61,59.66,False,Stop Hit,29.21,1576.55,1616.15,1625.25,True,True,False,4,
ADANIGREEN_PBtoEMA9_20260703,2026-07-03,PBtoEMA9,ADANIGREEN,Adani Green Energy Ltd.,1556.2,1559.9,1566.6,1518.5,2242464,0.87,1527.23,1498.19,1399.35,1169.14,62.66,False,True,18.49,Bull: Distribution,59.5,Moderate,14.0,18.0,4.0,4.0,10.0,4.5,5.0,2026-07-22,13,1472.3,-5.39,-83.9,1604.5,3.1,1472.3,-5.39,True,,59.5,62.66,18.49,False,Stop Hit,45.44,1478.35,1564.35,1711.82,True,True,False,14,
VBL_PBtoEMA21_20260703,2026-07-03,PBtoEMA21,VBL,Varun Beverages Ltd.,515.8,517.5,522.4,512.75,3567277,0.58,513.79,517.24,508.31,486.56,49.43,False,False,54.47,Consolidation,42.8,Low,12.2,9.0,5.0,7.0,7.0,2.5,0.0,2026-08-26,38,421.25,-18.33,-94.55,522.4,1.28,421.25,-18.33,True,,42.8,49.43,54.47,False,Stop Hit,13.51,423.52,546.35,567.38,True,False,False,39,
HDFCBANK_EMA21x50_20260706,2026-07-06,EMA21x50,HDFCBANK,HDFC Bank Ltd.,829.85,805.0,831.5,805.0,63200856,1.73,800.21,786.84,785.27,854.87,71.01,True,True,68.53,Consolidation,79.5,High,23.0,16.0,9.0,10.0,8.0,8.5,5.0,2026-07-08,2,810.3,-2.36,-19.55,831.5,0.2,805.0,-2.99,True,,79.5,71.01,68.53,False,Stop Hit,14.56,821.37,936.73,943.82,True,False,False,3,
TVSMOTOR_EMA21x50_20260706,2026-07-06,EMA21x50,TVSMOTOR,TVS Motor Company Ltd.,3705.0,3627.4,3737.0,3619.0,701903,0.59,3560.86,3496.04,3487.5,3442.01,66.77,True,True,37.17,Consolidation,66.5,Moderate,19.0,16.0,5.0,3.0,10.0,8.5,5.0,2026-07-08,2,3639.7,-1.76,-65.3,3737.0,0.86,3619.0,-2.32,True,,66.5,66.77,37.17,False,Stop Hit,85.04,3668.07,3744.1,4075.5,True,False,False,3,
DIVISLAB_EMA9x21_20260706,2026-07-06,EMA9x21,DIVISLAB,Divi's Laboratories Ltd.,6857.5,6785.0,6890.0,6753.5,402105,1.15,6709.19,6689.67,6620.39,6391.84,60.1,True,True,65.74,Consolidation,81.5,High,17.5,16.0,9.0,14.0,10.0,10.0,5.0,2026-07-29,17,7784.5,13.52,927.0,7784.5,13.52,6753.5,-1.52,True,,81.5,60.1,65.74,False,Completed,129.04,6152.96,7059.98,7543.25,False,True,True,18,
TRENT_EMA9x21_20260706,2026-07-06,EMA9x21,TRENT,Trent Ltd.,3343.8,3341.0,3365.0,3330.1,800543,0.39,3270.27,3267.99,3472.43,4072.64,52.09,True,True,54.3,Consolidation,61.0,Moderate,16.0,12.0,3.0,12.0,7.5,5.5,5.0,2026-09-04,44,2853.0,-14.68,-490.8,3365.0,0.63,2815.6,-15.8,True,,61.0,52.09,54.3,False,Active,87.96,2692.3,3628.74,4606.26,False,False,False,45,
BEL_EMA9x21_20260706,2026-07-06,EMA9x21,BEL,Bharat Electronics Ltd.,425.55,422.0,429.9,420.1,16512315,1.08,417.6,416.79,420.12,411.24,56.91,True,True,43.13,Consolidation,60.7,Moderate,15.2,12.0,8.0,3.0,10.0,7.5,5.0,2026-09-04,44,405.35,-4.75,-20.2,429.9,1.02,384.9,-9.55,True,,60.7,56.91,43.13,False,Active,9.59,377.46,431.58,442.42,False,False,False,45,
EICHERMOT_EMA9x21_20260706,2026-07-06,EMA9x21,EICHERMOT,Eicher Motors Ltd.,7471.5,7340.0,7498.0,7284.5,300074,0.4,7369.38,7357.01,7286.82,6975.65,55.15,False,True,48.69,Consolidation,53.5,Low,12.0,16.0,6.0,3.0,10.0,4.5,2.0,2026-07-09,3,7361.0,-1.48,-110.5,7536.0,0.86,7284.5,-2.5,True,,53.5,55.15,48.69,False,Stop Hit,173.68,7402.0,7726.5,7781.5,True,False,False,4,
ABB_EMA9x21_20260706,2026-07-06,EMA9x21,ABB,ABB India Ltd.,7073.0,6985.5,7085.0,6891.0,238090,0.78,7011.41,7008.64,6892.9,6234.27,53.13,False,True,35.72,Consolidation,50.9,Low,6.9,16.0,6.0,4.0,8.5,4.5,5.0,2026-07-16,8,7667.5,8.41,594.5,7667.5,8.41,6771.5,-4.26,True,,50.9,53.13,35.72,False,Completed,181.29,6681.33,7130.33,7311.67,False,True,True,9,
PIDILITIND_PBtoEMA9_20260706,2026-07-06,PBtoEMA9,PIDILITIND,Pidilite Industries Ltd.,1616.9,1606.9,1622.5,1599.4,501995,0.63,1592.96,1562.55,1509.37,1468.31,71.12,True,True,60.31,Bull: Distribution,75.5,High,19.5,18.0,5.0,10.0,8.0,10.0,5.0,2026-07-08,2,1570.4,-2.88,-46.5,1622.5,0.35,1570.4,-2.88,True,,75.5,71.12,60.31,False,Stop Hit,27.59,1576.49,1625.19,1778.59,True,False,False,3,
ADANIGREEN_PBtoEMA9_20260706,2026-07-06,PBtoEMA9,ADANIGREEN,Adani Green Energy Ltd.,1549.2,1564.9,1589.1,1544.2,2507949,0.97,1531.63,1502.83,1405.22,1172.92,61.24,False,True,21.1,Bull: Distribution,61.0,Moderate,16.5,18.0,7.0,4.0,6.0,4.5,5.0,2026-07-22,12,1472.3,-4.96,-76.9,1604.5,3.57,1472.3,-4.96,True,,61.0,61.24,21.1,False,Stop Hit,46.11,1478.31,1564.31,1704.12,True,True,False,13,
DIVISLAB_RibbonNew_20260706,2026-07-06,RibbonNew,DIVISLAB,Divi's Laboratories Ltd.,6857.5,6785.0,6890.0,6753.5,402105,1.15,6709.19,6689.67,6620.39,6391.84,60.1,True,True,65.74,Consolidation,81.5,High,17.5,16.0,9.0,14.0,10.0,10.0,5.0,2026-07-29,17,7784.5,13.52,927.0,7784.5,13.52,6753.5,-1.52,True,,81.5,60.1,65.74,False,Completed,129.04,6152.96,7059.98,7543.25,False,True,True,18,
TVSMOTOR_RibbonNew_20260706,2026-07-06,RibbonNew,TVSMOTOR,TVS Motor Company Ltd.,3705.0,3627.4,3737.0,3619.0,701903,0.59,3560.86,3496.04,3487.5,3442.01,66.77,True,True,37.17,Consolidation,66.5,Moderate,19.0,16.0,5.0,3.0,10.0,8.5,5.0,2026-07-08,2,3639.7,-1.76,-65.3,3737.0,0.86,3619.0,-2.32,True,,66.5,66.77,37.17,False,Stop Hit,85.04,3668.07,3744.1,4075.5,True,False,False,3,
ABB_RibbonNew_20260706,2026-07-06,RibbonNew,ABB,ABB India Ltd.,7073.0,6985.5,7085.0,6891.0,238090,0.78,7011.41,7008.64,6892.9,6234.27,53.13,False,True,35.72,Consolidation,50.9,Low,6.9,16.0,6.0,4.0,8.5,4.5,5.0,2026-07-16,8,7667.5,8.41,594.5,7667.5,8.41,6771.5,-4.26,True,,50.9,53.13,35.72,False,Completed,181.29,6681.33,7130.33,7311.67,False,True,True,9,
SBILIFE_EMA9x21_20260707,2026-07-07,EMA9x21,SBILIFE,SBI Life Insurance Company Ltd.,1832.3,1773.0,1848.0,1773.0,1702427,1.57,1790.72,1788.67,1815.54,1864.16,58.8,True,True,45.96,Consolidation,68.5,Moderate,22.0,12.0,10.0,5.0,10.0,7.5,2.0,2026-09-02,41,1719.9,-6.13,-112.4,1915.0,4.51,1719.9,-6.13,True,,68.5,58.8,45.96,False,Stop Hit,35.94,1722.45,1915.0,1942.84,True,True,False,42,
PIDILITIND_PBtoEMA9_20260707,2026-07-07,PBtoEMA9,PIDILITIND,Pidilite Industries Ltd.,1622.3,1617.0,1626.7,1606.4,595660,0.73,1598.83,1567.98,1513.8,1469.84,72.05,True,True,69.34,Bull: Distribution,76.0,High,20.5,18.0,4.0,13.0,7.0,8.5,5.0,2026-07-08,1,1570.4,-3.2,-51.9,1626.7,0.27,1570.4,-3.2,True,,76.0,72.05,69.34,False,Stop Hit,26.59,1576.39,1703.42,1784.53,True,False,False,2,
ADANIGREEN_PBtoEMA9_20260707,2026-07-07,PBtoEMA9,ADANIGREEN,Adani Green Energy Ltd.,1519.0,1552.0,1562.0,1511.7,1763464,0.67,1529.1,1504.3,1409.69,1176.36,55.4,False,True,27.77,Bull: Distribution,50.5,Low,13.5,16.0,5.0,4.0,5.0,2.0,5.0,2026-07-22,11,1472.3,-3.07,-46.7,1604.5,5.63,1472.3,-3.07,True,,50.5,55.4,27.77,False,Stop Hit,48.04,1478.32,1539.82,1670.9,True,True,False,12,
DIVISLAB_PBtoEMA21_20260707,2026-07-07,PBtoEMA21,DIVISLAB,Divi's Laboratories Ltd.,6771.5,6898.0,6959.0,6754.0,448452,1.26,6721.65,6697.11,6626.32,6395.62,54.75,True,True,57.4,Consolidation,65.1,Moderate,14.1,16.0,7.0,6.0,8.5,8.5,5.0,2026-07-29,16,7784.5,14.96,1013.0,7784.5,14.96,6754.0,-0.26,True,,65.1,54.75,57.4,False,Completed,132.18,6152.23,7060.71,7448.65,False,True,True,17,
GODREJCP_EMA21x50_20260708,2026-07-08,EMA21x50,GODREJCP,Godrej Consumer Products Ltd.,1075.2,1090.0,1100.0,1066.6,1018714,0.87,1065.54,1046.57,1045.96,1105.18,58.81,True,True,50.11,Consolidation,61.5,Moderate,12.0,16.0,8.0,7.0,7.0,6.5,5.0,2026-07-15,5,1052.7,-2.09,-22.5,1100.0,2.31,1052.7,-2.09,True,,61.5,58.81,50.11,False,Stop Hit,25.41,1060.84,1084.83,1295.3,True,True,False,6,
DIVISLAB_PBtoEMA21_20260708,2026-07-08,PBtoEMA21,DIVISLAB,Divi's Laboratories Ltd.,6755.0,6784.0,6864.5,6693.0,358132,0.98,6728.32,6702.37,6631.36,6399.19,53.76,True,True,53.83,Consolidation,57.6,Moderate,14.6,16.0,7.0,5.0,3.5,6.5,5.0,2026-07-29,15,7784.5,15.24,1029.5,7784.5,15.24,6693.0,-0.92,True,,57.6,53.76,53.83,False,Completed,135.96,6151.92,7061.03,7430.5,False,True,True,16,
SOLARINDS_PBtoEMA21_20260708,2026-07-08,PBtoEMA21,SOLARINDS,Solar Industries India Ltd.,17971.0,18201.0,18312.0,17802.0,88627,0.53,18247.18,18069.03,17348.96,15120.79,50.33,False,False,39.53,Consolidation,38.1,Low,6.6,15.0,5.0,4.0,5.5,2.0,0.0,2026-08-13,26,20324.0,13.09,2353.0,20324.0,13.09,17380.0,-3.29,True,,38.1,50.33,39.53,False,Completed,609.29,17185.81,18610.81,19060.19,False,True,True,27,
PIDILITIND_PBtoEMA9_20260709,2026-07-09,PBtoEMA9,PIDILITIND,Pidilite Industries Ltd.,1590.4,1570.0,1598.9,1565.0,226496,0.29,1592.6,1570.22,1518.93,1472.03,58.34,False,True,44.32,Bull: Distribution,48.7,Low,14.7,16.0,4.0,4.0,5.0,2.0,3.0,2026-07-14,3,1555.4,-2.2,-35.0,1598.9,0.53,1555.4,-2.2,True,,48.7,58.34,44.32,False,Stop Hit,30.76,1576.74,1615.96,1625.44,True,False,False,4,
ASIANPAINT_PBtoEMA21_20260709,2026-07-09,PBtoEMA21,ASIANPAINT,Asian Paints Ltd.,2673.8,2658.0,2722.8,2656.0,918541,0.66,2699.61,2691.79,2636.94,2551.95,48.77,False,True,58.65,Bull: Markup ⚠ Vol Contraction,51.0,Low,11.0,19.0,4.0,8.0,4.0,2.0,3.0,2026-09-04,41,2527.3,-5.48,-146.5,2810.0,5.09,2527.3,-5.48,True,,51.0,48.77,58.65,False,Active,53.16,2522.81,2737.76,2856.24,False,True,False,42,
CUMMINSIND_PBtoEMA21_20260709,2026-07-09,PBtoEMA21,CUMMINSIND,Cummins India Ltd.,5542.5,5506.0,5566.5,5492.0,295512,0.53,5559.56,5594.76,5477.86,4759.39,47.9,False,True,53.59,Bull: Accumulation,39.9,Low,7.4,11.0,4.0,6.0,5.0,3.5,3.0,2026-08-19,29,5220.0,-5.82,-322.5,5629.5,1.57,5220.0,-5.82,True,,39.9,47.9,53.59,False,Stop Hit,158.07,5295.86,5716.84,5763.16,True,False,False,30,
BAJAJ-AUTO_EMA21x50_20260710,2026-07-10,EMA21x50,BAJAJ-AUTO,Bajaj Auto Ltd.,10156.0,10177.5,10298.0,10115.0,354751,0.97,10042.33,10034.22,10027.59,9558.97,54.58,True,True,55.74,Bull: Accumulation ✓ Vol Surge,68.5,Moderate,16.5,18.0,6.0,11.0,7.5,7.5,2.0,2026-07-13,1,10381.0,2.22,225.0,10381.0,2.22,10115.0,-0.4,True,,68.5,54.58,55.74,False,Completed,227.61,9855.45,10235.45,10300.55,False,True,True,2,
BAJAJ-AUTO_EMA9x21_20260710,2026-07-10,EMA9x21,BAJAJ-AUTO,Bajaj Auto Ltd.,10156.0,10177.5,10298.0,10115.0,354751,0.97,10042.33,10034.22,10027.59,9558.97,54.58,True,True,55.74,Bull: Accumulation ✓ Vol Surge,68.5,Moderate,16.5,18.0,6.0,11.0,7.5,7.5,2.0,2026-07-13,1,10381.0,2.22,225.0,10381.0,2.22,10115.0,-0.4,True,,68.5,54.58,55.74,False,Completed,227.61,9855.45,10235.45,10300.55,False,True,True,2,
HCLTECH_EMA9x21_20260710,2026-07-10,EMA9x21,HCLTECH,HCL Technologies Ltd.,1164.1,1173.0,1191.5,1153.5,3979073,0.91,1137.02,1134.09,1174.31,1360.77,54.81,True,True,43.47,Consolidation,54.5,Low,12.5,12.0,6.0,6.0,5.5,7.5,5.0,2026-07-13,1,1221.2,4.91,57.1,1221.2,4.91,1153.5,-0.91,True,,54.5,54.81,43.47,False,Completed,37.59,1108.91,1178.49,1203.81,False,True,True,2,
GRASIM_PBtoEMA9_20260710,2026-07-10,PBtoEMA9,GRASIM,Grasim Industries Ltd.,3213.6,3204.8,3246.0,3202.0,515663,0.8,3174.33,3145.7,3063.41,2876.86,61.43,False,True,53.7,Consolidation,67.5,Moderate,18.0,16.0,6.0,10.0,8.0,4.5,5.0,2026-07-13,1,3144.3,-2.16,-69.3,3246.0,1.01,3144.3,-2.16,True,,67.5,61.43,53.7,False,Stop Hit,55.9,3188.64,3374.28,3534.96,True,False,False,2,
PIDILITIND_PBtoEMA9_20260710,2026-07-10,PBtoEMA9,PIDILITIND,Pidilite Industries Ltd.,1598.5,1604.0,1613.8,1585.8,738368,0.96,1593.78,1572.79,1522.05,1473.29,59.98,False,True,70.4,Bull: Distribution,61.0,Moderate,15.0,18.0,5.0,13.0,5.0,2.0,3.0,2026-07-14,2,1555.4,-2.7,-43.1,1613.8,0.96,1555.4,-2.7,True,,61.0,59.98,70.4,False,Stop Hit,30.61,1576.7,1616.0,1625.4,True,False,False,3,
HAL_PBtoEMA21_20260710,2026-07-10,PBtoEMA21,HAL,Hindustan Aeronautics Ltd.,4506.8,4396.0,4524.9,4396.0,1078228,1.36,4418.26,4393.36,4351.4,4325.38,60.17,True,True,48.91,Bull: Accumulation,71.0,Moderate,16.0,18.0,7.0,5.0,10.0,10.0,5.0,2026-08-12,23,4995.0,10.83,488.2,4995.0,10.83,4396.0,-2.46,True,,71.0,60.17,48.91,False,Completed,98.66,4088.7,5021.5,4957.48,False,False,True,24,
ADANIGREEN_PBtoEMA21_20260710,2026-07-10,PBtoEMA21,ADANIGREEN,Adani Green Energy Ltd.,1536.6,1505.0,1546.8,1495.7,2070103,0.82,1520.66,1505.79,1421.0,1186.21,57.25,False,True,22.87,Bull: Distribution,56.9,Moderate,13.4,18.0,5.0,4.0,9.0,4.5,3.0,2026-07-14,2,1604.5,4.42,67.9,1604.5,4.42,1495.7,-2.66,True,,56.9,57.25,22.87,False,Completed,52.2,1478.66,1581.44,1596.76,False,True,True,3,
CUMMINSIND_PBtoEMA21_20260710,2026-07-10,PBtoEMA21,CUMMINSIND,Cummins India Ltd.,5621.5,5567.0,5714.0,5567.0,463873,0.82,5571.94,5597.19,5483.5,4767.97,51.68,False,True,50.81,Bull: Accumulation,50.4,Low,14.4,11.0,4.0,8.0,6.5,3.5,3.0,2026-08-19,28,5220.0,-7.14,-401.5,5714.0,1.65,5220.0,-7.14,True,,50.4,51.68,50.81,False,Stop Hit,162.96,5296.04,5716.66,5763.34,True,False,False,29,
ASIANPAINT_PBtoEMA21_20260710,2026-07-10,PBtoEMA21,ASIANPAINT,Asian Paints Ltd.,2677.8,2695.0,2728.2,2672.9,982090,0.7,2695.25,2690.52,2638.54,2553.2,49.36,False,True,65.67,Bull: Markup ⚠ Vol Contraction,50.3,Low,11.3,19.0,3.0,10.0,2.0,2.0,3.0,2026-09-04,40,2527.3,-5.62,-150.5,2810.0,4.94,2527.3,-5.62,True,,50.3,49.36,65.67,False,Active,54.53,2522.81,2737.76,2856.24,False,True,False,41,
MOTHERSON_PBtoEMA21_20260710,2026-07-10,PBtoEMA21,MOTHERSON,Samvardhana Motherson International Ltd.,143.19,144.2,144.85,142.62,8178312,0.32,144.28,144.24,139.48,123.74,49.47,False,True,50.76,Bull: Accumulation ✓ Vol Surge,47.6,Low,7.0,17.0,4.0,9.0,3.0,4.5,3.0,2026-08-07,20,168.5,17.68,25.31,168.5,17.68,142.06,-0.79,True,,47.6,49.47,50.76,False,Completed,4.66,137.39,149.22,155.93,False,True,True,21,
INDHOTEL_RibbonNew_20260710,2026-07-10,RibbonNew,INDHOTEL,Indian Hotels Co. Ltd.,752.3,737.0,754.0,731.6,3031832,0.98,731.89,715.85,691.14,689.43,67.25,True,True,48.09,Consolidation,71.5,Moderate,20.5,16.0,8.0,5.0,7.0,10.0,5.0,2026-07-13,1,738.55,-1.83,-13.75,754.0,0.23,731.6,-2.75,True,,71.5,67.25,48.09,False,Stop Hit,15.23,746.92,768.57,827.53,True,False,False,2,
BAJAJ-AUTO_RibbonNew_20260710,2026-07-10,RibbonNew,BAJAJ-AUTO,Bajaj Auto Ltd.,10156.0,10177.5,10298.0,10115.0,354751,0.97,10042.33,10034.22,10027.59,9558.97,54.58,True,True,55.74,Bull: Accumulation ✓ Vol Surge,68.5,Moderate,16.5,18.0,6.0,11.0,7.5,7.5,2.0,2026-07-13,1,10381.0,2.22,225.0,10381.0,2.22,10115.0,-0.4,True,,68.5,54.58,55.74,False,Completed,227.61,9855.45,10235.45,10300.55,False,True,True,2,
MAXHEALTH_RibbonNew_20260710,2026-07-10,RibbonNew,MAXHEALTH,Max Healthcare Institute Ltd.,1108.1,1102.3,1114.4,1085.0,1749073,0.8,1110.42,1091.21,1058.17,1058.14,56.07,False,True,56.05,Consolidation,52.9,Low,11.9,15.0,5.0,9.0,7.0,2.0,3.0,2026-07-14,2,1092.9,-1.37,-15.2,1114.4,0.57,1085.0,-2.08,True,,52.9,56.07,56.05,False,Stop Hit,34.13,1094.88,1172.78,1196.12,True,False,False,3,
JIOFIN_EMA9x21_20260713,2026-07-13,EMA9x21,JIOFIN,Jio Financial Services Ltd.,241.41,239.8,243.48,239.35,13408294,0.97,238.74,238.62,239.7,259.8,53.3,True,True,36.29,Consolidation,62.6,Moderate,15.1,12.0,8.0,4.0,8.5,10.0,5.0,2026-07-14,1,235.97,-2.25,-5.44,243.48,0.86,235.97,-2.25,True,,62.6,53.3,36.29,False,Stop Hit,5.14,240.11,244.44,257.81,True,False,False,2,
TECHM_EMA9x21_20260713,2026-07-13,EMA9x21,TECHM,Tech Mahindra Ltd.,1504.5,1444.2,1524.8,1444.2,2284916,0.91,1441.24,1435.39,1441.06,1473.58,59.38,True,True,33.07,Consolidation,61.5,Moderate,16.0,11.0,8.0,3.0,10.0,8.5,5.0,2026-07-14,1,1484.3,-1.34,-20.2,1524.8,1.35,1444.2,-4.01,True,,61.5,59.38,33.07,False,Stop Hit,49.05,1494.84,1538.64,1581.66,True,False,False,2,
PIDILITIND_PBtoEMA9_20260713,2026-07-13,PBtoEMA9,PIDILITIND,Pidilite Industries Ltd.,1580.7,1578.9,1583.2,1559.6,617011,0.81,1591.16,1573.51,1524.35,1474.36,54.86,False,True,62.48,Bull: Markup,54.3,Low,12.8,19.0,5.0,8.0,4.5,2.0,3.0,2026-07-29,12,1629.9,3.11,49.2,1629.9,3.11,1555.4,-1.6,True,,54.3,54.86,62.48,False,Completed,31.41,1342.92,1615.92,1625.48,False,True,True,13,
GRASIM_PBtoEMA9_20260713,2026-07-13,PBtoEMA9,GRASIM,Grasim Industries Ltd.,3144.3,3202.4,3216.3,3125.2,654157,0.99,3168.33,3145.58,3066.58,2879.52,51.71,False,True,59.98,Consolidation,52.2,Low,10.7,15.0,8.0,9.0,4.5,2.0,3.0,2026-08-03,15,3260.0,3.68,115.7,3260.0,3.68,3072.9,-2.27,True,,52.2,51.71,59.98,False,Completed,58.7,3016.5,3188.3,3209.2,False,True,True,16,
ADANIPORTS_PBtoEMA9_20260713,2026-07-13,PBtoEMA9,ADANIPORTS,Adani Ports and Special Economic Zone Ltd.,1810.3,1811.0,1825.9,1807.1,1156552,0.58,1822.41,1818.12,1767.52,1580.32,49.93,False,True,51.21,Consolidation,48.5,Low,11.5,15.0,3.0,10.0,4.0,2.0,3.0,2026-09-04,39,1707.3,-5.69,-103.0,1846.5,2.0,1593.1,-12.0,True,,48.5,49.93,51.21,False,Active,43.71,1590.17,1856.17,1991.33,False,False,False,40,
HAL_PBtoEMA21_20260713,2026-07-13,PBtoEMA21,HAL,Hindustan Aeronautics Ltd.,4511.3,4498.7,4521.7,4438.0,569034,0.77,4436.87,4404.08,4357.67,4327.23,60.46,True,True,45.66,Bull: Accumulation,68.5,Moderate,17.0,18.0,5.0,5.0,10.0,8.5,5.0,2026-08-12,22,4995.0,10.72,483.7,4995.0,10.72,4420.5,-2.01,True,,68.5,60.46,45.66,False,Completed,94.46,4088.88,4951.9,4962.43,False,True,True,23,
NESTLEIND_PBtoEMA21_20260713,2026-07-13,PBtoEMA21,NESTLEIND,Nestle India Ltd.,1427.0,1452.3,1452.3,1420.1,2167819,1.1,1443.17,1430.77,1407.83,1316.82,50.2,True,True,70.03,Consolidation,61.0,Moderate,11.0,15.0,7.0,13.0,5.5,6.5,3.0,2026-09-04,39,1410.5,-1.16,-16.5,1540.0,7.92,1410.5,-1.16,True,,61.0,50.2,70.03,False,Active,29.89,1330.09,1502.65,1569.7,False,True,False,40,
ADANIGREEN_PBtoEMA21_20260713,2026-07-13,PBtoEMA21,ADANIGREEN,Adani Green Energy Ltd.,1546.5,1525.4,1575.4,1523.0,2867976,1.13,1525.83,1509.49,1425.92,1189.79,58.58,False,True,14.74,Bull: Distribution,56.0,Moderate,12.6,18.0,7.0,3.0,8.0,4.5,3.0,2026-07-14,1,1604.5,3.75,58.0,1604.5,3.75,1523.0,-1.52,True,,56.0,58.58,14.74,False,Completed,51.34,1478.68,1581.42,1596.78,False,True,True,2,
MOTHERSON_PBtoEMA21_20260713,2026-07-13,PBtoEMA21,MOTHERSON,Samvardhana Motherson International Ltd.,144.06,142.05,144.75,141.06,14292582,0.56,144.24,144.23,139.66,123.94,51.22,False,True,51.36,Bull: Markup,54.7,Low,7.7,19.0,3.0,11.0,6.5,4.5,3.0,2026-08-07,19,168.5,16.97,24.44,168.5,16.97,141.06,-2.08,True,,54.7,51.22,51.36,False,Completed,4.69,137.38,149.23,155.92,False,True,True,20,
GRASIM_PBtoEMA21_20260713,2026-07-13,PBtoEMA21,GRASIM,Grasim Industries Ltd.,3144.3,3202.4,3216.3,3125.2,654157,0.99,3168.33,3145.58,3066.58,2879.52,51.71,False,True,59.98,Consolidation,52.2,Low,10.7,15.0,8.0,9.0,4.5,2.0,3.0,2026-08-03,15,3260.0,3.68,115.7,3260.0,3.68,3072.9,-2.27,True,,52.2,51.71,59.98,False,Completed,58.7,3016.5,3188.3,3209.2,False,True,True,16,
SOLARINDS_PBtoEMA21_20260713,2026-07-13,PBtoEMA21,SOLARINDS,Solar Industries India Ltd.,18156.0,18200.0,18347.0,17940.0,108238,0.62,18116.15,18038.97,17415.15,15203.71,52.5,False,True,26.02,Consolidation,50.9,Low,9.9,16.0,6.0,5.0,7.5,4.5,2.0,2026-08-13,23,20324.0,11.94,2168.0,20324.0,11.94,17940.0,-1.19,True,,50.9,52.5,26.02,False,Completed,662.21,15670.67,18604.33,19066.67,False,True,True,24,
CUMMINSIND_PBtoEMA21_20260713,2026-07-13,PBtoEMA21,CUMMINSIND,Cummins India Ltd.,5555.0,5600.0,5601.5,5529.0,323340,0.59,5568.56,5593.36,5486.3,4775.8,48.49,False,True,62.15,Bull: Accumulation,50.0,Low,10.5,11.0,5.0,12.0,6.0,2.5,3.0,2026-07-17,4,5448.0,-1.93,-107.0,5601.5,0.84,5448.0,-1.93,True,,50.0,48.49,62.15,False,Stop Hit,153.29,5493.17,5717.33,5762.67,True,False,False,5,
ICICIBANK_RibbonNew_20260713,2026-07-13,RibbonNew,ICICIBANK,ICICI Bank Ltd.,1409.5,1393.5,1413.0,1386.3,10090388,0.76,1395.19,1370.81,1336.7,1335.89,64.05,False,True,56.33,Consolidation,58.5,Moderate,16.0,16.0,5.0,6.0,8.0,4.5,3.0,2026-09-04,39,1423.2,0.97,13.7,1463.1,3.8,1386.3,-1.65,True,,58.5,64.05,56.33,False,Active,28.12,1387.72,1446.18,1550.45,False,True,False,40,
INDIGO_RibbonNew_20260713,2026-07-13,RibbonNew,INDIGO,InterGlobe Aviation Ltd.,5229.5,5175.0,5248.0,5141.5,659812,0.48,5271.69,5140.5,4886.05,4882.97,57.09,False,True,35.25,Bull: Accumulation,52.7,Low,13.7,17.0,5.0,3.0,7.0,2.0,5.0,2026-07-24,9,4985.0,-4.68,-244.5,5305.0,1.44,4985.0,-4.68,True,,52.7,57.09,35.25,False,Stop Hit,142.05,4987.35,5561.55,5853.95,True,False,False,10,
ADANIPORTS_PBtoEMA9_20260714,2026-07-14,PBtoEMA9,ADANIPORTS,Adani Ports and Special Economic Zone Ltd.,1821.9,1819.3,1840.9,1808.6,1636766,0.87,1822.31,1818.46,1769.65,1582.72,51.83,False,True,42.64,Consolidation,49.3,Low,11.3,15.0,4.0,5.0,6.5,4.5,3.0,2026-09-04,38,1707.3,-6.29,-114.6,1846.5,1.35,1593.1,-12.56,True,,49.3,51.83,42.64,False,Active,41.53,1590.07,1856.08,2004.09,False,False,False,39,
GAIL_PBtoEMA9_20260714,2026-07-14,PBtoEMA9,GAIL,GAIL (India) Ltd.,171.51,172.3,172.9,170.95,5005833,0.8,172.57,172.17,168.83,166.19,49.95,False,True,57.95,Consolidation,49.0,Low,8.0,15.0,5.0,10.0,6.0,2.0,3.0,2026-09-04,38,173.4,1.1,1.89,181.44,5.79,170.02,-0.87,True,,49.0,49.95,57.95,False,Active,3.22,150.87,181.76,188.66,False,False,False,39,
ADANIGREEN_PBtoEMA21_20260714,2026-07-14,PBtoEMA21,ADANIGREEN,Adani Green Energy Ltd.,1604.5,1545.0,1631.5,1533.0,4833378,1.81,1541.57,1518.13,1432.92,1193.92,65.36,False,True,24.58,Bull: Distribution,74.5,Moderate,21.0,18.0,10.0,6.0,10.0,4.5,5.0,2026-07-22,6,1472.3,-8.24,-132.2,1631.5,1.68,1472.3,-8.24,True,,74.5,65.36,24.58,False,Stop Hit,53.37,1479.18,1684.73,1764.95,True,False,False,7,
SOLARINDS_PBtoEMA21_20260714,2026-07-14,PBtoEMA21,SOLARINDS,Solar Industries India Ltd.,18287.0,18119.0,18318.0,17958.0,95133,0.56,18150.32,18061.52,17449.34,15234.39,53.93,False,True,39.68,Consolidation,53.0,Low,11.0,16.0,5.0,6.0,8.5,4.5,2.0,2026-08-13,22,20324.0,11.14,2037.0,20324.0,11.14,17958.0,-1.8,True,,53.0,53.93,39.68,False,Completed,652.64,17926.77,18607.23,19063.77,False,True,True,23,
NESTLEIND_PBtoEMA21_20260714,2026-07-14,PBtoEMA21,NESTLEIND,Nestle India Ltd.,1427.1,1418.5,1448.7,1418.5,1841836,0.93,1439.96,1430.44,1408.58,1317.92,50.23,False,True,57.08,Consolidation,51.5,Low,12.0,15.0,7.0,7.0,5.5,2.0,3.0,2026-09-04,38,1410.5,-1.16,-16.6,1540.0,7.91,1410.5,-1.16,True,,51.5,50.23,57.08,False,Active,30.51,1330.09,1502.65,1569.81,False,True,False,39,
ZYDUSLIFE_PBtoEMA21_20260714,2026-07-14,PBtoEMA21,ZYDUSLIFE,Zydus Lifesciences Ltd.,1133.6,1127.2,1151.7,1126.6,1125133,0.78,1136.21,1117.79,1070.08,984.22,58.78,False,True,51.11,Consolidation,51.4,Low,12.4,15.0,5.0,9.0,5.0,2.0,3.0,2026-07-23,7,1113.8,-1.75,-19.8,1156.9,2.06,1113.8,-1.75,True,,51.4,58.78,51.11,False,Stop Hit,25.55,1123.69,1177.61,1185.39,True,False,False,8,
GRASIM_PBtoEMA21_20260714,2026-07-14,PBtoEMA21,GRASIM,Grasim Industries Ltd.,3113.3,3138.0,3153.5,3093.1,1058130,1.54,3157.32,3142.64,3068.42,2881.85,48.05,False,True,59.71,Consolidation,51.0,Low,11.0,15.0,9.0,7.0,4.0,2.0,3.0,2026-08-03,14,3260.0,4.71,146.7,3260.0,4.71,3072.9,-1.3,True,,51.0,48.05,59.71,False,Completed,58.74,3016.49,3188.31,3209.19,False,True,True,15,
ABB_PBtoEMA21_20260714,2026-07-14,PBtoEMA21,ABB,ABB India Ltd.,6892.0,6778.5,6920.0,6744.0,187639,0.65,6890.93,6939.06,6883.71,6270.15,47.85,False,True,46.32,Bear: Markdown,33.9,Low,8.4,6.0,4.0,5.0,5.0,2.5,3.0,2026-07-15,1,7204.5,4.53,312.5,7204.5,4.53,6744.0,-2.15,True,,33.9,47.85,46.32,False,Completed,188.21,6680.07,7074.93,7129.07,False,True,True,2,
ULTRACEMCO_EMA21x50_20260715,2026-07-15,EMA21x50,ULTRACEMCO,UltraTech Cement Ltd.,11812.0,11504.0,11855.0,11504.0,379561,1.71,11592.69,11504.02,11490.83,11703.42,58.99,True,True,53.34,Consolidation,77.5,High,24.0,16.0,8.0,7.0,9.0,8.5,5.0,2026-09-04,37,11408.0,-3.42,-404.0,12190.0,3.2,11275.0,-4.55,True,,77.5,58.99,53.34,False,Active,216.29,11177.72,13130.28,12993.2,False,False,False,38,
TECHM_EMA21x50_20260715,2026-07-15,EMA21x50,TECHM,Tech Mahindra Ltd.,1498.7,1465.2,1507.0,1453.0,1833214,0.78,1459.62,1445.18,1444.95,1473.93,57.95,True,True,42.08,Consolidation,63.0,Moderate,13.5,16.0,6.0,4.0,10.0,8.5,5.0,2026-07-28,9,1635.2,9.11,136.5,1635.2,9.11,1453.0,-3.05,True,,63.0,57.95,42.08,False,Completed,49.64,1457.09,1538.61,1581.69,False,True,True,10,
PIDILITIND_PBtoEMA9_20260715,2026-07-15,PBtoEMA9,PIDILITIND,Pidilite Industries Ltd.,1568.8,1570.0,1597.3,1566.0,1092353,1.37,1580.97,1571.59,1527.27,1476.09,51.71,False,True,58.1,Bull: Markup,59.0,Moderate,15.5,19.0,8.0,8.0,3.5,2.0,3.0,2026-07-28,9,1619.6,3.24,50.8,1619.6,3.24,1559.6,-0.59,True,,59.0,51.71,58.1,False,Completed,32.61,1342.8,1576.9,1615.8,False,True,True,10,
GAIL_PBtoEMA9_20260715,2026-07-15,PBtoEMA9,GAIL,GAIL (India) Ltd.,173.15,170.81,174.95,170.5,5667573,0.91,172.68,172.26,169.0,166.26,53.31,False,True,48.23,Consolidation,56.0,Moderate,15.0,16.0,8.0,4.0,5.5,4.5,3.0,2026-09-04,37,173.4,0.14,0.25,181.44,4.79,170.02,-1.81,True,,56.0,53.31,48.23,False,Active,3.39,150.86,181.77,190.46,False,False,False,38,
ADANIPORTS_PBtoEMA9_20260715,2026-07-15,PBtoEMA9,ADANIPORTS,Adani Ports and Special Economic Zone Ltd.,1829.1,1826.0,1838.0,1817.2,917936,0.51,1823.67,1819.43,1771.98,1585.17,53.03,False,True,48.38,Consolidation,48.5,Low,11.5,16.0,4.0,5.0,4.5,4.5,3.0,2026-07-23,6,1778.5,-2.77,-50.6,1846.5,0.95,1778.5,-2.77,True,,48.5,53.03,48.38,False,Stop Hit,39.94,1786.14,1855.87,2012.01,True,False,False,7,
ABB_PBtoEMA21_20260715,2026-07-15,PBtoEMA21,ABB,ABB India Ltd.,7204.5,6940.0,7270.0,6926.5,763729,2.35,6953.64,6963.19,6896.29,6279.45,58.89,False,True,40.48,Bear: Markdown,54.5,Low,16.0,6.0,11.0,4.0,10.0,2.5,5.0,2026-07-16,1,7667.5,6.43,463.0,7667.5,6.43,6926.5,-3.86,True,,54.5,58.89,40.48,False,Completed,196.36,6682.19,7310.81,7369.19,False,True,True,2,
NESTLEIND_PBtoEMA21_20260715,2026-07-15,PBtoEMA21,NESTLEIND,Nestle India Ltd.,1424.4,1431.8,1442.0,1419.6,1328731,0.67,1436.85,1429.89,1409.2,1318.97,49.5,False,True,62.23,Consolidation,52.9,Low,12.9,15.0,5.0,11.0,4.0,2.0,3.0,2026-09-04,37,1410.5,-0.98,-13.9,1540.0,8.12,1410.5,-0.98,True,,52.9,49.5,62.23,False,Active,30.81,1330.01,1502.56,1566.84,False,True,False,38,
SOLARINDS_PBtoEMA21_20260715,2026-07-15,PBtoEMA21,SOLARINDS,Solar Industries India Ltd.,18285.0,18287.0,18698.0,18246.0,99540,0.58,18177.26,18081.83,17482.11,15264.75,53.91,False,True,30.39,Consolidation,51.5,Low,12.5,16.0,5.0,5.0,6.5,4.5,2.0,2026-08-13,21,20324.0,11.15,2039.0,20324.0,11.15,18053.0,-1.27,True,,51.5,53.91,30.39,False,Completed,641.64,17925.06,18608.94,19062.06,False,True,True,22,
ASIANPAINT_PBtoEMA21_20260715,2026-07-15,PBtoEMA21,ASIANPAINT,Asian Paints Ltd.,2670.0,2644.9,2684.0,2644.9,809039,0.59,2676.0,2681.68,2640.36,2556.19,48.97,False,True,63.89,Bull: Markup ⚠ Vol Contraction,50.4,Low,8.9,13.0,5.0,11.0,5.0,4.5,3.0,2026-09-02,35,2527.5,-5.34,-142.5,2810.0,5.24,2527.5,-5.34,True,,50.4,48.97,63.89,False,Stop Hit,54.64,2533.78,2737.75,2856.25,True,True,False,36,
CUMMINSIND_PBtoEMA21_20260715,2026-07-15,PBtoEMA21,CUMMINSIND,Cummins India Ltd.,5549.5,5515.0,5601.5,5512.0,522110,0.95,5552.74,5581.12,5489.05,4790.57,48.6,False,True,59.39,Bull: Accumulation,48.0,Low,11.5,11.0,8.0,8.0,4.0,2.5,3.0,2026-08-19,25,5220.0,-5.94,-329.5,5629.5,1.44,5220.0,-5.94,True,,48.0,48.6,59.39,False,Stop Hit,141.18,5251.25,5692.55,5761.45,True,False,False,26,
ENRIN_PBtoEMA21_20260715,2026-07-15,PBtoEMA21,ENRIN,Siemens Energy India Ltd.,3497.4,3400.0,3508.0,3396.1,317662,0.61,3461.23,3508.02,3441.49,3131.31,49.5,False,True,43.03,Bull: Accumulation ✓ Vol Surge,41.6,Low,12.1,10.0,5.0,5.0,5.0,2.5,2.0,2026-07-16,1,3405.3,-2.63,-92.1,3508.0,0.3,3396.1,-2.9,True,,41.6,49.5,43.03,False,Stop Hit,144.41,3435.16,3544.33,3706.27,True,False,False,2,
EICHERMOT_RibbonNew_20260715,2026-07-15,RibbonNew,EICHERMOT,Eicher Motors Ltd.,7404.5,7285.0,7428.0,7285.0,758949,0.88,7363.57,7363.86,7308.64,7002.93,52.35,False,True,59.66,Consolidation,47.2,Low,9.2,9.0,7.0,8.0,7.5,4.5,2.0,2026-07-28,9,7836.0,5.83,431.5,7836.0,5.83,7285.0,-1.61,True,,47.2,52.35,59.66,False,Completed,180.93,6618.06,7446.06,7779.44,False,True,True,10,
ABB_EMA9x21_20260716,2026-07-16,EMA9x21,ABB,ABB India Ltd.,7667.5,7210.5,7924.5,7191.0,2577551,5.23,7096.41,7027.22,6926.53,6293.26,69.27,True,True,27.1,Consolidation,75.0,High,18.0,16.0,13.0,3.0,10.0,10.0,5.0,2026-07-27,7,7327.5,-4.43,-340.0,7924.5,3.35,7191.0,-6.21,True,,75.0,69.27,27.1,False,Stop Hit,239.11,7374.96,7787.54,7857.46,True,False,False,8,
EICHERMOT_EMA9x21_20260716,2026-07-16,EMA9x21,EICHERMOT,Eicher Motors Ltd.,7418.5,7410.0,7451.0,7366.5,618146,0.72,7374.55,7368.83,7312.95,7007.06,52.94,False,True,56.72,Consolidation,56.8,Moderate,12.8,16.0,5.0,8.0,8.5,4.5,2.0,2026-09-04,36,7630.5,2.86,212.0,8100.0,9.19,7366.5,-0.7,True,,56.8,52.94,56.72,False,Active,173.96,6618.97,7778.53,8160.35,False,True,False,37,
TCS_EMA9x21_20260716,2026-07-16,EMA9x21,TCS,Tata Consultancy Services Ltd.,2201.0,2206.0,2231.4,2187.8,5196697,0.92,2140.84,2133.97,2212.79,2624.61,56.3,True,True,41.09,Bear: Distribution ⚠ Vol Surge,56.5,Moderate,12.0,10.0,10.0,6.0,9.0,7.5,2.0,2026-09-04,36,2304.0,4.68,103.0,2473.7,12.39,2187.8,-0.6,True,,56.5,56.3,41.09,False,Active,66.9,2119.74,2367.86,2492.64,False,True,False,37,
GAIL_PBtoEMA9_20260716,2026-07-16,PBtoEMA9,GAIL,GAIL (India) Ltd.,171.71,172.9,175.73,171.0,9023312,1.47,172.49,172.21,169.11,166.31,50.12,False,True,58.15,Consolidation,55.1,Moderate,13.6,15.0,7.0,9.0,5.5,2.0,3.0,2026-09-04,36,173.4,0.98,1.69,181.44,5.67,170.02,-0.98,True,,55.1,50.12,58.15,False,Active,3.43,150.85,181.78,188.88,False,False,False,37,
ADANIGREEN_PBtoEMA9_20260716,2026-07-16,PBtoEMA9,ADANIGREEN,Adani Green Energy Ltd.,1543.7,1565.0,1585.8,1540.7,2128076,0.79,1544.21,1523.54,1441.88,1200.96,55.04,False,True,27.44,Bull: Markup ⚠ Vol Contraction,55.0,Moderate,13.0,19.0,6.0,5.0,5.0,2.0,5.0,2026-07-22,4,1472.3,-4.63,-71.4,1585.8,2.73,1472.3,-4.63,True,,55.0,55.04,27.44,False,Stop Hit,55.84,1479.17,1580.93,1597.27,True,False,False,5,
CUMMINSIND_PBtoEMA21_20260716,2026-07-16,PBtoEMA21,CUMMINSIND,Cummins India Ltd.,5592.0,5557.0,5674.5,5473.5,686645,1.22,5560.59,5582.11,5493.09,4798.54,50.76,False,True,54.76,Bull: Accumulation,51.2,Low,9.2,11.0,10.0,8.0,7.5,2.5,3.0,2026-07-17,1,5448.0,-2.58,-144.0,5674.5,1.48,5448.0,-2.58,True,,51.2,50.76,54.76,False,Stop Hit,144.96,5492.57,5691.93,5762.07,True,False,False,2,
BOSCHLTD_PBtoEMA21_20260716,2026-07-16,PBtoEMA21,BOSCHLTD,Bosch Ltd.,41110.0,41500.0,41550.0,40985.0,21013,0.5,41430.06,40772.5,39181.28,36754.2,57.88,False,True,57.76,Consolidation,49.3,Low,12.3,14.0,4.0,9.0,5.0,2.0,3.0,2026-08-12,19,46480.0,13.06,5370.0,46480.0,13.06,40855.0,-0.62,True,,49.3,57.88,57.76,False,Completed,861.07,40408.59,42693.59,45221.0,False,True,True,20,
ABB_RibbonNew_20260716,2026-07-16,RibbonNew,ABB,ABB India Ltd.,7667.5,7210.5,7924.5,7191.0,2577551,5.23,7096.41,7027.22,6926.53,6293.26,69.27,True,True,27.1,Consolidation,75.0,High,18.0,16.0,13.0,3.0,10.0,10.0,5.0,2026-07-27,7,7327.5,-4.43,-340.0,7924.5,3.35,7191.0,-6.21,True,,75.0,69.27,27.1,False,Stop Hit,239.11,7374.96,7787.54,7857.46,True,False,False,8,
JIOFIN_EMA9x21_20260717,2026-07-17,EMA9x21,JIOFIN,Jio Financial Services Ltd.,242.98,247.5,249.95,242.0,95953136,4.79,238.54,238.43,239.43,258.94,55.19,True,True,22.24,Consolidation,66.5,Moderate,13.5,12.0,14.0,4.0,8.0,10.0,5.0,2026-07-20,1,238.92,-1.67,-4.06,249.95,2.87,238.92,-1.67,True,,66.5,55.19,22.24,False,Stop Hit,5.79,240.17,244.38,257.87,True,False,False,2,
PIDILITIND_PBtoEMA9_20260717,2026-07-17,PBtoEMA9,PIDILITIND,Pidilite Industries Ltd.,1566.1,1560.0,1573.3,1557.0,1387672,1.89,1574.57,1570.1,1530.01,1477.81,51.07,False,True,72.5,Bull: Markup,70.5,Moderate,11.5,19.0,10.0,15.0,7.5,4.5,3.0,2026-07-28,7,1619.6,3.42,53.5,1619.6,3.42,1557.0,-0.58,True,,70.5,51.07,72.5,False,Completed,30.86,1482.83,1576.67,1616.03,False,True,True,8,
GAIL_PBtoEMA9_20260717,2026-07-17,PBtoEMA9,GAIL,GAIL (India) Ltd.,171.2,171.65,171.97,169.47,9641422,1.5,172.23,172.12,169.19,166.36,49.01,False,True,68.45,Consolidation,59.5,Moderate,12.5,15.0,9.0,13.0,5.0,2.0,3.0,2026-09-04,35,173.4,1.29,2.2,181.44,5.98,169.47,-1.01,True,,59.5,49.01,68.45,False,Active,3.33,150.87,181.77,188.32,False,False,False,36,
ADANIGREEN_PBtoEMA21_20260717,2026-07-17,PBtoEMA21,ADANIGREEN,Adani Green Energy Ltd.,1513.9,1550.7,1558.0,1507.3,4911589,1.84,1538.14,1522.66,1444.7,1204.07,50.56,False,True,50.82,Bull: Accumulation,56.4,Moderate,11.9,17.0,9.0,10.0,3.5,2.0,3.0,2026-07-22,3,1472.3,-2.75,-41.6,1558.0,2.91,1472.3,-2.75,True,,56.4,50.56,50.82,False,Stop Hit,55.4,1479.13,1580.97,1639.63,True,False,False,4,
BOSCHLTD_PBtoEMA21_20260717,2026-07-17,PBtoEMA21,BOSCHLTD,Bosch Ltd.,40855.0,41110.0,41550.0,40760.0,13320,0.44,41315.05,40780.0,39246.92,36795.01,54.81,False,True,31.5,Consolidation,42.4,Low,13.0,14.0,4.0,3.0,3.5,2.0,3.0,2026-08-05,13,42920.0,5.05,2065.0,42920.0,5.05,40760.0,-0.23,True,,42.4,54.81,31.5,False,Completed,808.57,40407.87,41257.13,42692.87,False,True,True,14,
CIPLA_RibbonNew_20260717,2026-07-17,RibbonNew,CIPLA,Cipla Ltd.,1418.7,1429.5,1434.0,1404.0,606933,0.59,1433.6,1428.71,1402.28,1402.25,48.4,False,True,49.17,Consolidation,43.5,Low,11.5,15.0,4.0,4.0,4.0,2.0,3.0,2026-07-23,4,1393.0,-1.81,-25.7,1441.6,1.61,1393.0,-1.81,True,,43.5,48.4,49.17,False,Stop Hit,25.52,1396.08,1427.92,1494.38,True,True,False,5,
SIEMENS_EMA21x50_20260720,2026-07-20,EMA21x50,SIEMENS,Siemens Ltd.,3678.4,3651.0,3700.0,3617.0,157330,0.41,3594.76,3589.61,3588.96,3408.86,57.41,True,True,26.49,Consolidation,55.8,Moderate,9.3,16.0,7.0,4.0,10.0,7.5,2.0,2026-08-04,11,4000.5,8.76,322.1,4000.5,8.76,3617.0,-1.67,True,,55.8,57.41,26.49,False,Completed,100.61,3559.05,3718.75,3953.05,False,True,True,12,
RECLTD_EMA9x21_20260720,2026-07-20,EMA9x21,RECLTD,REC Ltd.,363.5,353.0,364.7,352.0,6785411,1.29,355.78,355.73,353.17,356.63,58.21,False,True,59.79,Consolidation,69.0,Moderate,15.5,16.0,8.0,10.0,10.0,4.5,5.0,2026-08-10,15,343.75,-5.43,-19.75,374.9,3.14,343.75,-5.43,True,,69.0,58.21,59.79,False,Stop Hit,7.91,357.73,366.08,388.67,True,True,False,16,
PNB_EMA9x21_20260720,2026-07-20,EMA9x21,PNB,Punjab National Bank,111.76,108.26,111.95,107.4,118981267,4.92,106.61,106.23,106.98,110.93,63.69,True,True,26.75,Bear: Distribution ⚠ Vol Surge,58.0,Moderate,19.0,10.0,15.0,3.0,10.0,8.5,5.0,2026-08-12,17,118.98,6.46,7.22,118.98,6.46,107.4,-3.9,True,,58.0,63.69,26.75,False,Completed,2.54,108.85,112.37,115.98,False,True,True,18,
UNIONBANK_EMA9x21_20260720,2026-07-20,EMA9x21,UNIONBANK,Union Bank of India,175.93,168.0,177.29,167.77,36346742,1.64,169.32,168.42,169.13,163.77,59.61,True,True,42.87,Bear: Markdown,58.0,Moderate,13.0,9.0,13.0,7.0,8.0,8.5,5.0,2026-09-04,34,187.22,6.42,11.29,189.0,7.43,167.77,-4.64,True,,58.0,59.61,42.87,False,Active,5.76,155.79,184.3,193.52,False,True,False,35,
SIEMENS_EMA9x21_20260720,2026-07-20,EMA9x21,SIEMENS,Siemens Ltd.,3678.4,3651.0,3700.0,3617.0,157330,0.41,3594.76,3589.61,3588.96,3408.86,57.41,True,True,26.49,Consolidation,55.8,Moderate,9.3,16.0,7.0,4.0,10.0,7.5,2.0,2026-08-04,11,4000.5,8.76,322.1,4000.5,8.76,3617.0,-1.67,True,,55.8,57.41,26.49,False,Completed,100.61,3559.05,3718.75,3953.05,False,True,True,12,
RELIANCE_EMA9x21_20260720,2026-07-20,EMA9x21,RELIANCE,Reliance Industries Ltd.,1323.1,1317.2,1345.9,1314.9,14301225,1.12,1307.28,1306.59,1321.37,1377.11,54.63,True,True,46.5,Bear: Distribution,54.6,Low,14.6,10.0,7.0,5.0,8.5,7.5,2.0,2026-07-21,1,1303.7,-1.47,-19.4,1345.9,1.72,1303.7,-1.47,True,,54.6,54.63,46.5,False,Stop Hit,22.69,1316.22,1336.98,1403.62,True,False,False,2,
PIDILITIND_PBtoEMA9_20260720,2026-07-20,PBtoEMA9,PIDILITIND,Pidilite Industries Ltd.,1565.8,1560.0,1576.9,1555.1,848114,1.18,1572.82,1569.71,1531.41,1478.69,50.99,False,True,67.01,Bull: Markup,60.5,Moderate,11.5,19.0,7.0,9.0,6.5,4.5,3.0,2026-07-28,6,1619.6,3.44,53.8,1619.6,3.44,1555.1,-0.68,True,,60.5,50.99,67.01,False,Completed,30.61,1482.93,1576.57,1616.13,False,True,True,7,
BOSCHLTD_PBtoEMA21_20260720,2026-07-20,PBtoEMA21,BOSCHLTD,Bosch Ltd.,40960.0,40800.0,41120.0,40400.0,26595,0.89,41244.04,40796.36,39314.1,36836.45,55.85,False,True,54.58,Consolidation,48.4,Low,11.4,14.0,4.0,9.0,5.0,2.0,3.0,2026-08-05,12,42920.0,4.79,1960.0,42920.0,4.79,40400.0,-1.37,True,,48.4,55.85,54.58,False,Completed,790.71,40406.45,41258.55,42691.45,False,True,True,13,
ADANIGREEN_PBtoEMA21_20260720,2026-07-20,PBtoEMA21,ADANIGREEN,Adani Green Energy Ltd.,1530.0,1523.7,1539.8,1498.0,2120440,0.81,1536.52,1523.33,1448.05,1207.32,52.8,False,True,25.5,Bull: Markup ⚠ Vol Contraction,47.6,Low,10.1,19.0,5.0,5.0,3.5,2.0,3.0,2026-07-22,2,1472.3,-3.77,-57.7,1541.9,0.78,1472.3,-3.77,True,,47.6,52.8,25.5,False,Stop Hit,56.64,1479.0,1581.1,1639.5,True,False,False,3,
CUMMINSIND_PBtoEMA21_20260720,2026-07-20,PBtoEMA21,CUMMINSIND,Cummins India Ltd.,5506.0,5438.0,5531.5,5397.0,312016,0.68,5521.09,5557.53,5488.64,4811.09,47.12,False,True,62.09,Bull: Accumulation,42.2,Low,5.7,11.0,5.0,10.0,5.0,2.5,3.0,2026-08-19,22,5220.0,-5.19,-286.0,5629.5,2.24,5220.0,-5.19,True,,42.2,47.12,62.09,False,Stop Hit,141.19,5250.5,5691.8,5762.2,True,False,False,23,
ETERNAL_RibbonNew_20260720,2026-07-20,RibbonNew,ETERNAL,Eternal Ltd.,286.95,284.65,289.45,284.4,16701723,0.46,286.28,278.6,266.99,266.51,61.44,False,True,59.87,Consolidation,54.7,Low,13.7,16.0,6.0,7.0,5.0,2.0,5.0,2026-07-24,4,280.0,-2.42,-6.95,289.45,0.87,280.0,-2.42,True,,54.7,61.44,59.87,False,Stop Hit,9.25,282.98,289.68,298.62,True,False,False,5,
M&M_EMA21x50_20260721,2026-07-21,EMA21x50,M&M,Mahindra & Mahindra Ltd.,3201.7,3153.8,3212.0,3143.0,1776678,0.79,3149.01,3127.92,3124.68,3231.56,57.49,True,True,51.1,Consolidation,70.0,Moderate,19.5,16.0,5.0,6.0,10.0,8.5,5.0,2026-07-22,1,3175.3,-0.82,-26.4,3212.0,0.32,3143.0,-1.83,True,,70.0,57.49,51.1,False,Stop Hit,67.08,3177.59,3313.59,3385.11,True,False,False,2,
GRASIM_EMA9x21_20260721,2026-07-21,EMA9x21,GRASIM,Grasim Industries Ltd.,3179.8,3150.1,3195.1,3135.6,659152,1.1,3139.08,3135.37,3077.87,2893.41,56.57,False,True,69.3,Consolidation,69.4,Moderate,15.9,16.0,6.0,14.0,8.0,4.5,5.0,2026-09-04,33,3322.0,4.47,142.2,3380.5,6.31,3089.4,-2.84,True,,69.4,56.57,69.3,False,Active,60.66,3044.02,3255.12,3497.78,False,True,False,34,
IOC_EMA9x21_20260721,2026-07-21,EMA9x21,IOC,Indian Oil Corporation Ltd.,143.3,142.99,143.99,142.23,12231480,0.79,141.29,141.02,141.87,146.33,55.5,True,True,57.96,Consolidation,62.2,Moderate,12.7,12.0,6.0,8.0,10.0,8.5,5.0,2026-08-20,22,135.9,-5.16,-7.4,144.0,0.49,135.9,-5.16,True,,62.2,55.5,57.96,False,Stop Hit,3.0,136.13,154.09,166.22,True,False,False,23,
ONGC_EMA9x21_20260721,2026-07-21,EMA9x21,ONGC,Oil & Natural Gas Corporation Ltd.,249.89,250.01,251.69,248.46,12239622,0.92,247.32,247.24,255.12,256.06,52.14,True,True,65.51,Consolidation,59.5,Moderate,14.5,12.0,5.0,12.0,8.5,5.5,2.0,2026-07-27,4,238.56,-4.53,-11.33,252.37,0.99,238.56,-4.53,True,,59.5,52.14,65.51,False,Stop Hit,4.28,248.46,257.64,261.76,True,False,False,5,
PIDILITIND_PBtoEMA9_20260721,2026-07-21,PBtoEMA9,PIDILITIND,Pidilite Industries Ltd.,1591.3,1575.0,1601.0,1569.5,1639947,2.05,1576.52,1571.67,1533.76,1479.81,57.25,False,True,64.67,Bull: Distribution,72.2,Moderate,16.7,18.0,12.0,10.0,8.0,4.5,3.0,2026-07-23,2,1564.2,-1.7,-27.1,1608.6,1.09,1564.2,-1.7,True,,72.2,57.25,64.67,False,Stop Hit,31.49,1576.62,1616.08,1625.32,True,False,False,3,
BOSCHLTD_PBtoEMA21_20260721,2026-07-21,PBtoEMA21,BOSCHLTD,Bosch Ltd.,40870.0,41000.0,41325.0,40720.0,8631,0.31,41169.23,40803.05,39375.11,36876.59,54.69,False,True,47.26,Consolidation,43.3,Low,11.8,14.0,4.0,5.0,3.5,2.0,3.0,2026-08-05,11,42920.0,5.02,2050.0,42920.0,5.02,40720.0,-0.37,True,,43.3,54.69,47.26,False,Completed,766.07,40403.9,41261.1,42688.9,False,True,True,12,
GRASIM_RibbonNew_20260721,2026-07-21,RibbonNew,GRASIM,Grasim Industries Ltd.,3179.8,3150.1,3195.1,3135.6,659152,1.1,3139.08,3135.37,3077.87,2893.41,56.57,False,True,69.3,Consolidation,69.4,Moderate,15.9,16.0,6.0,14.0,8.0,4.5,5.0,2026-09-04,33,3322.0,4.47,142.2,3380.5,6.31,3089.4,-2.84,True,,69.4,56.57,69.3,False,Active,60.66,3044.02,3255.12,3497.78,False,True,False,34,
SIEMENS_RibbonNew_20260721,2026-07-21,RibbonNew,SIEMENS,Siemens Ltd.,3667.8,3678.4,3709.3,3631.6,244292,0.65,3609.36,3596.72,3592.05,3411.44,56.35,True,True,53.65,Consolidation,63.8,Moderate,9.3,16.0,9.0,11.0,8.0,8.5,2.0,2026-08-04,10,4000.5,9.07,332.7,4000.5,9.07,3631.6,-0.99,True,,63.8,56.35,53.65,False,Completed,100.45,3558.76,3719.04,3952.76,False,True,True,11,
JSWSTEEL_EMA9x21_20260722,2026-07-22,EMA9x21,JSWSTEEL,JSW Steel Ltd.,1266.9,1264.5,1279.3,1261.7,3988730,2.28,1248.8,1247.44,1251.46,1198.89,55.98,True,True,73.97,Consolidation,72.5,Moderate,17.0,11.0,12.0,13.0,10.0,7.5,2.0,2026-08-26,25,1341.0,5.85,74.1,1341.0,5.85,1240.8,-2.06,True,,72.5,55.98,73.97,False,Completed,24.92,1071.23,1281.03,1331.67,False,True,True,26,
ASIANPAINT_EMA9x21_20260722,2026-07-22,EMA9x21,ASIANPAINT,Asian Paints Ltd.,2692.8,2683.0,2700.0,2665.6,528072,0.69,2685.18,2684.37,2649.06,2562.63,52.69,False,True,52.92,Bull: Accumulation,57.9,Moderate,14.9,18.0,3.0,6.0,6.5,4.5,5.0,2026-07-23,1,2668.8,-0.89,-24.0,2700.0,0.27,2665.6,-1.01,True,,57.9,52.69,52.92,False,Stop Hit,46.25,2673.11,2738.59,2855.41,True,False,False,2,
PIDILITIND_PBtoEMA9_20260722,2026-07-22,PBtoEMA9,PIDILITIND,Pidilite Industries Ltd.,1608.6,1591.3,1615.6,1569.7,1518614,1.77,1582.93,1575.03,1536.69,1481.09,60.89,False,True,63.54,Bull: Distribution,74.0,Moderate,17.5,18.0,11.0,10.0,8.0,4.5,5.0,2026-07-23,1,1564.2,-2.76,-44.4,1615.6,0.44,1564.2,-2.76,True,,74.0,60.89,63.54,False,Stop Hit,32.62,1576.78,1625.48,1769.46,True,False,False,2,
BOSCHLTD_PBtoEMA21_20260722,2026-07-22,PBtoEMA21,BOSCHLTD,Bosch Ltd.,41560.0,40830.0,41635.0,40715.0,15753,0.62,41247.39,40871.87,39460.79,36923.19,61.31,False,True,33.55,Consolidation,55.0,Moderate,14.5,16.0,4.0,3.0,8.0,4.5,5.0,2026-07-29,5,41065.0,-1.19,-495.0,42240.0,1.64,40715.0,-2.03,True,,55.0,61.31,33.55,False,Stop Hit,748.57,41185.09,42689.91,45716.0,True,False,False,6,
ASIANPAINT_RibbonNew_20260722,2026-07-22,RibbonNew,ASIANPAINT,Asian Paints Ltd.,2692.8,2683.0,2700.0,2665.6,528072,0.69,2685.18,2684.37,2649.06,2562.63,52.69,False,True,52.92,Bull: Accumulation,57.9,Moderate,14.9,18.0,3.0,6.0,6.5,4.5,5.0,2026-07-23,1,2668.8,-0.89,-24.0,2700.0,0.27,2665.6,-1.01,True,,57.9,52.69,52.92,False,Stop Hit,46.25,2673.11,2738.59,2855.41,True,False,False,2,
MOTHERSON_EMA9x21_20260723,2026-07-23,EMA9x21,MOTHERSON,Samvardhana Motherson International Ltd.,145.57,142.2,148.19,142.2,17040272,1.01,144.17,144.05,140.78,125.46,54.65,False,True,42.09,Bull: Markup,59.4,Moderate,15.4,20.0,5.0,5.0,6.5,4.5,3.0,2026-08-07,11,168.5,15.75,22.93,168.5,15.75,142.2,-2.32,True,,59.4,54.65,42.09,False,Completed,3.93,137.31,149.3,155.85,False,True,True,12,
POWERGRID_EMA9x21_20260723,2026-07-23,EMA9x21,POWERGRID,Power Grid Corporation of India Ltd.,289.8,287.3,290.95,287.0,7406953,0.94,286.6,286.39,289.5,288.03,54.79,True,True,59.33,Consolidation,57.5,Moderate,15.5,12.0,7.0,6.0,7.5,7.5,2.0,2026-07-29,4,282.85,-2.4,-6.95,290.95,0.4,282.85,-2.4,True,,57.5,54.79,59.33,False,Stop Hit,4.86,285.1,296.02,310.93,True,False,False,5,
BOSCHLTD_PBtoEMA21_20260723,2026-07-23,PBtoEMA21,BOSCHLTD,Bosch Ltd.,42240.0,41540.0,42985.0,41125.0,39162,1.56,41445.91,40996.24,39569.78,36976.09,66.51,False,True,34.83,Consolidation,61.5,Moderate,14.0,16.0,8.0,6.0,8.0,4.5,5.0,2026-07-29,4,41065.0,-2.78,-1175.0,42985.0,1.76,41065.0,-2.78,True,,61.5,66.51,34.83,False,Stop Hit,797.5,41174.09,42700.91,46464.0,True,False,False,5,
UNITDSPR_RibbonNew_20260723,2026-07-23,RibbonNew,UNITDSPR,United Spirits Ltd.,1418.0,1399.9,1435.4,1395.0,1621289,1.84,1394.61,1377.31,1348.41,1347.19,63.02,False,True,37.66,Consolidation,65.0,Moderate,16.5,16.0,10.0,5.0,8.0,4.5,5.0,2026-09-04,31,1471.7,3.79,53.7,1556.0,9.73,1395.0,-1.62,True,,65.0,63.02,37.66,False,Active,30.16,1206.18,1485.93,1559.8,False,True,False,32,
MOTHERSON_RibbonNew_20260723,2026-07-23,RibbonNew,MOTHERSON,Samvardhana Motherson International Ltd.,145.57,142.2,148.19,142.2,17040272,1.01,144.17,144.05,140.78,125.46,54.65,False,True,42.09,Bull: Markup,59.4,Moderate,15.4,20.0,5.0,5.0,6.5,4.5,3.0,2026-08-07,11,168.5,15.75,22.93,168.5,15.75,142.2,-2.32,True,,59.4,54.65,42.09,False,Completed,3.93,137.31,149.3,155.85,False,True,True,12,
LODHA_RibbonNew_20260723,2026-07-23,RibbonNew,LODHA,Lodha Developers Ltd.,1146.4,1155.0,1176.05,1131.1,1955220,0.56,1161.76,1109.17,1024.15,1023.14,60.93,False,True,54.05,Consolidation,52.0,Low,13.0,14.0,4.0,9.0,7.0,2.0,3.0,2026-07-28,3,1301.4,13.52,155.0,1301.4,13.52,1131.1,-1.33,True,,52.0,60.93,54.05,False,Completed,48.39,1092.64,1153.44,1205.66,False,True,True,4,
PNB_EMA21x50_20260724,2026-07-24,EMA21x50,PNB,Punjab National Bank,110.38,109.0,110.64,108.71,11896056,0.49,109.02,107.67,107.55,110.93,58.71,True,True,42.99,Consolidation,67.0,Moderate,17.5,16.0,9.0,6.0,7.0,6.5,5.0,2026-09-04,30,117.0,6.0,6.62,118.98,7.79,108.71,-1.51,True,,67.0,58.71,42.99,False,Active,2.5,98.14,111.35,125.46,False,True,False,31,
PIDILITIND_PBtoEMA21_20260724,2026-07-24,PBtoEMA21,PIDILITIND,Pidilite Industries Ltd.,1570.9,1562.0,1585.0,1537.1,2199972,2.12,1574.89,1572.12,1538.26,1482.58,51.24,False,True,66.57,Bull: Markup,67.0,Moderate,13.0,19.0,11.0,9.0,5.5,4.5,5.0,2026-07-29,3,1629.9,3.76,59.0,1629.9,3.76,1537.1,-2.15,True,,67.0,51.24,66.57,False,Completed,35.07,1482.45,1615.65,1625.75,False,True,True,4,
NESTLEIND_PBtoEMA21_20260724,2026-07-24,PBtoEMA21,NESTLEIND,Nestle India Ltd.,1443.5,1439.8,1467.8,1431.0,3041453,1.42,1448.19,1439.44,1418.81,1327.69,52.01,True,True,56.32,Consolidation,61.0,Moderate,13.0,15.0,10.0,8.0,5.5,6.5,3.0,2026-09-04,30,1410.5,-2.29,-33.0,1540.0,6.69,1410.5,-2.29,True,,61.0,52.01,56.32,False,Active,32.32,1330.49,1503.05,1587.85,False,True,False,31,
APOLLOHOSP_PBtoEMA21_20260724,2026-07-24,PBtoEMA21,APOLLOHOSP,Apollo Hospitals Enterprise Ltd.,8805.5,8801.0,8869.5,8792.5,189462,0.66,8862.19,8784.16,8534.25,7867.78,54.89,False,True,65.23,Consolidation,50.2,Low,11.7,14.0,6.0,10.0,3.5,2.0,3.0,2026-08-04,7,9050.0,2.78,244.5,9050.0,2.78,8792.5,-0.15,True,,50.2,54.89,65.23,False,Completed,132.43,8604.29,8930.29,9028.71,False,True,True,8,
SBILIFE_EMA21x50_20260727,2026-07-27,EMA21x50,SBILIFE,SBI Life Insurance Company Ltd.,1866.8,1860.0,1870.7,1836.2,1098444,1.27,1841.99,1826.74,1825.48,1860.73,58.82,True,True,64.53,Consolidation,79.5,High,17.0,16.0,10.0,13.0,10.0,8.5,5.0,2026-09-02,27,1719.9,-7.87,-146.9,1915.0,2.58,1719.9,-7.87,True,,79.5,58.82,64.53,False,Stop Hit,42.69,1721.99,2135.15,2053.48,True,False,False,28,
HCLTECH_EMA21x50_20260727,2026-07-27,EMA21x50,HCLTECH,HCL Technologies Ltd.,1295.9,1284.6,1303.0,1277.3,3846280,0.88,1236.57,1197.7,1192.6,1346.35,69.31,True,True,51.24,Consolidation,69.5,Moderate,15.0,16.0,6.0,9.0,10.0,8.5,5.0,2026-08-03,5,1377.0,6.26,81.1,1377.0,6.26,1277.3,-1.44,True,,69.5,69.31,51.24,False,Completed,37.5,1262.34,1327.84,1354.28,False,True,True,6,
BAJAJHLDNG_EMA9x21_20260727,2026-07-27,EMA9x21,BAJAJHLDNG,Bajaj Holdings & Investment Ltd.,10810.0,10694.0,10829.0,10631.0,69044,1.1,10592.88,10564.67,10494.91,10849.94,57.61,True,True,60.59,Consolidation,78.9,High,15.9,16.0,10.0,12.0,10.0,10.0,5.0,2026-09-04,29,11162.0,3.26,352.0,11644.0,7.72,10631.0,-1.66,True,,78.9,57.61,60.59,False,Active,276.0,9900.2,12045.8,13191.75,False,False,False,30,
GAIL_EMA9x21_20260727,2026-07-27,EMA9x21,GAIL,GAIL (India) Ltd.,174.23,170.11,174.89,170.11,10639517,1.52,172.52,172.36,169.94,166.73,54.94,False,True,65.23,Consolidation,73.5,Moderate,18.5,16.0,9.0,13.0,7.5,4.5,5.0,2026-09-04,29,173.4,-0.48,-0.83,181.44,4.14,170.11,-2.36,True,,73.5,54.94,65.23,False,Active,3.85,150.86,175.32,181.77,False,True,False,30,
CUMMINSIND_EMA9x21_20260727,2026-07-27,EMA9x21,CUMMINSIND,Cummins India Ltd.,5629.5,5643.5,5649.5,5589.5,343093,0.89,5577.17,5574.27,5508.91,4849.56,53.99,True,True,71.25,Bull: Accumulation,71.6,Moderate,14.6,18.0,3.0,15.0,7.5,8.5,5.0,2026-08-19,17,5220.0,-7.27,-409.5,5649.5,0.36,5220.0,-7.27,True,,71.6,53.99,71.25,False,Stop Hit,118.4,5253.2,5694.5,5759.5,True,False,False,18,
INDIGO_EMA9x21_20260727,2026-07-27,EMA9x21,INDIGO,InterGlobe Aviation Ltd.,5230.0,5111.0,5242.5,5095.0,1731194,1.37,5160.56,5152.01,4977.9,4910.03,54.57,False,True,39.87,Bull: Accumulation,55.2,Moderate,9.2,18.0,9.0,4.0,8.5,4.5,2.0,2026-09-03,28,4980.0,-4.78,-250.0,5400.0,3.25,4980.0,-4.78,True,,55.2,54.57,39.87,False,Stop Hit,158.43,4985.99,5560.19,5855.31,True,False,False,29,
APOLLOHOSP_PBtoEMA9_20260727,2026-07-27,PBtoEMA9,APOLLOHOSP,Apollo Hospitals Enterprise Ltd.,8843.5,8816.0,8860.5,8744.0,135159,0.48,8858.45,8789.56,8546.38,7877.48,57.09,False,True,53.77,Consolidation,45.8,Low,11.8,14.0,4.0,6.0,5.0,2.0,3.0,2026-08-04,6,9050.0,2.34,206.5,9050.0,2.34,8744.0,-1.13,True,,45.8,57.09,53.77,False,Completed,130.82,8791.05,8930.45,9028.55,False,True,True,7,
PIDILITIND_PBtoEMA21_20260727,2026-07-27,PBtoEMA21,PIDILITIND,Pidilite Industries Ltd.,1611.3,1588.9,1622.4,1579.7,1161564,1.08,1582.17,1575.68,1541.12,1483.86,59.85,False,True,55.75,Bull: Distribution,63.5,Moderate,16.0,18.0,8.0,5.0,7.0,4.5,5.0,2026-09-04,29,1629.5,1.13,18.2,1701.5,5.6,1579.7,-1.96,True,,63.5,59.85,55.75,False,Active,37.3,1577.24,1625.94,1772.43,False,True,False,30,
NESTLEIND_PBtoEMA21_20260727,2026-07-27,PBtoEMA21,NESTLEIND,Nestle India Ltd.,1446.1,1451.0,1461.5,1435.3,2030267,0.94,1447.78,1440.05,1419.88,1328.87,52.62,False,True,61.29,Consolidation,60.0,Moderate,14.5,15.0,8.0,12.0,5.5,2.0,3.0,2026-09-04,29,1410.5,-2.46,-35.6,1540.0,6.49,1410.5,-2.46,True,,60.0,52.62,61.29,False,Active,32.75,1330.42,1514.88,1590.71,False,True,False,30,
ASIANPAINT_PBtoEMA21_20260727,2026-07-27,PBtoEMA21,ASIANPAINT,Asian Paints Ltd.,2710.2,2665.8,2723.9,2664.3,715204,0.89,2680.52,2681.71,2651.76,2565.87,55.22,False,True,38.0,Bull: Accumulation,53.1,Low,13.6,11.0,7.0,3.0,9.0,4.5,5.0,2026-08-18,16,2628.4,-3.02,-81.8,2810.0,3.68,2628.4,-3.02,True,,53.1,55.22,38.0,False,Stop Hit,51.62,2673.38,2855.68,2906.82,True,False,False,17,
BOSCHLTD_PBtoEMA21_20260727,2026-07-27,PBtoEMA21,BOSCHLTD,Bosch Ltd.,41250.0,41905.0,42165.0,41130.0,22284,0.99,41456.18,41082.02,39718.01,37065.7,54.57,False,True,47.76,Consolidation,48.5,Low,11.0,15.0,7.0,5.0,3.5,2.0,5.0,2026-08-12,12,46480.0,12.68,5230.0,46480.0,12.68,41065.0,-0.45,True,,48.5,54.57,47.76,False,Completed,809.29,40535.64,42700.64,45375.0,False,True,True,13,
APOLLOHOSP_PBtoEMA21_20260727,2026-07-27,PBtoEMA21,APOLLOHOSP,Apollo Hospitals Enterprise Ltd.,8843.5,8816.0,8860.5,8744.0,135159,0.48,8858.45,8789.56,8546.38,7877.48,57.09,False,True,53.77,Consolidation,45.8,Low,11.8,14.0,4.0,6.0,5.0,2.0,3.0,2026-08-04,6,9050.0,2.34,206.5,9050.0,2.34,8744.0,-1.13,True,,45.8,57.09,53.77,False,Completed,130.82,8791.05,8930.45,9028.55,False,True,True,7,
GAIL_RibbonNew_20260727,2026-07-27,RibbonNew,GAIL,GAIL (India) Ltd.,174.23,170.11,174.89,170.11,10639517,1.52,172.52,172.36,169.94,166.73,54.94,False,True,65.23,Consolidation,73.5,Moderate,18.5,16.0,9.0,13.0,7.5,4.5,5.0,2026-09-04,29,173.4,-0.48,-0.83,181.44,4.14,170.11,-2.36,True,,73.5,54.94,65.23,False,Active,3.85,150.86,175.32,181.77,False,True,False,30,
CUMMINSIND_RibbonNew_20260727,2026-07-27,RibbonNew,CUMMINSIND,Cummins India Ltd.,5629.5,5643.5,5649.5,5589.5,343093,0.89,5577.17,5574.27,5508.91,4849.56,53.99,True,True,71.25,Bull: Accumulation,71.6,Moderate,14.6,18.0,3.0,15.0,7.5,8.5,5.0,2026-08-19,17,5220.0,-7.27,-409.5,5649.5,0.36,5220.0,-7.27,True,,71.6,53.99,71.25,False,Stop Hit,118.4,5253.2,5694.5,5759.5,True,False,False,18,
BRITANNIA_EMA21x50_20260728,2026-07-28,EMA21x50,BRITANNIA,Britannia Industries Ltd.,5478.5,5380.0,5510.0,5380.0,340199,1.58,5413.08,5372.33,5370.37,5563.9,59.94,True,True,48.7,Consolidation,64.5,Moderate,16.0,16.0,8.0,3.0,10.0,8.5,3.0,2026-08-21,18,5365.0,-2.07,-113.5,5645.5,3.05,5365.0,-2.07,True,,64.5,59.94,48.7,False,Stop Hit,97.57,5366.77,5544.27,5664.73,True,True,False,19,
ASIANPAINT_EMA9x21_20260728,2026-07-28,EMA9x21,ASIANPAINT,Asian Paints Ltd.,2736.2,2712.0,2749.8,2706.3,1282146,1.63,2691.66,2686.66,2655.07,2567.57,58.79,True,True,49.82,Bull: Accumulation,77.5,High,18.5,18.0,9.0,7.0,10.0,10.0,5.0,2026-08-18,15,2628.4,-3.94,-107.8,2810.0,2.7,2628.4,-3.94,True,,77.5,58.79,49.82,False,Stop Hit,49.15,2673.3,2855.6,2906.9,True,False,False,16,
IOC_EMA9x21_20260728,2026-07-28,EMA9x21,IOC,Indian Oil Corporation Ltd.,141.28,142.0,142.95,141.03,5767618,0.47,140.88,140.88,141.65,146.05,50.85,True,True,44.94,Consolidation,51.4,Low,11.4,12.0,4.0,3.0,8.5,7.5,5.0,2026-08-20,17,135.9,-3.81,-5.38,144.0,1.93,135.9,-3.81,True,,51.4,50.85,44.94,False,Stop Hit,2.87,136.14,142.46,154.08,True,True,False,18,
APOLLOHOSP_PBtoEMA9_20260728,2026-07-28,PBtoEMA9,APOLLOHOSP,Apollo Hospitals Enterprise Ltd.,8903.0,8844.5,8945.0,8830.0,167309,0.61,8867.36,8799.87,8560.37,7887.69,60.34,False,True,60.41,Consolidation,58.2,Moderate,13.7,16.0,4.0,10.0,7.0,4.5,3.0,2026-08-11,10,8750.5,-1.71,-152.5,9050.0,1.65,8750.5,-1.71,True,,58.2,60.34,60.41,False,Stop Hit,125.61,8790.89,9028.39,9793.3,True,True,False,11,
ASIANPAINT_PBtoEMA21_20260728,2026-07-28,PBtoEMA21,ASIANPAINT,Asian Paints Ltd.,2736.2,2712.0,2749.8,2706.3,1282146,1.63,2691.66,2686.66,2655.07,2567.57,58.79,True,True,49.82,Bull: Accumulation,77.5,High,18.5,18.0,9.0,7.0,10.0,10.0,5.0,2026-08-18,15,2628.4,-3.94,-107.8,2810.0,2.7,2628.4,-3.94,True,,77.5,58.79,49.82,False,Stop Hit,49.15,2673.3,2855.6,2906.9,True,False,False,16,
HAL_PBtoEMA21_20260728,2026-07-28,PBtoEMA21,HAL,Hindustan Aeronautics Ltd.,4600.1,4618.0,4625.0,4500.1,684639,1.05,4557.95,4498.08,4421.92,4348.56,62.53,True,True,34.69,Consolidation,63.0,Moderate,16.5,16.0,8.0,4.0,7.0,6.5,5.0,2026-08-12,11,4995.0,8.58,394.9,4995.0,8.58,4500.1,-2.17,True,,63.0,62.53,34.69,False,Completed,88.05,4090.04,4822.54,4950.74,False,True,True,12,
BOSCHLTD_PBtoEMA21_20260728,2026-07-28,PBtoEMA21,BOSCHLTD,Bosch Ltd.,41310.0,41705.0,41705.0,40925.0,25733,1.3,41426.95,41102.74,39780.44,37107.93,55.11,False,True,47.25,Consolidation,49.4,Low,11.4,15.0,6.0,5.0,5.0,2.0,5.0,2026-08-12,11,46480.0,12.52,5170.0,46480.0,12.52,40925.0,-0.93,True,,49.4,55.11,47.25,False,Completed,811.79,40534.31,43119.31,45441.0,False,True,True,12,
ADANIENSOL_PBtoEMA21_20260728,2026-07-28,PBtoEMA21,ADANIENSOL,Adani Energy Solutions Ltd.,1649.5,1701.0,1701.0,1625.0,2898705,1.23,1687.55,1652.18,1553.03,1242.23,52.88,False,True,47.24,Consolidation,47.7,Low,10.2,15.0,6.0,6.0,5.5,2.0,3.0,2026-08-06,7,1620.0,-1.79,-29.5,1701.0,3.12,1620.0,-1.79,True,,47.7,52.88,47.24,False,Stop Hit,57.39,1623.4,1703.4,1720.6,True,False,False,8,
TECHM_RibbonNew_20260728,2026-07-28,RibbonNew,TECHM,Tech Mahindra Ltd.,1635.2,1599.0,1643.9,1595.8,5082959,1.83,1564.32,1519.35,1483.1,1482.17,71.01,True,True,53.7,Consolidation,80.0,High,19.5,16.0,12.0,11.0,8.0,8.5,5.0,2026-08-17,14,1610.0,-1.54,-25.2,1669.0,2.07,1595.8,-2.41,True,,80.0,71.01,53.7,False,Stop Hit,47.71,1621.65,1728.95,1743.05,True,False,False,15,
ASIANPAINT_RibbonNew_20260728,2026-07-28,RibbonNew,ASIANPAINT,Asian Paints Ltd.,2736.2,2712.0,2749.8,2706.3,1282146,1.63,2691.66,2686.66,2655.07,2567.57,58.79,True,True,49.82,Bull: Accumulation,77.5,High,18.5,18.0,9.0,7.0,10.0,10.0,5.0,2026-08-18,15,2628.4,-3.94,-107.8,2810.0,2.7,2628.4,-3.94,True,,77.5,58.79,49.82,False,Stop Hit,49.15,2673.3,2855.6,2906.9,True,False,False,16,
CIPLA_EMA9x21_20260729,2026-07-29,EMA9x21,CIPLA,Cipla Ltd.,1474.3,1451.0,1491.2,1442.0,2192190,1.42,1433.79,1429.29,1409.44,1404.22,62.41,True,True,55.16,Bull: Accumulation,77.0,High,15.0,18.0,10.0,11.0,8.0,10.0,5.0,2026-08-19,15,1422.0,-3.55,-52.3,1491.2,1.15,1422.0,-3.55,True,,77.0,62.41,55.16,False,Stop Hit,34.44,1426.87,1544.83,1621.73,True,False,False,16,
WIPRO_EMA9x21_20260729,2026-07-29,EMA9x21,WIPRO,Wipro Ltd.,183.61,183.0,185.76,181.45,26135853,1.73,178.15,177.61,182.55,207.8,59.85,True,True,53.23,Consolidation,73.0,Moderate,19.5,11.0,11.0,9.0,10.0,7.5,5.0,2026-08-03,3,188.66,2.75,5.05,188.66,2.75,181.45,-1.18,True,,73.0,59.85,53.23,False,Completed,3.58,181.07,185.93,187.57,False,True,True,4,
MARUTI_EMA9x21_20260729,2026-07-29,EMA9x21,MARUTI,Maruti Suzuki India Ltd.,13948.0,13780.0,13980.0,13720.0,515649,1.35,13711.75,13705.06,13631.1,13925.78,56.31,False,True,67.22,Consolidation,70.6,Moderate,15.1,16.0,9.0,14.0,10.0,4.5,2.0,2026-08-18,14,13691.0,-1.84,-257.0,14234.0,2.05,13691.0,-1.84,True,,70.6,56.31,67.22,False,Stop Hit,261.5,13753.5,14101.5,15216.5,True,True,False,15,
PFC_EMA9x21_20260729,2026-07-29,EMA9x21,PFC,Power Finance Corporation Ltd.,427.1,419.9,431.4,419.1,6586000,1.27,416.75,416.4,420.97,410.51,58.43,True,True,62.66,Consolidation,68.5,Moderate,16.0,11.0,9.0,13.0,10.0,7.5,2.0,2026-07-31,2,424.35,-0.64,-2.75,431.4,1.01,419.1,-1.87,True,,68.5,58.43,62.66,False,Stop Hit,8.37,424.91,430.15,446.17,True,False,False,3,
JSWSTEEL_EMA9x21_20260729,2026-07-29,EMA9x21,JSWSTEEL,JSW Steel Ltd.,1276.6,1255.7,1279.0,1243.2,1516540,0.83,1252.54,1249.34,1251.5,1201.44,58.65,True,True,44.74,Consolidation,58.5,Moderate,18.0,12.0,5.0,3.0,10.0,8.5,2.0,2026-09-04,27,1325.0,3.79,48.4,1341.0,5.04,1243.2,-2.62,True,,58.5,58.65,44.74,False,Active,24.84,1071.19,1331.71,1404.26,False,True,False,28,
INFY_EMA9x21_20260729,2026-07-29,EMA9x21,INFY,Infosys Ltd.,1155.6,1147.0,1164.5,1128.4,34398432,2.19,1090.31,1082.71,1111.56,1295.11,62.84,True,True,58.52,Bear: Distribution,58.0,Moderate,16.5,10.0,12.0,10.0,10.0,8.5,5.0,2026-08-18,14,1115.0,-3.51,-40.6,1190.7,3.04,1115.0,-3.51,True,,58.0,62.84,58.52,False,Stop Hit,33.68,1120.06,1201.74,1220.26,True,False,False,15,
JIOFIN_EMA9x21_20260729,2026-07-29,EMA9x21,JIOFIN,Jio Financial Services Ltd.,249.48,238.0,253.9,237.51,48979452,2.23,239.21,238.47,239.1,257.33,62.0,True,True,40.34,Bear: Distribution,58.0,Moderate,18.5,10.0,12.0,4.0,10.0,10.0,5.0,2026-07-30,1,246.95,-1.01,-2.53,253.9,1.77,237.51,-4.8,True,,58.0,62.0,40.34,False,Stop Hit,6.38,247.75,257.9,287.85,True,False,False,2,
AMBUJACEM_EMA9x21_20260729,2026-07-29,EMA9x21,AMBUJACEM,Ambuja Cements Ltd.,435.3,424.3,443.0,423.15,5054063,2.24,431.02,430.95,433.35,476.74,52.9,False,True,39.81,Bear: Distribution,56.5,Moderate,12.5,10.0,10.0,6.0,8.5,4.5,5.0,2026-08-18,14,412.4,-5.26,-22.9,445.0,2.23,412.4,-5.26,True,,56.5,52.9,39.81,False,Stop Hit,10.99,413.75,446.95,456.25,True,False,False,15,
APOLLOHOSP_PBtoEMA9_20260729,2026-07-29,PBtoEMA9,APOLLOHOSP,Apollo Hospitals Enterprise Ltd.,8935.0,8932.0,8970.0,8903.5,164857,0.67,8880.89,8812.15,8575.06,7898.11,62.01,False,True,58.62,Consolidation,61.5,Moderate,16.0,16.0,4.0,8.0,8.0,4.5,5.0,2026-08-11,9,8750.5,-2.06,-184.5,9050.0,1.29,8750.5,-2.06,True,,61.5,62.01,58.62,False,Stop Hit,118.46,8790.22,9027.72,9828.5,True,True,False,10,
ASIANPAINT_PBtoEMA21_20260729,2026-07-29,PBtoEMA21,ASIANPAINT,Asian Paints Ltd.,2758.4,2746.2,2864.0,2718.5,3802724,3.83,2705.01,2693.18,2659.12,2569.46,61.61,True,True,28.29,Bull: Accumulation,76.5,High,17.0,18.0,14.0,4.0,10.0,8.5,5.0,2026-09-02,25,2527.5,-8.37,-230.9,2864.0,3.83,2527.5,-8.37,True,,76.5,61.61,28.29,False,Stop Hit,54.77,2533.42,2856.62,2905.88,True,False,False,26,
HAL_PBtoEMA21_20260729,2026-07-29,PBtoEMA21,HAL,Hindustan Aeronautics Ltd.,4592.0,4600.1,4621.0,4535.0,495878,0.77,4564.76,4506.62,4428.59,4350.98,61.51,True,True,40.31,Consolidation,58.5,Moderate,14.0,16.0,6.0,3.0,8.0,6.5,5.0,2026-08-06,6,4920.0,7.14,328.0,4920.0,7.14,4535.0,-1.24,True,,58.5,61.51,40.31,False,Completed,89.44,4090.1,4678.44,4822.6,False,True,True,7,
BOSCHLTD_PBtoEMA21_20260729,2026-07-29,PBtoEMA21,BOSCHLTD,Bosch Ltd.,41065.0,41355.0,41630.0,39705.0,46737,2.19,41354.56,41099.31,39830.81,37147.3,52.35,False,True,38.22,Consolidation,45.6,Low,7.1,15.0,10.0,5.0,3.5,2.0,3.0,2026-08-11,9,45185.0,10.03,4120.0,45185.0,10.03,39705.0,-3.31,True,,45.6,52.35,38.22,False,Completed,898.57,40545.34,43130.34,45171.5,False,True,True,10,
CIPLA_RibbonNew_20260729,2026-07-29,RibbonNew,CIPLA,Cipla Ltd.,1474.3,1451.0,1491.2,1442.0,2192190,1.42,1433.79,1429.29,1409.44,1404.22,62.41,True,True,55.16,Bull: Accumulation,77.0,High,15.0,18.0,10.0,11.0,8.0,10.0,5.0,2026-08-19,15,1422.0,-3.55,-52.3,1491.2,1.15,1422.0,-3.55,True,,77.0,62.41,55.16,False,Stop Hit,34.44,1426.87,1544.83,1621.73,True,False,False,16,
TCS_EMA21x50_20260730,2026-07-30,EMA21x50,TCS,Tata Consultancy Services Ltd.,2431.8,2440.0,2495.0,2423.0,4901254,0.92,2326.74,2249.43,2244.86,2594.08,70.72,True,True,49.96,Consolidation,63.0,Moderate,12.5,16.0,8.0,5.0,8.0,8.5,5.0,2026-07-31,1,2365.6,-2.72,-66.2,2495.0,2.6,2365.6,-2.72,True,,63.0,70.72,49.96,False,Stop Hit,65.43,2387.39,2880.76,2937.06,True,False,False,2,
KOTAKBANK_EMA9x21_20260730,2026-07-30,EMA9x21,KOTAKBANK,Kotak Mahindra Bank Ltd.,389.4,385.7,390.2,385.7,12205519,0.83,386.03,386.03,387.03,395.78,52.93,True,True,67.88,Bull: Markup ⚠ Vol Contraction,62.2,Moderate,15.2,16.0,4.0,9.0,8.5,7.5,2.0,2026-09-04,26,424.5,9.01,35.1,425.0,9.14,385.7,-0.95,True,,62.2,52.93,67.88,False,Active,8.12,384.81,392.11,454.39,False,True,False,27,
JINDALSTEL_EMA9x21_20260730,2026-07-30,EMA9x21,JINDALSTEL,Jindal Steel Ltd.,1093.7,1090.0,1120.0,1085.9,653692,0.51,1062.67,1061.55,1096.11,1105.0,57.53,True,True,42.47,Consolidation,61.5,Moderate,15.0,12.0,7.0,8.0,10.0,7.5,2.0,2026-08-26,19,1175.4,7.47,81.7,1175.4,7.47,1085.9,-0.71,True,,61.5,57.53,42.47,False,Completed,25.04,973.07,1136.03,1164.37,False,True,True,20,
APOLLOHOSP_PBtoEMA9_20260730,2026-07-30,PBtoEMA9,APOLLOHOSP,Apollo Hospitals Enterprise Ltd.,8988.0,8900.0,9009.0,8865.5,263010,1.07,8902.31,8828.14,8591.25,7908.95,64.66,False,True,62.11,Consolidation,67.0,Moderate,18.5,16.0,5.0,10.0,8.0,4.5,5.0,2026-08-11,8,8750.5,-2.64,-237.5,9050.0,0.69,8750.5,-2.64,True,,67.0,64.66,62.11,False,Stop Hit,120.64,8790.42,9437.4,9886.8,True,False,False,9,
INDHOTEL_PBtoEMA9_20260730,2026-07-30,PBtoEMA9,INDHOTEL,Indian Hotels Co. Ltd.,749.25,736.55,750.5,733.9,2223497,0.96,735.6,729.13,709.23,695.14,63.09,False,True,52.32,Consolidation,67.0,Moderate,19.5,16.0,5.0,9.0,8.0,4.5,5.0,2026-09-04,26,720.0,-3.9,-29.25,752.0,0.37,706.4,-5.72,True,,67.0,63.09,52.32,False,Active,14.77,691.65,768.4,824.18,False,False,False,27,
HAL_PBtoEMA21_20260730,2026-07-30,PBtoEMA21,HAL,Hindustan Aeronautics Ltd.,4581.4,4580.0,4597.5,4538.2,605996,0.99,4568.09,4513.42,4434.58,4353.28,60.12,True,True,53.86,Consolidation,66.0,Moderate,14.5,16.0,8.0,9.0,7.0,6.5,5.0,2026-08-06,5,4920.0,7.39,338.6,4920.0,7.39,4538.2,-0.94,True,,66.0,60.12,53.86,False,Completed,83.25,4554.63,4678.1,4822.94,False,True,True,6,
BOSCHLTD_PBtoEMA21_20260730,2026-07-30,PBtoEMA21,BOSCHLTD,Bosch Ltd.,41550.0,41065.0,41600.0,40905.0,27710,1.23,41393.64,41140.29,39898.23,37191.11,56.95,False,True,44.77,Consolidation,52.7,Low,9.2,16.0,7.0,6.0,7.0,4.5,3.0,2026-08-12,9,46480.0,11.87,4930.0,46480.0,11.87,40905.0,-1.55,True,,52.7,56.95,44.77,False,Completed,893.57,34467.59,43127.41,45705.0,False,True,True,10,
UNIONBANK_RibbonNew_20260730,2026-07-30,RibbonNew,UNIONBANK,Union Bank of India,170.4,171.08,171.08,167.9,9362849,0.47,170.15,169.52,169.53,164.3,51.58,True,True,44.67,Consolidation,48.5,Low,11.5,12.0,4.0,5.0,6.5,6.5,3.0,2026-08-17,12,188.9,10.86,18.5,188.9,10.86,167.9,-1.47,True,,48.5,51.58,44.67,False,Completed,5.51,168.04,184.23,187.44,False,True,True,13,
JIOFIN_EMA21x50_20260731,2026-07-31,EMA21x50,JIOFIN,Jio Financial Services Ltd.,256.46,247.5,257.06,247.0,42826329,1.85,243.9,240.81,240.08,257.22,65.96,True,True,47.09,Consolidation,80.0,High,20.5,16.0,13.0,7.0,10.0,8.5,5.0,2026-08-10,6,254.0,-0.96,-2.46,265.0,3.33,247.0,-3.69,True,,80.0,65.96,47.09,False,Stop Hit,6.43,254.14,287.81,294.44,True,False,False,7,
JSWSTEEL_EMA21x50_20260731,2026-07-31,EMA21x50,JSWSTEEL,JSW Steel Ltd.,1270.0,1276.4,1282.2,1262.0,1449844,0.81,1258.95,1252.99,1252.95,1202.81,56.2,True,True,63.52,Consolidation,69.4,Moderate,14.9,16.0,6.0,12.0,10.0,8.5,2.0,2026-09-04,25,1325.0,4.33,55.0,1341.0,5.59,1262.0,-0.63,True,,69.4,56.2,63.52,False,Active,25.2,1071.06,1331.84,1397.0,False,True,False,26,
UNIONBANK_EMA21x50_20260731,2026-07-31,EMA21x50,UNIONBANK,Union Bank of India,171.24,171.06,172.8,169.82,5557438,0.31,170.37,169.68,169.6,164.37,52.79,True,True,40.04,Consolidation,56.6,Moderate,13.6,16.0,4.0,3.0,8.5,8.5,3.0,2026-08-17,11,188.9,10.31,17.66,188.9,10.31,169.82,-0.83,True,,56.6,52.79,40.04,False,Completed,5.14,155.88,184.21,188.36,False,True,True,12,
INDHOTEL_PBtoEMA9_20260731,2026-07-31,PBtoEMA9,INDHOTEL,Indian Hotels Co. Ltd.,738.55,751.2,757.4,736.85,2771521,1.23,736.19,729.99,710.38,695.57,56.58,False,True,54.14,Consolidation,56.9,Moderate,13.9,16.0,5.0,9.0,6.0,2.0,5.0,2026-09-04,25,720.0,-2.51,-18.55,757.4,2.55,706.4,-4.35,True,,56.9,56.58,54.14,False,Active,15.1,691.59,768.46,812.4,False,False,False,26,
GRASIM_PBtoEMA21_20260731,2026-07-31,PBtoEMA21,GRASIM,Grasim Industries Ltd.,3100.8,3115.7,3135.9,3092.6,309447,0.66,3114.59,3122.98,3087.61,2910.39,46.79,False,True,56.98,Consolidation,46.0,Low,17.5,9.0,4.0,6.0,4.0,2.5,3.0,2026-08-03,1,3260.0,5.13,159.2,3260.0,5.13,3092.6,-0.26,True,,46.0,46.79,56.98,False,Completed,49.87,3074.22,3129.22,3187.28,False,True,True,2,
BOSCHLTD_PBtoEMA21_20260731,2026-07-31,PBtoEMA21,BOSCHLTD,Bosch Ltd.,41085.0,41590.0,41715.0,40920.0,18905,0.84,41331.92,41135.26,39944.77,37229.85,51.79,False,True,52.74,Consolidation,45.3,Low,6.8,15.0,5.0,8.0,5.5,2.0,3.0,2026-08-12,8,46480.0,13.13,5395.0,46480.0,13.13,40920.0,-0.4,True,,45.3,51.79,52.74,False,Completed,897.5,40540.75,43125.75,45193.5,False,True,True,9,
JSWSTEEL_RibbonNew_20260731,2026-07-31,RibbonNew,JSWSTEEL,JSW Steel Ltd.,1270.0,1276.4,1282.2,1262.0,1449844,0.81,1258.95,1252.99,1252.95,1202.81,56.2,True,True,63.52,Consolidation,69.4,Moderate,14.9,16.0,6.0,12.0,10.0,8.5,2.0,2026-09-04,25,1325.0,4.33,55.0,1341.0,5.59,1262.0,-0.63,True,,69.4,56.2,63.52,False,Active,25.2,1071.06,1331.84,1397.0,False,True,False,26,
IOC_EMA9x21_20260803,2026-08-03,EMA9x21,IOC,Indian Oil Corporation Ltd.,143.7,142.52,145.2,142.38,17958787,1.51,141.13,140.96,141.56,145.85,56.91,True,True,39.31,Bull: Markup ⚠ Vol Contraction,72.5,Moderate,16.5,16.0,10.0,5.0,10.0,10.0,5.0,2026-08-20,13,135.9,-5.43,-7.8,145.2,1.04,135.9,-5.43,True,,72.5,56.91,39.31,False,Stop Hit,2.83,136.16,154.07,157.97,True,False,False,14,
GRASIM_EMA9x21_20260803,2026-08-03,EMA9x21,GRASIM,Grasim Industries Ltd.,3260.0,3120.0,3260.0,3103.1,393607,0.93,3143.67,3135.44,3094.37,2913.87,64.91,True,True,53.65,Consolidation,70.5,Moderate,19.5,16.0,4.0,8.0,8.0,10.0,5.0,2026-08-04,1,3138.0,-3.74,-122.0,3260.0,0.0,3103.1,-4.81,True,,70.5,64.91,53.65,False,Stop Hit,56.93,3186.13,3423.0,3586.0,True,False,False,2,
SBIN_EMA9x21_20260803,2026-08-03,EMA9x21,SBIN,State Bank of India,1045.0,1035.0,1051.5,1031.6,10488126,1.05,1027.91,1027.5,1026.18,1000.2,57.18,False,True,58.63,Consolidation,64.0,Moderate,13.5,16.0,6.0,9.0,10.0,4.5,5.0,2026-08-07,4,1097.2,5.0,52.2,1097.2,5.0,1031.6,-1.28,True,,64.0,57.18,58.63,False,Completed,17.75,1038.85,1052.65,1087.75,False,True,True,5,
ITC_EMA9x21_20260803,2026-08-03,EMA9x21,ITC,ITC Ltd.,287.0,284.45,292.55,283.0,45362245,2.57,284.04,283.99,287.72,322.02,54.3,True,False,36.68,Consolidation,55.5,Moderate,12.5,12.0,13.0,4.0,6.5,7.5,0.0,2026-08-10,5,282.65,-1.52,-4.35,292.55,1.93,282.65,-1.52,True,,55.5,54.3,36.68,False,Stop Hit,5.05,284.75,293.8,296.56,True,False,False,6,
INDHOTEL_PBtoEMA9_20260803,2026-08-03,PBtoEMA9,INDHOTEL,Indian Hotels Co. Ltd.,752.0,740.0,752.0,739.5,1971273,0.87,739.35,731.99,712.01,696.13,61.9,False,True,55.33,Consolidation,64.0,Moderate,18.5,16.0,3.0,9.0,8.0,4.5,5.0,2026-09-04,24,720.0,-4.26,-32.0,752.0,0.0,706.4,-6.06,True,,64.0,61.9,55.33,False,Active,15.19,691.61,768.44,827.2,False,False,False,25,
BOSCHLTD_PBtoEMA21_20260803,2026-08-03,PBtoEMA21,BOSCHLTD,Bosch Ltd.,41300.0,41325.0,41600.0,41105.0,14907,0.65,41325.53,41150.24,39997.92,37270.35,53.87,False,True,43.27,Consolidation,48.0,Low,8.0,15.0,5.0,5.0,7.5,4.5,3.0,2026-08-12,7,46480.0,12.54,5180.0,46480.0,12.54,41105.0,-0.47,True,,48.0,53.87,43.27,False,Completed,901.43,40536.22,43121.22,45430.0,False,True,True,8,
GRASIM_RibbonNew_20260803,2026-08-03,RibbonNew,GRASIM,Grasim Industries Ltd.,3260.0,3120.0,3260.0,3103.1,393607,0.93,3143.67,3135.44,3094.37,2913.87,64.91,True,True,53.65,Consolidation,70.5,Moderate,19.5,16.0,4.0,8.0,8.0,10.0,5.0,2026-08-04,1,3138.0,-3.74,-122.0,3260.0,0.0,3103.1,-4.81,True,,70.5,64.91,53.65,False,Stop Hit,56.93,3186.13,3423.0,3586.0,True,False,False,2,
BHARTIARTL_RibbonNew_20260803,2026-08-03,RibbonNew,BHARTIARTL,Bharti Airtel Ltd.,1970.5,1987.4,1987.4,1943.0,4360263,0.79,1942.82,1923.75,1898.26,1897.59,62.65,True,True,61.57,Consolidation,66.5,Moderate,16.0,16.0,5.0,8.0,8.0,8.5,5.0,2026-09-04,24,1840.0,-6.62,-130.5,1992.1,1.1,1811.9,-8.05,True,,66.5,62.65,61.57,False,Active,29.22,1810.37,2006.23,2033.07,False,False,False,25,
RECLTD_RibbonNew_20260803,2026-08-03,RibbonNew,RECLTD,REC Ltd.,368.1,374.0,376.7,367.05,3509011,0.74,366.95,362.75,357.58,357.54,58.22,True,True,58.16,Consolidation,65.0,Moderate,15.5,16.0,6.0,9.0,7.0,6.5,5.0,2026-08-10,5,343.75,-6.62,-24.35,376.7,2.34,343.75,-6.62,True,,65.0,58.22,58.16,False,Stop Hit,7.85,357.68,388.62,404.91,True,False,False,6,
SBIN_RibbonNew_20260803,2026-08-03,RibbonNew,SBIN,State Bank of India,1045.0,1035.0,1051.5,1031.6,10488126,1.05,1027.91,1027.5,1026.18,1000.2,57.18,False,True,58.63,Consolidation,64.0,Moderate,13.5,16.0,6.0,9.0,10.0,4.5,5.0,2026-08-07,4,1097.2,5.0,52.2,1097.2,5.0,1031.6,-1.28,True,,64.0,57.18,58.63,False,Completed,17.75,1038.85,1052.65,1087.75,False,True,True,5,
KOTAKBANK_EMA21x50_20260804,2026-08-04,EMA21x50,KOTAKBANK,Kotak Mahindra Bank Ltd.,398.0,395.5,398.25,392.1,9107881,0.65,390.8,388.38,387.98,395.76,60.09,True,True,58.72,Bull: Markup ⚠ Vol Contraction,67.5,Moderate,19.0,20.0,3.0,5.0,10.0,8.5,2.0,2026-09-04,23,424.5,6.66,26.5,425.0,6.78,387.65,-2.6,True,,67.5,60.09,58.72,False,Active,7.56,384.87,403.99,446.73,False,True,False,24,
HINDZINC_EMA9x21_20260804,2026-08-04,EMA9x21,HINDZINC,Hindustan Zinc Ltd.,562.9,550.0,564.0,546.55,5781885,1.81,541.48,538.79,551.67,553.36,63.66,True,True,41.74,Consolidation,71.5,Moderate,23.0,12.0,10.0,4.0,10.0,7.5,5.0,2026-08-07,3,603.0,7.12,40.1,603.0,7.12,546.55,-2.9,True,,71.5,63.66,41.74,False,Completed,11.29,527.69,581.24,600.11,False,True,True,4,
TRENT_EMA9x21_20260804,2026-08-04,EMA9x21,TRENT,Trent Ltd.,3107.7,3058.0,3111.0,3038.0,1523948,1.8,3002.48,3001.3,3170.38,3856.54,57.46,True,True,46.24,Consolidation,65.5,Moderate,22.0,11.0,9.0,4.0,10.0,7.5,2.0,2026-09-04,23,2853.0,-8.2,-254.7,3129.0,0.69,2815.6,-9.4,True,,65.5,57.46,46.24,False,Active,60.01,2687.36,3388.39,3439.21,False,False,False,24,
ZYDUSLIFE_EMA9x21_20260804,2026-08-04,EMA9x21,ZYDUSLIFE,Zydus Lifesciences Ltd.,1130.0,1125.0,1130.0,1113.1,1085044,1.12,1122.78,1122.59,1095.31,1004.15,54.07,False,True,54.58,Consolidation,63.7,Moderate,13.7,16.0,7.0,9.0,8.5,4.5,5.0,2026-08-05,1,1121.1,-0.79,-8.9,1130.0,0.0,1113.1,-1.5,True,,63.7,54.07,54.58,False,Stop Hit,22.27,1123.38,1166.12,1185.08,True,False,False,2,
LT_EMA9x21_20260804,2026-08-04,EMA9x21,LT,Larsen & Toubro Ltd.,3990.0,4007.2,4042.4,3988.2,1826514,0.98,3925.58,3918.45,3948.45,3906.44,56.67,True,True,42.78,Consolidation,60.5,Moderate,14.0,12.0,7.0,5.0,10.0,7.5,5.0,2026-09-04,23,3964.1,-0.65,-25.9,4119.0,3.23,3964.1,-0.65,True,,60.5,56.67,42.78,False,Active,61.66,3938.65,4282.75,4389.0,False,False,False,24,
HINDALCO_EMA9x21_20260804,2026-08-04,EMA9x21,HINDALCO,Hindalco Industries Ltd.,1020.0,995.0,1020.0,993.1,7687762,1.74,976.88,971.41,986.7,932.1,64.84,True,True,50.98,Bear: Markdown,58.0,Moderate,22.0,9.0,10.0,6.0,10.0,7.5,5.0,2026-08-07,3,1059.6,3.88,39.6,1059.6,3.88,993.1,-2.64,True,,58.0,64.84,50.98,False,Completed,17.25,1014.48,1026.72,1051.78,False,True,True,4,
INDHOTEL_PBtoEMA9_20260804,2026-08-04,PBtoEMA9,INDHOTEL,Indian Hotels Co. Ltd.,750.0,750.95,750.95,739.2,1481187,0.65,741.48,733.62,713.5,696.67,60.71,True,True,55.83,Consolidation,65.0,Moderate,15.0,16.0,4.0,10.0,5.0,10.0,5.0,2026-09-04,23,720.0,-4.0,-30.0,750.95,0.13,706.4,-5.81,True,,65.0,60.71,55.83,False,Active,14.97,691.64,768.41,825.0,False,False,False,24,
LODHA_PBtoEMA9_20260804,2026-08-04,PBtoEMA9,LODHA,Lodha Developers Ltd.,1229.8,1243.0,1260.9,1229.8,912482,0.29,1234.23,1183.16,1085.05,1040.24,60.79,False,True,35.92,Consolidation,41.7,Low,7.7,14.0,5.0,5.0,5.0,2.0,3.0,2026-08-31,19,1198.6,-2.54,-31.2,1281.1,4.17,1198.6,-2.54,True,,41.7,60.79,35.92,False,Stop Hit,47.65,1206.62,1316.12,1352.07,True,False,False,20,
ASIANPAINT_PBtoEMA21_20260804,2026-08-04,PBtoEMA21,ASIANPAINT,Asian Paints Ltd.,2775.0,2774.9,2807.3,2732.4,819958,0.76,2745.44,2717.96,2675.57,2577.32,60.2,True,True,50.78,Bull: Markup,69.1,Moderate,13.6,20.0,6.0,10.0,8.0,6.5,5.0,2026-08-06,2,2755.0,-0.72,-20.0,2807.3,1.16,2732.4,-1.54,True,,69.1,60.2,50.78,False,Stop Hit,59.24,2755.13,2931.47,3052.5,True,False,False,3,
GRASIM_PBtoEMA21_20260804,2026-08-04,PBtoEMA21,GRASIM,Grasim Industries Ltd.,3138.0,3219.0,3219.1,3115.0,770563,1.81,3142.54,3135.67,3096.09,2916.1,50.67,True,True,45.88,Consolidation,57.7,Moderate,11.7,15.0,8.0,3.0,8.5,6.5,5.0,2026-08-07,3,3323.0,5.9,185.0,3323.0,5.9,3115.0,-0.73,True,,57.7,50.67,45.88,False,Completed,62.29,3119.08,3187.62,3255.88,False,True,True,4,
BOSCHLTD_PBtoEMA21_20260804,2026-08-04,PBtoEMA21,BOSCHLTD,Bosch Ltd.,41200.0,41160.0,41555.0,41000.0,14473,0.64,41300.43,41154.76,40045.06,37309.45,52.73,False,True,33.08,Consolidation,44.4,Low,7.4,15.0,4.0,5.0,5.5,4.5,3.0,2026-08-12,6,46480.0,12.82,5280.0,46480.0,12.82,41000.0,-0.49,True,,44.4,52.73,33.08,False,Completed,892.86,40532.43,43117.43,45320.0,False,True,True,7,
ZYDUSLIFE_RibbonNew_20260804,2026-08-04,RibbonNew,ZYDUSLIFE,Zydus Lifesciences Ltd.,1130.0,1125.0,1130.0,1113.1,1085044,1.12,1122.78,1122.59,1095.31,1004.15,54.07,False,True,54.58,Consolidation,63.7,Moderate,13.7,16.0,7.0,9.0,8.5,4.5,5.0,2026-08-05,1,1121.1,-0.79,-8.9,1130.0,0.0,1113.1,-1.5,True,,63.7,54.07,54.58,False,Stop Hit,22.27,1123.38,1166.12,1185.08,True,False,False,2,
TATASTEEL_EMA9x21_20260805,2026-08-05,EMA9x21,TATASTEEL,Tata Steel Ltd.,192.99,192.25,192.99,189.84,22776579,1.13,189.07,188.73,192.7,189.68,57.87,True,True,57.63,Consolidation,71.5,Moderate,18.0,12.0,8.0,11.0,10.0,7.5,5.0,2026-09-04,22,188.79,-2.18,-4.2,192.99,0.0,183.0,-5.18,True,,71.5,57.87,57.63,False,Active,3.48,161.84,198.88,219.76,False,False,False,23,
INDHOTEL_PBtoEMA9_20260805,2026-08-05,PBtoEMA9,INDHOTEL,Indian Hotels Co. Ltd.,741.05,752.0,752.9,733.95,2561618,1.18,741.4,734.3,714.58,697.11,55.56,False,True,54.23,Consolidation,55.4,Moderate,14.4,15.0,7.0,7.0,5.0,2.0,5.0,2026-09-04,22,720.0,-2.84,-21.05,752.9,1.6,706.4,-4.68,True,,55.4,55.56,54.23,False,Active,15.36,691.6,768.45,815.15,False,False,False,23,
APOLLOHOSP_PBtoEMA9_20260805,2026-08-05,PBtoEMA9,APOLLOHOSP,Apollo Hospitals Enterprise Ltd.,8910.0,9009.0,9009.0,8820.0,288973,1.37,8922.54,8862.11,8642.04,7949.16,54.53,False,True,43.01,Consolidation,47.3,Low,12.8,15.0,7.0,4.0,3.5,2.0,3.0,2026-08-11,4,8750.5,-1.79,-159.5,9009.0,1.11,8750.5,-1.79,True,,47.3,54.53,43.01,False,Stop Hit,144.64,8794.22,9031.72,9801.0,True,False,False,5,
LODHA_PBtoEMA9_20260805,2026-08-05,PBtoEMA9,LODHA,Lodha Developers Ltd.,1250.0,1249.9,1264.2,1240.3,1531404,0.49,1237.38,1189.23,1091.52,1042.33,63.03,False,True,41.13,Consolidation,45.9,Low,7.9,16.0,5.0,6.0,6.0,2.0,3.0,2026-09-04,22,1222.0,-2.24,-28.0,1281.1,2.49,1193.9,-4.49,True,,45.9,63.03,41.13,False,Active,46.97,1038.92,1316.26,1351.93,False,False,False,23,
DLF_PBtoEMA9_20260805,2026-08-05,PBtoEMA9,DLF,DLF Ltd.,649.1,651.15,665.8,649.0,4900969,1.29,654.97,652.84,636.83,646.0,49.83,False,True,30.37,Consolidation,43.6,Low,11.6,15.0,6.0,4.0,2.0,2.0,3.0,2026-08-06,1,642.0,-1.09,-7.1,665.8,2.57,642.0,-1.09,True,,43.6,49.83,30.37,False,Stop Hit,17.63,643.84,663.41,747.79,True,False,False,2,
HAL_PBtoEMA21_20260805,2026-08-05,PBtoEMA21,HAL,Hindustan Aeronautics Ltd.,4645.0,4641.0,4673.4,4603.3,655911,1.04,4617.81,4557.79,4467.0,4365.07,61.92,True,True,62.06,Consolidation,70.5,Moderate,17.0,16.0,7.0,12.0,7.0,6.5,5.0,2026-08-06,1,4920.0,5.92,275.0,4920.0,5.92,4603.3,-0.9,True,,70.5,61.92,62.06,False,Completed,80.48,4426.28,4696.92,4823.47,False,True,True,2,
GRASIM_PBtoEMA21_20260805,2026-08-05,PBtoEMA21,GRASIM,Grasim Industries Ltd.,3224.0,3150.0,3228.7,3135.8,692487,1.58,3158.83,3143.7,3101.1,2919.16,57.71,True,True,45.34,Consolidation,70.0,Moderate,18.5,16.0,9.0,3.0,10.0,8.5,5.0,2026-09-04,22,3322.0,3.04,98.0,3380.5,4.85,3135.8,-2.74,True,,70.0,57.71,45.34,False,Active,65.71,3187.33,3256.17,3546.4,False,True,False,23,
BOSCHLTD_PBtoEMA21_20260805,2026-08-05,PBtoEMA21,BOSCHLTD,Bosch Ltd.,42920.0,41405.0,43650.0,41310.0,116763,3.97,41589.78,41294.95,40148.03,37362.65,66.39,False,True,23.47,Consolidation,67.5,Moderate,17.0,16.0,14.0,3.0,8.0,4.5,5.0,2026-08-18,9,48730.0,13.54,5810.0,48730.0,13.54,41310.0,-3.75,True,,67.5,66.39,23.47,False,Completed,1025.84,34460.99,45066.0,47212.0,False,True,True,10,
INDHOTEL_PBtoEMA21_20260805,2026-08-05,PBtoEMA21,INDHOTEL,Indian Hotels Co. Ltd.,741.05,752.0,752.9,733.95,2561618,1.18,741.4,734.3,714.58,697.11,55.56,False,True,54.23,Consolidation,55.4,Moderate,14.4,15.0,7.0,7.0,5.0,2.0,5.0,2026-09-04,22,720.0,-2.84,-21.05,752.9,1.6,706.4,-4.68,True,,55.4,55.56,54.23,False,Active,15.36,691.6,768.45,815.15,False,False,False,23,
MAZDOCK_EMA9x21_20260806,2026-08-06,EMA9x21,MAZDOCK,Mazagoan Dock Shipbuilders Ltd.,2530.0,2380.5,2574.0,2373.3,4179774,4.98,2394.17,2386.82,2416.39,2489.78,66.06,True,True,24.94,Bull: Distribution ⚠ Vol Contraction,72.5,Moderate,18.0,14.0,14.0,4.0,10.0,7.5,5.0,2026-08-31,17,2480.0,-1.98,-50.0,2625.0,3.75,2373.3,-6.19,True,,72.5,66.06,24.94,False,Stop Hit,55.97,2513.41,2636.92,2686.87,True,False,False,18,
CANBK_EMA9x21_20260806,2026-08-06,EMA9x21,CANBK,Canara Bank,131.7,129.0,131.74,128.33,23425997,0.97,127.72,127.21,128.78,131.47,60.39,True,True,58.89,Consolidation,71.5,Moderate,21.0,12.0,7.0,11.0,10.0,8.5,2.0,2026-08-10,2,129.0,-2.05,-2.7,131.95,0.19,128.33,-2.56,True,,71.5,60.39,58.89,False,Stop Hit,2.81,129.7,132.69,141.89,True,False,False,3,
RELIANCE_EMA9x21_20260806,2026-08-06,EMA9x21,RELIANCE,Reliance Industries Ltd.,1325.0,1285.0,1325.2,1281.2,20203425,1.66,1298.53,1297.56,1309.5,1366.63,56.51,True,True,51.87,Consolidation,62.0,Moderate,18.5,12.0,9.0,5.0,8.0,7.5,2.0,2026-08-14,6,1310.0,-1.13,-15.0,1334.8,0.74,1281.2,-3.31,True,,62.0,56.51,51.87,False,Stop Hit,23.64,1316.22,1336.98,1403.62,True,False,False,7,
APOLLOHOSP_PBtoEMA9_20260806,2026-08-06,PBtoEMA9,APOLLOHOSP,Apollo Hospitals Enterprise Ltd.,8974.5,8947.0,9015.0,8880.0,399826,1.74,8932.93,8872.32,8655.08,7959.36,57.32,False,True,65.73,Consolidation,69.5,Moderate,17.0,16.0,9.0,12.0,8.0,4.5,3.0,2026-08-11,3,8750.5,-2.5,-224.0,9015.0,0.45,8750.5,-2.5,True,,69.5,57.32,65.73,False,Stop Hit,146.43,8794.05,9031.55,9871.95,True,False,False,4,
ETERNAL_PBtoEMA9_20260806,2026-08-06,PBtoEMA9,ETERNAL,Eternal Ltd.,316.25,311.0,319.7,310.0,29949718,0.79,307.28,297.25,281.53,270.79,68.26,True,True,42.85,Consolidation,60.0,Moderate,15.5,16.0,4.0,4.0,7.0,8.5,5.0,2026-08-10,2,310.25,-1.9,-6.0,319.7,1.09,310.0,-1.98,True,,60.0,68.26,42.85,False,Stop Hit,10.07,314.36,329.94,335.81,True,False,False,3,
INDHOTEL_PBtoEMA21_20260806,2026-08-06,PBtoEMA21,INDHOTEL,Indian Hotels Co. Ltd.,736.0,741.1,743.8,732.0,1965843,0.91,740.32,734.45,715.42,697.5,52.83,False,True,57.32,Consolidation,53.0,Low,11.6,15.0,7.0,9.0,3.5,2.0,5.0,2026-08-11,3,724.0,-1.63,-12.0,743.8,1.06,724.0,-1.63,True,,53.0,52.83,57.32,False,Stop Hit,14.95,727.36,768.41,809.6,True,False,False,4,
APOLLOHOSP_PBtoEMA9_20260807,2026-08-07,PBtoEMA9,APOLLOHOSP,Apollo Hospitals Enterprise Ltd.,8945.0,9000.0,9000.0,8922.0,273532,1.21,8935.35,8878.93,8666.44,7969.17,55.64,False,True,67.3,Consolidation,58.5,Moderate,13.5,16.0,7.0,12.0,5.0,2.0,3.0,2026-08-11,2,8750.5,-2.17,-194.5,9000.0,0.61,8750.5,-2.17,True,,58.5,55.64,67.3,False,Stop Hit,135.68,8793.27,9030.77,9839.5,True,False,False,3,
SOLARINDS_PBtoEMA9_20260807,2026-08-07,PBtoEMA9,SOLARINDS,Solar Industries India Ltd.,18650.0,18509.0,18669.0,18391.0,49211,0.67,18505.84,18429.82,17998.22,15776.42,55.03,False,True,36.28,Consolidation,55.7,Moderate,16.2,16.0,3.0,4.0,7.0,4.5,5.0,2026-08-27,14,20580.0,10.35,1930.0,20580.0,10.35,18391.0,-1.39,True,,55.7,55.03,36.28,False,Completed,441.91,17930.05,19262.05,20515.0,False,True,True,15,
LODHA_PBtoEMA9_20260807,2026-08-07,PBtoEMA9,LODHA,Lodha Developers Ltd.,1218.7,1214.0,1225.0,1204.7,889939,0.29,1228.66,1193.28,1100.8,1045.69,57.49,False,True,48.91,Consolidation,35.3,Low,3.3,14.0,4.0,4.0,5.0,2.0,3.0,2026-08-31,16,1198.6,-1.65,-20.1,1281.1,5.12,1198.6,-1.65,True,,35.3,57.49,48.91,False,Stop Hit,47.83,1206.1,1316.64,1351.55,True,False,False,17,
CIPLA_PBtoEMA21_20260807,2026-08-07,PBtoEMA21,CIPLA,Cipla Ltd.,1463.8,1477.0,1477.0,1462.1,765193,0.48,1460.21,1447.87,1423.64,1408.51,56.36,True,True,51.88,Bull: Accumulation,62.5,Moderate,13.0,18.0,6.0,8.0,6.0,6.5,5.0,2026-08-17,6,1431.5,-2.21,-32.3,1477.0,0.9,1431.5,-2.21,True,,62.5,56.36,51.88,False,Stop Hit,31.89,1448.87,1495.57,1518.13,True,False,False,7,
ZYDUSLIFE_PBtoEMA21_20260807,2026-08-07,PBtoEMA21,ZYDUSLIFE,Zydus Lifesciences Ltd.,1114.2,1102.1,1117.7,1093.2,666105,0.73,1118.49,1120.51,1097.46,1007.41,48.51,False,True,55.37,Consolidation,50.0,Low,13.5,9.0,5.0,9.0,4.0,4.5,5.0,2026-08-11,2,1191.0,6.89,76.8,1191.0,6.89,1093.2,-1.88,True,,50.0,48.51,55.37,False,Completed,22.61,1062.63,1123.38,1166.12,False,True,True,3,
BAJAJFINSV_RibbonNew_20260807,2026-08-07,RibbonNew,BAJAJFINSV,Bajaj Finserv Ltd.,2008.9,2050.0,2050.0,1988.0,2416068,1.38,2020.91,1957.89,1885.7,1882.42,59.49,True,True,58.53,Consolidation,56.9,Moderate,11.4,15.0,9.0,7.0,5.0,6.5,3.0,2026-09-01,17,1972.0,-1.84,-36.9,2050.0,2.05,1972.0,-1.84,True,,56.9,59.49,58.53,False,Stop Hit,50.5,1990.38,2125.38,2209.79,True,False,False,18,
INFY_EMA21x50_20260810,2026-08-10,EMA21x50,INFY,Infosys Ltd.,1183.0,1178.1,1195.0,1175.2,9369157,0.6,1157.55,1128.44,1126.79,1285.22,62.91,True,True,52.93,Consolidation,64.5,Moderate,17.0,16.0,4.0,8.0,8.0,6.5,5.0,2026-08-18,6,1115.0,-5.75,-68.0,1195.0,1.01,1115.0,-5.75,True,,64.5,62.91,52.93,False,Stop Hit,33.76,1119.72,1219.92,1259.28,True,False,False,7,
VEDL_EMA9x21_20260810,2026-08-10,EMA9x21,VEDL,Vedanta Ltd.,283.65,280.0,285.8,277.2,26385799,2.32,273.77,272.59,304.71,437.01,57.15,True,True,41.36,Consolidation,69.5,Moderate,20.0,11.0,12.0,4.0,10.0,7.5,5.0,2026-08-14,4,267.5,-5.69,-16.15,285.8,0.76,267.5,-5.69,True,,69.5,57.15,41.36,False,Stop Hit,6.61,269.86,291.64,295.36,True,False,False,5,
ENRIN_EMA9x21_20260810,2026-08-10,EMA9x21,ENRIN,Siemens Energy India Ltd.,3567.3,3691.0,3729.0,3553.3,1145885,1.16,3385.98,3369.42,3382.43,3162.82,58.97,True,True,29.26,Consolidation,60.7,Moderate,10.2,11.0,12.0,5.0,10.0,7.5,5.0,2026-09-04,19,3115.7,-12.66,-451.6,3729.0,4.53,3115.7,-12.66,True,,60.7,58.97,29.26,False,Active,132.4,2500.06,3706.24,3924.03,False,False,False,20,
DLF_EMA9x21_20260810,2026-08-10,EMA9x21,DLF,DLF Ltd.,660.0,642.0,660.9,639.3,3030906,0.87,652.24,651.78,638.12,646.06,53.61,False,True,31.46,Consolidation,50.2,Low,10.2,16.0,5.0,3.0,8.5,4.5,3.0,2026-09-04,19,681.9,3.32,21.9,691.05,4.7,639.3,-3.14,True,,50.2,53.61,31.46,False,Active,17.68,643.85,663.4,747.8,False,True,False,20,
APOLLOHOSP_PBtoEMA9_20260810,2026-08-10,PBtoEMA9,APOLLOHOSP,Apollo Hospitals Enterprise Ltd.,8912.0,8945.0,8971.0,8865.5,411833,1.71,8930.68,8881.94,8676.07,7978.55,53.74,False,True,74.06,Consolidation,64.0,Moderate,16.5,15.0,9.0,14.0,4.5,2.0,3.0,2026-08-11,1,8750.5,-1.81,-161.5,8971.0,0.66,8750.5,-1.81,True,,64.0,53.74,74.06,False,Stop Hit,138.54,8792.85,9030.35,9803.2,True,False,False,2,
SOLARINDS_PBtoEMA9_20260810,2026-08-10,PBtoEMA9,SOLARINDS,Solar Industries India Ltd.,18820.0,18695.0,18820.0,18469.0,42545,0.62,18568.67,18465.29,18030.44,15806.71,57.62,True,True,37.13,Consolidation,62.2,Moderate,15.2,16.0,2.0,4.0,10.0,10.0,5.0,2026-09-03,18,21500.0,14.24,2680.0,21500.0,14.24,18469.0,-1.87,True,,62.2,57.62,37.13,False,Completed,447.06,18625.55,19260.45,20702.0,False,True,True,19,
ICICIBANK_PBtoEMA9_20260810,2026-08-10,PBtoEMA9,ICICIBANK,ICICI Bank Ltd.,1431.8,1428.1,1441.9,1415.5,12740838,1.06,1438.66,1428.95,1392.72,1354.37,53.15,False,True,67.52,Consolidation,54.0,Low,12.5,15.0,7.0,11.0,3.5,2.0,3.0,2026-08-13,3,1406.8,-1.75,-25.0,1441.9,0.71,1406.8,-1.75,True,,54.0,53.15,67.52,False,Stop Hit,24.62,1419.22,1446.02,1574.98,True,False,False,4,
CIPLA_PBtoEMA21_20260810,2026-08-10,PBtoEMA21,CIPLA,Cipla Ltd.,1467.7,1463.8,1483.7,1462.0,662900,0.43,1461.71,1449.67,1425.37,1409.09,57.36,True,True,56.36,Bull: Accumulation,68.5,Moderate,17.0,18.0,4.0,10.0,8.0,6.5,5.0,2026-08-19,7,1422.0,-3.11,-45.7,1483.7,1.09,1422.0,-3.11,True,,68.5,57.36,56.36,False,Stop Hit,31.3,1427.71,1495.49,1518.21,True,False,False,8,
ZYDUSLIFE_PBtoEMA21_20260810,2026-08-10,PBtoEMA21,ZYDUSLIFE,Zydus Lifesciences Ltd.,1119.0,1115.0,1124.9,1112.5,932246,1.0,1118.59,1120.37,1098.3,1008.52,50.32,False,True,57.12,Consolidation,46.5,Low,8.5,9.0,6.0,7.0,6.5,4.5,5.0,2026-08-11,1,1191.0,6.43,72.0,1191.0,6.43,1112.5,-0.58,True,,46.5,50.32,57.12,False,Completed,22.66,1090.19,1166.24,1184.96,False,True,True,2,
LT_RibbonNew_20260810,2026-08-10,RibbonNew,LT,Larsen & Toubro Ltd.,4080.0,4055.7,4080.0,4025.8,1082548,0.64,4008.23,3964.74,3965.54,3912.61,63.65,True,True,58.06,Consolidation,66.5,Moderate,19.0,12.0,5.0,10.0,9.0,6.5,5.0,2026-09-04,19,3964.1,-2.84,-115.9,4119.0,0.96,3964.1,-2.84,True,,66.5,63.65,58.06,False,Active,62.2,3939.48,4281.92,4488.0,False,False,False,20,
HINDALCO_RibbonNew_20260810,2026-08-10,RibbonNew,HINDALCO,Hindalco Industries Ltd.,1054.05,1065.0,1068.35,1040.45,7053598,1.35,1018.43,995.07,995.4,936.53,67.76,True,True,48.56,Consolidation,60.5,Moderate,14.0,12.0,9.0,7.0,7.0,6.5,5.0,2026-08-12,2,1078.5,2.32,24.45,1078.5,2.32,1040.45,-1.29,True,,60.5,67.76,48.56,False,Completed,21.67,946.18,1070.18,1077.22,False,True,True,3,
HINDALCO_EMA21x50_20260811,2026-08-11,EMA21x50,HINDALCO,Hindalco Industries Ltd.,1049.1,1053.4,1068.75,1049.1,4830492,0.92,1024.56,999.98,997.51,937.65,65.86,True,True,55.37,Consolidation,69.0,Moderate,12.5,16.0,8.0,12.0,9.0,6.5,5.0,2026-08-12,1,1078.5,2.8,29.4,1078.5,2.8,1049.1,0.0,True,,69.0,65.86,55.37,False,Completed,21.88,946.22,1070.22,1077.18,False,True,True,2,
LT_EMA21x50_20260811,2026-08-11,EMA21x50,LT,Larsen & Toubro Ltd.,4037.4,4075.1,4075.5,4028.5,1401012,0.82,4014.06,3971.34,3968.35,3913.85,57.92,True,True,44.24,Consolidation,62.0,Moderate,16.5,16.0,6.0,5.0,7.0,6.5,5.0,2026-09-04,18,3964.1,-1.82,-73.3,4119.0,2.02,3964.1,-1.82,True,,62.0,57.92,44.24,False,Active,62.99,3939.62,4281.78,4441.14,False,False,False,19,
HINDZINC_EMA21x50_20260811,2026-08-11,EMA21x50,HINDZINC,Hindustan Zinc Ltd.,586.65,599.0,607.0,584.0,5160211,1.04,576.49,559.73,559.39,555.36,63.39,True,True,41.48,Consolidation,59.5,Moderate,12.0,16.0,8.0,5.0,7.0,6.5,5.0,2026-08-13,2,578.35,-1.41,-8.3,607.0,3.47,578.35,-1.41,True,,59.5,63.39,41.48,False,Stop Hit,15.31,581.64,599.71,636.29,True,False,False,3,
ZYDUSLIFE_EMA9x21_20260811,2026-08-11,EMA9x21,ZYDUSLIFE,Zydus Lifesciences Ltd.,1191.0,1119.0,1205.0,1117.6,8183577,5.83,1133.07,1126.8,1101.94,1010.33,68.34,True,True,26.34,Consolidation,78.5,High,19.5,16.0,14.0,4.0,10.0,10.0,5.0,2026-08-14,3,1135.2,-4.69,-55.8,1205.0,1.18,1117.6,-6.16,True,,78.5,68.34,26.34,False,Stop Hit,26.68,1165.55,1250.55,1310.1,True,False,False,4,
SOLARINDS_PBtoEMA9_20260811,2026-08-11,PBtoEMA9,SOLARINDS,Solar Industries India Ltd.,18770.0,18819.0,18819.0,18420.0,81482,1.18,18608.94,18492.99,18059.44,15836.19,56.58,True,True,37.26,Consolidation,62.1,Moderate,12.6,16.0,6.0,4.0,10.0,8.5,5.0,2026-09-03,17,21500.0,14.54,2730.0,21500.0,14.54,18420.0,-1.86,True,,62.1,56.58,37.26,False,Completed,444.41,17927.49,19259.49,20647.0,False,True,True,18,
ICICIBANK_PBtoEMA9_20260811,2026-08-11,PBtoEMA9,ICICIBANK,ICICI Bank Ltd.,1429.6,1432.1,1434.0,1412.2,10329805,0.85,1436.85,1429.01,1394.17,1355.12,52.48,False,True,50.21,Consolidation,48.3,Low,12.8,15.0,5.0,7.0,3.5,2.0,3.0,2026-08-13,2,1406.8,-1.59,-22.8,1434.0,0.31,1406.8,-1.59,True,,48.3,52.48,50.21,False,Stop Hit,24.18,1419.18,1445.98,1572.56,True,False,False,3,
CIPLA_PBtoEMA21_20260811,2026-08-11,PBtoEMA21,CIPLA,Cipla Ltd.,1463.0,1466.1,1469.8,1457.2,958829,0.65,1461.97,1450.88,1426.84,1409.63,55.7,True,True,76.54,Bull: Accumulation,71.0,Moderate,16.5,18.0,6.0,12.0,7.0,6.5,5.0,2026-08-17,4,1431.5,-2.15,-31.5,1469.8,0.46,1431.5,-2.15,True,,71.0,55.7,76.54,False,Stop Hit,29.57,1448.62,1495.32,1518.38,True,False,False,5,
SOLARINDS_PBtoEMA21_20260811,2026-08-11,PBtoEMA21,SOLARINDS,Solar Industries India Ltd.,18770.0,18819.0,18819.0,18420.0,81482,1.18,18608.94,18492.99,18059.44,15836.19,56.58,True,True,37.26,Consolidation,62.1,Moderate,12.6,16.0,6.0,4.0,10.0,8.5,5.0,2026-09-03,17,21500.0,14.54,2730.0,21500.0,14.54,18420.0,-1.86,True,,62.1,56.58,37.26,False,Completed,444.41,17927.49,19259.49,20647.0,False,True,True,18,
ZYDUSLIFE_RibbonNew_20260811,2026-08-11,RibbonNew,ZYDUSLIFE,Zydus Lifesciences Ltd.,1191.0,1119.0,1205.0,1117.6,8183577,5.83,1133.07,1126.8,1101.94,1010.33,68.34,True,True,26.34,Consolidation,78.5,High,19.5,16.0,14.0,4.0,10.0,10.0,5.0,2026-08-14,3,1135.2,-4.69,-55.8,1205.0,1.18,1117.6,-6.16,True,,78.5,68.34,26.34,False,Stop Hit,26.68,1165.55,1250.55,1310.1,True,False,False,4,
HINDZINC_RibbonNew_20260811,2026-08-11,RibbonNew,HINDZINC,Hindustan Zinc Ltd.,586.65,599.0,607.0,584.0,5160211,1.04,576.49,559.73,559.39,555.36,63.39,True,True,41.48,Consolidation,59.5,Moderate,12.0,16.0,8.0,5.0,7.0,6.5,5.0,2026-08-13,2,578.35,-1.41,-8.3,607.0,3.47,578.35,-1.41,True,,59.5,63.39,41.48,False,Stop Hit,15.31,581.64,599.71,636.29,True,False,False,3,
MAZDOCK_EMA21x50_20260812,2026-08-12,EMA21x50,MAZDOCK,Mazagoan Dock Shipbuilders Ltd.,2552.0,2554.0,2569.9,2485.9,691849,0.7,2486.82,2438.54,2436.06,2492.1,64.98,True,True,25.42,Bull: Markup ⚠ Vol Contraction,66.0,Moderate,12.5,20.0,8.0,5.0,9.0,6.5,5.0,2026-09-04,17,2475.0,-3.02,-77.0,2625.0,2.86,2459.0,-3.64,True,,66.0,64.98,25.42,False,Active,65.1,2250.87,2637.35,2686.45,False,False,False,18,
ENRIN_EMA21x50_20260812,2026-08-12,EMA21x50,ENRIN,Siemens Energy India Ltd.,3562.1,3582.0,3612.0,3488.0,445186,0.44,3449.66,3403.0,3396.31,3170.74,58.67,True,True,45.1,Consolidation,61.7,Moderate,11.2,16.0,9.0,5.0,7.0,8.5,5.0,2026-08-25,9,3389.6,-4.84,-172.5,3612.0,1.4,3389.6,-4.84,True,,61.7,58.67,45.1,False,Stop Hit,136.94,3407.33,3755.8,3889.1,True,False,False,10,
SOLARINDS_PBtoEMA9_20260812,2026-08-12,PBtoEMA9,SOLARINDS,Solar Industries India Ltd.,18730.0,18800.0,18800.0,18530.0,92084,1.3,18633.15,18514.53,18085.74,15864.99,55.72,True,True,44.4,Consolidation,62.0,Moderate,12.5,16.0,6.0,6.0,8.0,8.5,5.0,2026-09-03,16,21500.0,14.79,2770.0,21500.0,14.79,18530.0,-1.07,True,,62.0,55.72,44.4,False,Completed,431.77,17925.21,19257.21,20603.0,False,True,True,17,
ICICIBANK_PBtoEMA9_20260812,2026-08-12,PBtoEMA9,ICICIBANK,ICICI Bank Ltd.,1431.7,1429.4,1435.0,1418.6,8201433,0.69,1435.82,1429.26,1395.64,1355.88,53.09,False,True,54.87,Consolidation,55.5,Moderate,16.0,15.0,5.0,9.0,5.5,2.0,3.0,2026-08-13,1,1406.8,-1.74,-24.9,1435.0,0.23,1406.8,-1.74,True,,55.5,53.09,54.87,False,Stop Hit,23.96,1419.09,1445.89,1574.87,True,False,False,2,
CIPLA_PBtoEMA21_20260812,2026-08-12,PBtoEMA21,CIPLA,Cipla Ltd.,1463.0,1460.0,1468.8,1456.1,621008,0.51,1462.17,1451.98,1428.26,1410.16,55.7,True,True,65.45,Bull: Accumulation,68.5,Moderate,16.0,18.0,4.0,11.0,8.0,6.5,5.0,2026-08-17,3,1431.5,-2.15,-31.5,1468.8,0.4,1431.5,-2.15,True,,68.5,55.7,65.45,False,Stop Hit,26.14,1448.46,1495.16,1518.54,True,False,False,4,
SOLARINDS_PBtoEMA21_20260812,2026-08-12,PBtoEMA21,SOLARINDS,Solar Industries India Ltd.,18730.0,18800.0,18800.0,18530.0,92084,1.3,18633.15,18514.53,18085.74,15864.99,55.72,True,True,44.4,Consolidation,62.0,Moderate,12.5,16.0,6.0,6.0,8.0,8.5,5.0,2026-09-03,16,21500.0,14.79,2770.0,21500.0,14.79,18530.0,-1.07,True,,62.0,55.72,44.4,False,Completed,431.77,17925.21,19257.21,20603.0,False,True,True,17,
ENRIN_RibbonNew_20260812,2026-08-12,RibbonNew,ENRIN,Siemens Energy India Ltd.,3562.1,3582.0,3612.0,3488.0,445186,0.44,3449.66,3403.0,3396.31,3170.74,58.67,True,True,45.1,Consolidation,61.7,Moderate,11.2,16.0,9.0,5.0,7.0,8.5,5.0,2026-08-25,9,3389.6,-4.84,-172.5,3612.0,1.4,3389.6,-4.84,True,,61.7,58.67,45.1,False,Stop Hit,136.94,3407.33,3755.8,3889.1,True,False,False,10,
DMART_EMA9x21_20260813,2026-08-13,EMA9x21,DMART,Avenue Supermarts Ltd.,4070.0,4060.0,4075.0,4010.0,397087,0.64,4009.93,4004.38,4057.14,4098.55,54.79,True,True,63.16,Consolidation,64.0,Moderate,17.0,12.0,6.0,12.0,7.5,7.5,2.0,2026-09-04,16,3770.0,-7.37,-300.0,4075.0,0.12,3763.0,-7.54,True,,64.0,54.79,63.16,False,Active,98.18,3741.3,4221.4,4443.2,False,False,False,17,
BEL_EMA9x21_20260813,2026-08-13,EMA9x21,BEL,Bharat Electronics Ltd.,410.5,405.7,412.0,402.9,13815547,0.9,402.35,402.15,407.8,409.16,57.92,True,True,51.49,Consolidation,63.5,Moderate,16.0,12.0,7.0,6.0,10.0,7.5,5.0,2026-08-26,9,406.9,-0.88,-3.6,414.0,0.85,402.9,-1.85,True,,63.5,57.92,51.49,False,Stop Hit,7.41,408.09,412.7,431.29,True,True,False,10,
SOLARINDS_PBtoEMA21_20260813,2026-08-13,PBtoEMA21,SOLARINDS,Solar Industries India Ltd.,20324.0,18843.0,20400.0,18744.0,703297,6.07,18971.32,18679.03,18173.52,15909.36,73.2,True,True,19.85,Consolidation,71.5,Moderate,19.0,16.0,12.0,3.0,8.0,8.5,5.0,2026-09-04,16,21445.0,5.52,1121.0,21500.0,5.79,18744.0,-7.77,True,,71.5,73.2,19.85,False,Active,530.48,19270.09,21340.2,22356.4,False,True,False,17,
CIPLA_PBtoEMA21_20260813,2026-08-13,PBtoEMA21,CIPLA,Cipla Ltd.,1458.8,1458.1,1464.4,1456.2,440679,0.42,1461.5,1452.6,1429.46,1410.65,54.07,False,True,70.82,Bull: Accumulation,58.7,Moderate,12.2,17.0,4.0,13.0,5.5,2.0,5.0,2026-08-17,2,1431.5,-1.87,-27.3,1464.4,0.38,1431.5,-1.87,True,,58.7,54.07,70.82,False,Stop Hit,22.81,1448.27,1494.97,1518.73,True,False,False,3,
TATAPOWER_EMA9x21_20260814,2026-08-14,EMA9x21,TATAPOWER,Tata Power Co. Ltd.,382.05,382.5,390.4,379.6,8184959,2.1,380.82,380.65,386.08,391.62,50.79,True,True,44.22,Consolidation,58.1,Moderate,16.1,12.0,11.0,4.0,7.5,5.5,2.0,2026-08-24,6,373.5,-2.24,-8.55,390.4,2.19,373.5,-2.24,True,,58.1,50.79,44.22,False,Stop Hit,6.36,373.95,419.45,420.25,True,False,False,7,
ICICIBANK_PBtoEMA9_20260814,2026-08-14,PBtoEMA9,ICICIBANK,ICICI Bank Ltd.,1417.0,1403.0,1417.8,1401.0,6089877,0.53,1427.41,1426.29,1396.9,1356.99,48.79,False,True,63.03,Consolidation,49.5,Low,13.5,15.0,4.0,8.0,4.0,2.0,3.0,2026-08-31,11,1454.0,2.61,37.0,1454.0,2.61,1401.0,-1.13,True,,49.5,48.79,63.03,False,Completed,23.77,1388.09,1430.79,1445.81,False,True,True,12,
CIPLA_PBtoEMA21_20260814,2026-08-14,PBtoEMA21,CIPLA,Cipla Ltd.,1450.0,1457.5,1474.3,1449.2,784660,0.77,1459.2,1452.37,1430.26,1411.04,50.73,False,True,62.46,Bull: Accumulation,55.0,Moderate,12.5,17.0,4.0,9.0,5.5,2.0,5.0,2026-08-26,8,1402.7,-3.26,-47.3,1474.3,1.68,1402.7,-3.26,True,,55.0,50.73,62.46,False,Stop Hit,22.8,1416.23,1462.83,1494.97,True,False,False,9,
ZYDUSLIFE_PBtoEMA21_20260814,2026-08-14,PBtoEMA21,ZYDUSLIFE,Zydus Lifesciences Ltd.,1135.2,1168.9,1173.3,1135.2,804075,0.46,1148.18,1136.78,1109.44,1015.02,50.68,True,True,45.6,Consolidation,54.1,Low,12.1,15.0,8.0,4.0,5.5,6.5,3.0,2026-08-18,2,1115.6,-1.73,-19.6,1173.3,3.36,1115.6,-1.73,True,,54.1,50.68,45.6,False,Stop Hit,31.59,1124.44,1165.06,1209.64,True,False,False,3,
HYUNDAI_RibbonNew_20260814,2026-08-14,RibbonNew,HYUNDAI,Hyundai Motor India Ltd.,2199.0,2225.0,2255.0,2191.6,629543,0.63,2195.03,2128.55,2044.81,2043.04,64.16,True,True,45.97,Consolidation,58.0,Moderate,14.5,16.0,4.0,5.0,7.0,6.5,5.0,2026-09-04,15,2205.0,0.27,6.0,2267.0,3.09,2152.0,-2.14,True,,58.0,64.16,45.97,False,Active,56.39,2144.37,2224.63,2282.97,False,True,False,16,
M&M_RibbonNew_20260814,2026-08-14,RibbonNew,M&M,Mahindra & Mahindra Ltd.,3428.3,3425.0,3430.0,3378.3,1032787,0.38,3422.08,3349.98,3254.09,3253.18,59.76,True,True,55.83,Consolidation,54.7,Low,12.2,16.0,5.0,5.0,7.0,6.5,3.0,2026-08-17,1,3390.4,-1.11,-37.9,3430.0,0.05,3378.3,-1.46,True,,54.7,59.76,55.83,False,Stop Hit,79.81,3410.02,3510.38,3850.92,True,False,False,2,
CGPOWER_EMA9x21_20260817,2026-08-17,EMA9x21,CGPOWER,CG Power and Industrial Solutions Ltd.,898.8,893.2,899.4,887.0,2065746,0.67,884.76,884.61,885.18,800.54,53.71,True,True,43.82,Consolidation,52.7,Low,14.7,12.0,4.0,5.0,7.5,7.5,2.0,2026-09-04,14,891.0,-0.87,-7.8,916.0,1.91,863.05,-3.98,True,,52.7,53.71,43.82,False,Active,22.38,862.39,908.49,934.31,False,True,False,15,
ETERNAL_PBtoEMA9_20260817,2026-08-17,PBtoEMA9,ETERNAL,Eternal Ltd.,318.0,317.6,321.9,316.2,18955392,0.76,314.76,306.53,289.98,273.85,64.42,False,True,57.82,Consolidation,66.0,Moderate,16.0,16.0,6.0,12.0,9.0,2.0,5.0,2026-09-04,14,322.75,1.49,4.75,331.0,4.09,315.9,-0.66,True,,66.0,64.42,57.82,False,Active,7.71,298.63,335.67,349.8,False,False,False,15,
ZYDUSLIFE_PBtoEMA21_20260817,2026-08-17,PBtoEMA21,ZYDUSLIFE,Zydus Lifesciences Ltd.,1131.5,1135.0,1154.5,1127.1,1927142,1.06,1144.84,1136.3,1110.3,1016.18,49.85,True,True,56.73,Consolidation,60.0,Moderate,11.5,15.0,10.0,10.0,4.0,6.5,3.0,2026-08-18,1,1115.6,-1.41,-15.9,1154.5,2.03,1115.6,-1.41,True,,60.0,49.85,56.73,False,Stop Hit,32.06,1124.4,1165.1,1209.6,True,False,False,2,
TORNTPHARM_EMA9x21_20260818,2026-08-18,EMA9x21,TORNTPHARM,Torrent Pharmaceuticals Ltd.,4971.0,4900.0,5009.0,4876.0,426548,0.76,4922.66,4919.27,4803.25,4308.5,54.91,False,True,53.03,Bull: Accumulation ✓ Vol Surge,56.6,Moderate,13.6,18.0,4.0,5.0,8.5,4.5,3.0,2026-09-04,13,4857.0,-2.29,-114.0,5066.0,1.91,4857.0,-2.29,True,,56.6,54.91,53.03,False,Active,118.81,4796.86,5067.74,5103.86,False,False,False,14,
ETERNAL_PBtoEMA9_20260818,2026-08-18,PBtoEMA9,ETERNAL,Eternal Ltd.,315.9,318.0,321.2,315.55,18378893,0.81,314.99,307.38,291.0,274.27,62.01,False,True,56.87,Consolidation,57.0,Moderate,16.0,16.0,3.0,8.0,7.0,2.0,5.0,2026-09-04,13,322.75,2.17,6.85,331.0,4.78,315.55,-0.11,True,,57.0,62.01,56.87,False,Active,7.54,314.19,335.64,347.49,False,False,False,14,
TORNTPHARM_RibbonNew_20260818,2026-08-18,RibbonNew,TORNTPHARM,Torrent Pharmaceuticals Ltd.,4971.0,4900.0,5009.0,4876.0,426548,0.76,4922.66,4919.27,4803.25,4308.5,54.91,False,True,53.03,Bull: Accumulation ✓ Vol Surge,56.6,Moderate,13.6,18.0,4.0,5.0,8.5,4.5,3.0,2026-09-04,13,4857.0,-2.29,-114.0,5066.0,1.91,4857.0,-2.29,True,,56.6,54.91,53.03,False,Active,118.81,4796.86,5067.74,5103.86,False,False,False,14,
ETERNAL_PBtoEMA9_20260819,2026-08-19,PBtoEMA9,ETERNAL,Eternal Ltd.,320.0,316.15,322.85,315.85,28093073,1.25,315.99,308.53,292.13,274.72,64.78,False,True,55.3,Consolidation,66.0,Moderate,17.5,16.0,8.0,7.0,8.0,4.5,5.0,2026-09-04,12,322.75,0.86,2.75,331.0,3.44,315.85,-1.3,True,,66.0,64.78,55.3,False,Active,7.53,298.67,323.12,335.63,False,True,False,13,
CHOLAFIN_PBtoEMA9_20260819,2026-08-19,PBtoEMA9,CHOLAFIN,Cholamandalam Investment and Finance Company Ltd.,1873.5,1866.1,1873.5,1853.1,555275,0.42,1884.7,1858.18,1788.44,1665.87,54.54,False,True,64.59,Consolidation,53.2,Low,12.7,15.0,4.0,9.0,5.5,2.0,5.0,2026-09-01,9,1814.7,-3.14,-58.8,1888.9,0.82,1814.7,-3.14,True,,53.2,54.54,64.59,False,Stop Hit,45.96,1821.1,1945.51,1959.49,True,False,False,10,
ETERNAL_PBtoEMA9_20260820,2026-08-20,PBtoEMA9,ETERNAL,Eternal Ltd.,327.95,323.85,328.5,321.35,36648274,1.64,318.38,310.29,293.54,275.25,69.44,False,True,64.15,Consolidation,79.5,High,22.0,16.0,9.0,13.0,10.0,4.5,5.0,2026-09-03,10,324.8,-0.96,-3.15,331.0,0.93,321.35,-2.01,True,,79.5,69.44,64.15,False,Stop Hit,7.12,326.23,330.12,335.63,True,True,False,11,
BAJFINANCE_PBtoEMA9_20260820,2026-08-20,PBtoEMA9,BAJFINANCE,Bajaj Finance Ltd.,1095.0,1089.7,1102.3,1086.3,6740294,1.01,1092.93,1084.51,1044.67,975.57,55.07,False,True,66.55,Consolidation,61.1,Moderate,15.6,16.0,4.0,12.0,6.0,4.5,3.0,2026-08-31,7,1057.0,-3.47,-38.0,1102.3,0.67,1057.0,-3.47,True,,61.1,55.07,66.55,False,Stop Hit,23.79,1074.53,1106.23,1204.5,True,False,False,8,
CHOLAFIN_PBtoEMA9_20260820,2026-08-20,PBtoEMA9,CHOLAFIN,Cholamandalam Investment and Finance Company Ltd.,1888.9,1889.8,1907.0,1877.2,624846,0.54,1885.54,1860.97,1792.38,1668.09,56.51,False,True,54.92,Consolidation,55.0,Moderate,14.0,16.0,4.0,6.0,8.0,2.0,5.0,2026-09-01,8,1814.7,-3.93,-74.2,1907.0,0.96,1814.7,-3.93,True,,55.0,56.51,54.92,False,Stop Hit,41.98,1821.25,1945.65,1959.35,True,False,False,9,
BAJAJFINSV_PBtoEMA9_20260820,2026-08-20,PBtoEMA9,BAJAJFINSV,Bajaj Finserv Ltd.,2016.0,2020.0,2030.1,2013.0,417634,0.31,2015.32,1991.14,1925.18,1893.97,58.48,False,True,51.95,Consolidation,50.3,Low,13.3,16.0,4.0,5.0,7.0,2.0,3.0,2026-09-01,8,1972.0,-2.18,-44.0,2032.5,0.82,1972.0,-2.18,True,,50.3,58.48,51.95,False,Stop Hit,38.37,1993.81,2124.31,2217.6,True,False,False,9,
PNB_RibbonNew_20260820,2026-08-20,RibbonNew,PNB,Punjab National Bank,118.0,117.9,119.1,117.44,8548379,0.63,116.7,114.5,111.63,111.61,65.75,True,True,40.16,Consolidation,57.0,Moderate,13.5,16.0,5.0,3.0,8.0,6.5,5.0,2026-08-24,2,115.86,-1.81,-2.14,119.1,0.93,115.86,-1.81,True,,57.0,65.75,40.16,False,Stop Hit,2.09,115.91,125.41,127.49,True,False,False,3,
BAJAJHLDNG_RibbonNew_20260820,2026-08-20,RibbonNew,BAJAJHLDNG,Bajaj Holdings & Investment Ltd.,11368.0,11380.0,11423.0,11303.0,26557,0.68,11378.06,11237.14,10942.8,10932.91,57.4,False,True,51.83,Consolidation,52.0,Low,14.0,14.0,5.0,7.0,7.0,2.0,3.0,2026-09-04,11,11162.0,-1.81,-206.0,11644.0,2.43,11100.0,-2.36,True,,52.0,57.4,51.83,False,Active,207.14,10322.08,11467.08,12038.92,False,True,False,12,
TVSMOTOR_PBtoEMA9_20260821,2026-08-21,PBtoEMA9,TVSMOTOR,TVS Motor Company Ltd.,4390.0,4389.5,4390.0,4337.6,912606,1.13,4364.69,4250.86,3996.01,3628.51,66.4,False,True,76.04,Consolidation,66.0,Moderate,17.0,16.0,6.0,15.0,7.0,2.0,3.0,2026-09-04,10,4133.1,-5.85,-256.9,4464.0,1.69,4133.1,-5.85,True,,66.0,66.4,76.04,False,Active,70.22,3907.53,4462.86,4487.14,False,True,False,11,
BAJAJFINSV_PBtoEMA9_20260821,2026-08-21,PBtoEMA9,BAJAJFINSV,Bajaj Finserv Ltd.,2032.5,2009.0,2032.5,2005.0,830023,0.7,2018.76,1994.9,1929.39,1895.35,61.12,False,True,60.51,Consolidation,64.0,Moderate,15.5,16.0,3.0,12.0,10.0,4.5,3.0,2026-09-04,10,1970.0,-3.08,-62.5,2032.5,0.0,1970.0,-3.08,True,,64.0,61.12,60.51,False,Active,35.56,1657.01,2124.19,2235.75,False,False,False,11,
BAJFINANCE_PBtoEMA9_20260821,2026-08-21,PBtoEMA9,BAJFINANCE,Bajaj Finance Ltd.,1095.0,1105.4,1105.5,1090.6,3042341,0.52,1093.34,1085.47,1046.65,976.76,55.07,False,True,61.73,Consolidation,60.1,Moderate,15.6,16.0,4.0,9.0,8.0,4.5,3.0,2026-08-31,6,1057.0,-3.47,-38.0,1105.5,0.96,1057.0,-3.47,True,,60.1,55.07,61.73,False,Stop Hit,22.26,1074.43,1106.13,1204.5,True,False,False,7,
CHOLAFIN_PBtoEMA9_20260821,2026-08-21,PBtoEMA9,CHOLAFIN,Cholamandalam Investment and Finance Company Ltd.,1862.9,1888.9,1890.1,1855.0,902328,0.84,1881.02,1861.15,1795.14,1670.02,52.39,False,True,57.34,Consolidation,50.1,Low,11.6,15.0,4.0,7.0,5.5,2.0,5.0,2026-09-01,7,1814.7,-2.59,-48.2,1890.1,1.46,1814.7,-2.59,True,,50.1,52.39,57.34,False,Stop Hit,39.98,1821.36,1881.74,1945.76,True,False,False,8,
ZYDUSLIFE_PBtoEMA21_20260821,2026-08-21,PBtoEMA21,ZYDUSLIFE,Zydus Lifesciences Ltd.,1120.0,1109.6,1120.0,1099.4,1005814,0.55,1125.77,1128.65,1110.56,1019.94,48.16,False,True,51.65,Consolidation,45.7,Low,11.2,9.0,5.0,7.0,6.0,4.5,3.0,2026-09-04,10,1120.0,0.0,0.0,1191.0,6.34,1099.4,-1.84,True,,45.7,48.16,51.65,False,Active,31.54,1088.9,1165.4,1209.3,False,True,False,11,
MUTHOOTFIN_EMA9x21_20260824,2026-08-24,EMA9x21,MUTHOOTFIN,Muthoot Finance Ltd.,3209.0,3056.0,3209.0,3049.8,3267822,2.78,2983.76,2965.17,3025.83,3157.99,67.55,True,True,34.18,Consolidation,71.0,Moderate,20.5,11.0,13.0,4.0,10.0,7.5,5.0,2026-08-27,3,3085.0,-3.86,-124.0,3209.0,0.0,3049.8,-4.96,True,,71.0,67.55,34.18,False,Stop Hit,75.97,3182.65,3776.93,3947.86,True,False,False,4,
HDFCAMC_EMA9x21_20260824,2026-08-24,EMA9x21,HDFCAMC,HDFC Asset Management Company Ltd.,2618.0,2620.0,2629.0,2605.9,657606,0.88,2571.7,2567.84,2592.61,2599.78,55.9,True,True,66.84,Consolidation,65.0,Moderate,16.5,11.0,6.0,12.0,10.0,7.5,2.0,2026-09-03,8,2510.8,-4.09,-107.2,2698.0,3.06,2510.8,-4.09,True,,65.0,55.9,66.84,False,Stop Hit,42.68,2517.89,2636.11,2975.14,True,True,False,9,
VEDL_EMA9x21_20260824,2026-08-24,EMA9x21,VEDL,Vedanta Ltd.,277.0,280.05,281.45,272.4,18917642,1.38,271.96,271.69,293.6,421.21,53.18,True,True,35.62,Consolidation,60.0,Moderate,14.0,12.0,9.0,4.0,8.5,7.5,5.0,2026-09-04,9,272.1,-1.77,-4.9,287.95,3.95,270.5,-2.35,True,,60.0,53.18,35.62,False,Active,7.83,269.85,291.65,295.35,False,False,False,10,
TVSMOTOR_PBtoEMA9_20260824,2026-08-24,PBtoEMA9,TVSMOTOR,TVS Motor Company Ltd.,4363.5,4375.0,4406.0,4326.4,531301,0.71,4364.45,4261.1,4010.42,3635.83,63.7,False,True,57.81,Consolidation,52.5,Low,17.5,14.0,4.0,7.0,5.0,2.0,3.0,2026-09-04,9,4133.1,-5.28,-230.4,4464.0,2.3,4133.1,-5.28,True,,52.5,63.7,57.81,False,Active,71.85,3907.51,4462.87,4487.13,False,True,False,10,
BAJAJFINSV_PBtoEMA9_20260824,2026-08-24,PBtoEMA9,BAJAJFINSV,Bajaj Finserv Ltd.,2001.7,2020.0,2028.6,1995.3,463998,0.43,2015.35,1995.52,1932.23,1896.41,54.19,False,True,50.97,Consolidation,45.0,Low,11.5,14.0,4.0,7.0,3.5,2.0,3.0,2026-09-04,9,1970.0,-1.58,-31.7,2028.6,1.34,1970.0,-1.58,True,,45.0,54.19,50.97,False,Active,35.57,1657.02,2124.18,2201.87,False,False,False,10,
DLF_RibbonNew_20260824,2026-08-24,RibbonNew,DLF,DLF Ltd.,689.0,678.1,689.0,678.1,5061081,1.51,672.36,663.97,648.68,648.28,62.87,True,True,67.32,Consolidation,80.5,High,21.0,16.0,7.0,13.0,10.0,8.5,5.0,2026-09-04,9,681.9,-1.03,-7.1,691.05,0.3,673.55,-2.24,True,,80.5,62.87,67.32,False,Active,15.69,663.78,727.67,771.48,False,False,False,10,
JINDALSTEL_EMA21x50_20260825,2026-08-25,EMA21x50,JINDALSTEL,Jindal Steel Ltd.,1154.1,1147.9,1157.0,1140.1,670825,0.86,1125.95,1108.8,1106.29,1106.55,64.5,True,True,32.55,Consolidation,68.5,Moderate,19.0,16.0,7.0,3.0,10.0,8.5,5.0,2026-09-04,8,1165.0,0.94,10.9,1192.9,3.36,1140.1,-1.21,True,,68.5,64.5,32.55,False,Active,23.06,1135.55,1164.85,1204.65,False,True,False,9,
TVSMOTOR_PBtoEMA9_20260825,2026-08-25,PBtoEMA9,TVSMOTOR,TVS Motor Company Ltd.,4420.0,4365.5,4420.0,4344.7,527025,0.77,4375.56,4275.54,4026.48,3643.63,66.8,False,True,62.11,Consolidation,67.0,Moderate,19.5,16.0,3.0,13.0,6.0,4.5,5.0,2026-09-04,8,4133.1,-6.49,-286.9,4464.0,1.0,4133.1,-6.49,True,,67.0,66.8,62.11,False,Active,70.43,3907.45,4462.93,4487.07,False,True,False,9,
SHRIRAMFIN_PBtoEMA9_20260825,2026-08-25,PBtoEMA9,SHRIRAMFIN,Shriram Finance Ltd.,1138.5,1117.9,1138.5,1112.0,2410113,0.66,1122.72,1104.69,1066.27,958.73,61.6,False,True,56.91,Bull: Accumulation,66.0,Moderate,18.5,18.0,4.0,7.0,9.0,4.5,5.0,2026-08-27,2,1101.0,-3.29,-37.5,1138.5,0.0,1101.0,-3.29,True,,66.0,61.6,56.91,False,Stop Hit,23.94,1102.08,1145.12,1157.58,True,False,False,3,
LODHA_PBtoEMA9_20260825,2026-08-25,PBtoEMA9,LODHA,Lodha Developers Ltd.,1281.1,1257.5,1283.0,1253.1,2231223,1.88,1245.03,1224.56,1152.38,1067.03,64.29,False,True,39.38,Consolidation,63.8,Moderate,15.3,16.0,8.0,5.0,10.0,4.5,5.0,2026-08-31,4,1198.6,-6.44,-82.5,1283.0,0.15,1198.6,-6.44,True,,63.8,64.29,39.38,False,Stop Hit,33.63,1205.22,1339.23,1350.67,True,False,False,5,
HYUNDAI_PBtoEMA9_20260825,2026-08-25,PBtoEMA9,HYUNDAI,Hyundai Motor India Ltd.,2232.5,2206.0,2243.8,2190.0,672220,1.11,2208.22,2167.24,2084.26,2054.01,64.69,False,True,56.12,Consolidation,61.0,Moderate,17.5,16.0,5.0,7.0,8.0,4.5,3.0,2026-09-02,6,2154.4,-3.5,-78.1,2267.0,1.55,2154.4,-3.5,True,,61.0,64.69,56.12,False,Stop Hit,46.94,2167.63,2282.53,2412.47,True,False,False,7,
BAJFINANCE_PBtoEMA9_20260825,2026-08-25,PBtoEMA9,BAJFINANCE,Bajaj Finance Ltd.,1087.4,1077.0,1087.4,1066.3,2769018,0.52,1089.54,1084.94,1049.39,978.84,52.64,False,True,55.31,Consolidation,50.6,Low,13.6,15.0,4.0,7.0,3.5,4.5,3.0,2026-08-31,4,1057.0,-2.8,-30.4,1087.4,0.0,1057.0,-2.8,True,,50.6,52.64,55.31,False,Stop Hit,21.82,1074.33,1098.97,1106.03,True,False,False,5,
CHOLAFIN_PBtoEMA9_20260825,2026-08-25,PBtoEMA9,CHOLAFIN,Cholamandalam Investment and Finance Company Ltd.,1873.0,1837.3,1873.0,1821.1,428296,0.43,1873.92,1861.03,1800.14,1673.78,53.72,False,True,48.11,Consolidation,48.6,Low,14.6,15.0,3.0,3.0,5.5,4.5,3.0,2026-09-01,5,1814.7,-3.11,-58.3,1875.4,0.13,1814.7,-3.11,True,,48.6,53.72,48.11,False,Stop Hit,41.33,1821.38,1913.72,2060.3,True,False,False,6,
BAJAJFINSV_PBtoEMA9_20260825,2026-08-25,PBtoEMA9,BAJAJFINSV,Bajaj Finserv Ltd.,2004.0,2004.9,2011.7,1985.0,409938,0.44,2013.08,1996.29,1935.04,1897.48,54.61,False,True,46.02,Consolidation,42.5,Low,12.0,15.0,4.0,3.0,3.5,2.0,3.0,2026-09-01,5,1972.0,-1.6,-32.0,2021.0,0.85,1972.0,-1.6,True,,42.5,54.61,46.02,False,Stop Hit,34.45,1993.56,2124.06,2204.4,True,False,False,6,
TORNTPHARM_PBtoEMA21_20260825,2026-08-25,PBtoEMA21,TORNTPHARM,Torrent Pharmaceuticals Ltd.,4932.0,4895.0,4932.0,4855.5,214813,0.62,4931.22,4927.68,4828.83,4339.6,51.36,False,True,60.37,Bull: Accumulation ✓ Vol Surge,50.3,Low,9.3,18.0,4.0,8.0,3.5,4.5,3.0,2026-09-04,8,4857.0,-1.52,-75.0,5066.0,2.72,4855.5,-1.55,True,,50.3,51.36,60.37,False,Active,95.36,4795.49,5069.11,5102.49,False,False,False,9,
ADANIENSOL_PBtoEMA21_20260825,2026-08-25,PBtoEMA21,ADANIENSOL,Adani Energy Solutions Ltd.,1594.5,1554.9,1594.5,1532.0,2043619,0.85,1578.08,1600.49,1579.59,1308.37,48.33,False,True,49.22,Consolidation,40.2,Low,9.7,9.0,5.0,5.0,7.0,2.5,2.0,2026-08-26,1,1570.5,-1.51,-24.0,1594.5,0.0,1532.0,-3.92,True,,40.2,48.33,49.22,False,Stop Hit,46.16,1585.66,1719.16,1753.95,True,False,False,2,
ZYDUSLIFE_PBtoEMA21_20260825,2026-08-25,PBtoEMA21,ZYDUSLIFE,Zydus Lifesciences Ltd.,1124.5,1103.0,1125.0,1092.6,1148546,0.63,1122.0,1126.22,1110.85,1021.8,49.8,False,True,49.99,Consolidation,38.3,Low,8.8,9.0,4.0,4.0,7.0,2.5,3.0,2026-09-04,8,1120.0,-0.4,-4.5,1191.0,5.91,1092.6,-2.84,True,,38.3,49.8,49.99,False,Active,32.34,1088.93,1165.43,1209.27,False,True,False,9,
ADANIENT_EMA9x21_20260826,2026-08-26,EMA9x21,ADANIENT,Adani Enterprises Ltd.,3112.0,3122.8,3165.0,3092.8,2043572,1.77,3041.2,3035.21,2995.15,2661.57,61.12,True,True,53.69,Consolidation,73.0,Moderate,15.5,16.0,11.0,10.0,10.0,8.5,2.0,2026-08-31,3,2859.1,-8.13,-252.9,3169.0,1.83,2859.1,-8.13,True,,73.0,61.12,53.69,False,Stop Hit,63.17,3037.43,3203.57,3229.63,True,False,False,4,
HYUNDAI_PBtoEMA9_20260826,2026-08-26,PBtoEMA9,HYUNDAI,Hyundai Motor India Ltd.,2250.0,2240.0,2279.0,2232.3,1074994,1.69,2216.57,2174.76,2090.76,2055.96,66.67,False,True,62.76,Consolidation,72.5,Moderate,16.0,16.0,8.0,14.0,9.0,4.5,5.0,2026-08-31,3,2205.0,-2.0,-45.0,2279.0,1.29,2205.0,-2.0,True,,72.5,66.67,62.76,False,Stop Hit,46.61,2225.1,2282.5,2412.5,True,False,False,4,
TVSMOTOR_PBtoEMA9_20260826,2026-08-26,PBtoEMA9,TVSMOTOR,TVS Motor Company Ltd.,4464.0,4430.0,4484.5,4415.0,908000,1.36,4393.25,4292.68,4043.64,3651.79,69.03,False,True,64.85,Consolidation,70.0,Moderate,20.5,16.0,6.0,11.0,7.0,4.5,5.0,2026-09-04,7,4133.1,-7.41,-330.9,4484.5,0.46,4133.1,-7.41,True,,70.0,69.03,64.85,False,Active,69.34,3907.34,4486.95,4910.4,False,False,False,8,
BAJAJFINSV_PBtoEMA9_20260826,2026-08-26,PBtoEMA9,BAJAJFINSV,Bajaj Finserv Ltd.,2010.0,2017.0,2024.9,2005.5,564141,0.66,2012.46,1997.54,1937.98,1898.6,55.73,False,True,60.3,Consolidation,57.6,Moderate,14.1,15.0,4.0,12.0,5.0,4.5,3.0,2026-09-01,4,1972.0,-1.89,-38.0,2024.9,0.74,1972.0,-1.89,True,,57.6,55.73,60.3,False,Stop Hit,33.49,1993.39,2123.89,2211.0,True,False,False,5,
SHRIRAMFIN_PBtoEMA9_20260826,2026-08-26,PBtoEMA9,SHRIRAMFIN,Shriram Finance Ltd.,1117.5,1141.4,1142.0,1105.0,3752143,1.25,1121.68,1105.86,1068.27,960.31,55.35,False,True,47.51,Bull: Accumulation,56.2,Moderate,14.2,17.0,6.0,5.0,7.0,2.0,5.0,2026-08-27,1,1101.0,-1.48,-16.5,1142.0,2.19,1101.0,-1.48,True,,56.2,55.35,47.51,False,Stop Hit,24.17,1102.2,1145.0,1157.7,True,False,False,2,
CHOLAFIN_PBtoEMA9_20260826,2026-08-26,PBtoEMA9,CHOLAFIN,Cholamandalam Investment and Finance Company Ltd.,1868.1,1875.0,1925.0,1868.1,1362558,1.5,1872.76,1861.67,1802.8,1675.72,52.92,False,True,47.51,Consolidation,50.7,Low,14.7,15.0,5.0,4.0,4.5,4.5,3.0,2026-09-01,4,1814.7,-2.86,-53.4,1925.0,3.05,1814.7,-2.86,True,,50.7,52.92,47.51,False,Stop Hit,39.59,1821.25,1959.35,2054.91,True,False,False,5,
BAJFINANCE_PBtoEMA9_20260826,2026-08-26,PBtoEMA9,BAJFINANCE,Bajaj Finance Ltd.,1085.0,1083.3,1095.0,1082.4,3234819,0.63,1088.63,1084.95,1050.78,979.9,51.93,False,True,59.09,Consolidation,50.6,Low,14.6,15.0,3.0,7.0,3.5,4.5,3.0,2026-08-31,3,1057.0,-2.58,-28.0,1095.0,0.92,1057.0,-2.58,True,,50.6,51.93,59.09,False,Stop Hit,21.61,1074.22,1099.08,1105.92,True,False,False,4,
TORNTPHARM_PBtoEMA21_20260826,2026-08-26,PBtoEMA21,TORNTPHARM,Torrent Pharmaceuticals Ltd.,4890.0,4905.0,4930.5,4881.0,277583,0.88,4922.98,4924.26,4831.23,4345.07,48.3,False,True,64.95,Bull: Accumulation ✓ Vol Surge,47.5,Low,12.5,11.0,4.0,12.0,3.0,2.0,3.0,2026-09-04,7,4857.0,-0.67,-33.0,5066.0,3.6,4857.0,-0.67,True,,47.5,48.3,64.95,False,Active,92.39,4794.84,5069.76,5101.84,False,False,False,8,
JINDALSTEL_RibbonNew_20260826,2026-08-26,RibbonNew,JINDALSTEL,Jindal Steel Ltd.,1175.4,1155.0,1183.3,1143.1,896275,1.24,1135.84,1114.85,1109.0,1107.23,68.45,True,True,36.09,Consolidation,73.5,Moderate,19.0,16.0,9.0,6.0,10.0,8.5,5.0,2026-09-04,7,1165.0,-0.88,-10.4,1192.9,1.49,1143.1,-2.75,True,,73.5,68.45,36.09,False,Active,24.02,1135.73,1181.77,1204.83,False,True,False,8,
ADANIENT_RibbonNew_20260826,2026-08-26,RibbonNew,ADANIENT,Adani Enterprises Ltd.,3112.0,3122.8,3165.0,3092.8,2043572,1.77,3041.2,3035.21,2995.15,2661.57,61.12,True,True,53.69,Consolidation,73.0,Moderate,15.5,16.0,11.0,10.0,10.0,8.5,2.0,2026-08-31,3,2859.1,-8.13,-252.9,3169.0,1.83,2859.1,-8.13,True,,73.0,61.12,53.69,False,Stop Hit,63.17,3037.43,3203.57,3229.63,True,False,False,4,
ZYDUSLIFE_EMA9x21_20260827,2026-08-27,EMA9x21,ZYDUSLIFE,Zydus Lifesciences Ltd.,1189.2,1160.0,1195.4,1142.1,3167395,1.55,1139.92,1133.91,1115.4,1024.73,62.64,True,True,49.63,Consolidation,71.0,Moderate,15.0,16.0,10.0,5.0,10.0,10.0,5.0,2026-08-31,2,1161.3,-2.35,-27.9,1195.4,0.52,1142.1,-3.96,True,,71.0,62.64,49.63,False,Stop Hit,35.21,1165.12,1200.42,1209.58,True,False,False,3,
TORNTPHARM_EMA9x21_20260827,2026-08-27,EMA9x21,TORNTPHARM,Torrent Pharmaceuticals Ltd.,4999.0,4885.0,4999.0,4877.5,317532,1.02,4938.18,4931.05,4837.81,4351.58,55.67,False,True,61.94,Bull: Accumulation ✓ Vol Surge,69.3,Moderate,14.8,18.0,6.0,11.0,10.0,4.5,5.0,2026-09-04,6,4857.0,-2.84,-142.0,5066.0,1.34,4857.0,-2.84,True,,69.3,55.67,61.94,False,Stop Hit,94.89,4871.2,5069.6,5102.0,True,False,False,7,
ICICIBANK_EMA9x21_20260827,2026-08-27,EMA9x21,ICICIBANK,ICICI Bank Ltd.,1443.0,1445.0,1453.8,1433.1,11536245,1.4,1425.06,1423.49,1403.9,1362.36,58.38,False,True,54.25,Consolidation,69.0,Moderate,17.5,16.0,9.0,7.0,10.0,4.5,5.0,2026-09-04,6,1423.2,-1.37,-19.8,1454.0,0.76,1422.8,-1.4,True,,69.0,58.38,54.25,False,Active,18.48,1385.18,1476.88,1587.3,False,False,False,7,
CHOLAFIN_PBtoEMA9_20260827,2026-08-27,PBtoEMA9,CHOLAFIN,Cholamandalam Investment and Finance Company Ltd.,1875.4,1872.0,1891.7,1860.8,942438,1.09,1873.29,1862.92,1805.65,1677.7,54.02,False,True,59.69,Consolidation,58.8,Moderate,11.8,16.0,5.0,10.0,8.5,4.5,3.0,2026-09-01,3,1814.7,-3.24,-60.7,1891.7,0.87,1814.7,-3.24,True,,58.8,54.02,59.69,False,Stop Hit,36.29,1821.41,1900.31,1913.69,True,False,False,4,
TVSMOTOR_PBtoEMA9_20260827,2026-08-27,PBtoEMA9,TVSMOTOR,TVS Motor Company Ltd.,4409.8,4469.0,4469.0,4366.6,579863,0.89,4396.56,4303.32,4058.0,3659.33,63.4,False,True,53.64,Consolidation,57.0,Moderate,17.0,16.0,5.0,6.0,6.0,2.0,5.0,2026-09-04,6,4133.1,-6.27,-276.7,4469.0,1.34,4133.1,-6.27,True,,57.0,63.4,53.64,False,Active,70.72,3907.58,4462.81,4487.19,False,False,False,7,
BAJAJFINSV_PBtoEMA9_20260827,2026-08-27,PBtoEMA9,BAJAJFINSV,Bajaj Finserv Ltd.,2011.0,2001.1,2026.6,1997.5,526392,0.74,2012.17,1998.76,1940.85,1899.72,55.93,False,True,57.0,Consolidation,51.6,Low,12.1,15.0,4.0,6.0,7.0,4.5,3.0,2026-09-01,3,1972.0,-1.94,-39.0,2026.6,0.78,1972.0,-1.94,True,,51.6,55.93,57.0,False,Stop Hit,28.56,1993.31,2123.81,2212.1,True,False,False,4,
ICICIBANK_PBtoEMA21_20260827,2026-08-27,PBtoEMA21,ICICIBANK,ICICI Bank Ltd.,1443.0,1445.0,1453.8,1433.1,11536245,1.4,1425.06,1423.49,1403.9,1362.36,58.38,False,True,54.25,Consolidation,69.0,Moderate,17.5,16.0,9.0,7.0,10.0,4.5,5.0,2026-09-04,6,1423.2,-1.37,-19.8,1454.0,0.76,1422.8,-1.4,True,,69.0,58.38,54.25,False,Active,18.48,1385.18,1476.88,1587.3,False,False,False,7,
DLF_PBtoEMA21_20260827,2026-08-27,PBtoEMA21,DLF,DLF Ltd.,676.15,679.0,687.5,673.55,1765238,0.61,674.5,667.21,651.9,649.13,55.78,True,True,39.38,Consolidation,59.7,Moderate,16.2,16.0,5.0,4.0,7.0,6.5,5.0,2026-09-04,6,681.9,0.85,5.75,691.05,2.2,673.55,-0.38,True,,59.7,55.78,39.38,False,Active,14.73,663.82,681.82,727.63,False,True,False,7,
SUNPHARMA_PBtoEMA21_20260827,2026-08-27,PBtoEMA21,SUNPHARMA,Sun Pharmaceutical Industries Ltd.,1913.3,1907.1,1925.0,1898.0,1107292,0.76,1911.1,1920.47,1907.78,1811.24,47.69,False,True,64.89,Bull: Accumulation,49.3,Low,12.8,11.0,6.0,9.0,6.0,2.5,2.0,2026-09-04,6,1899.0,-0.75,-14.3,1984.8,3.74,1898.0,-0.8,True,,49.3,47.69,64.89,False,Active,28.55,1585.04,1929.73,2104.63,False,True,False,7,
ZYDUSLIFE_RibbonNew_20260827,2026-08-27,RibbonNew,ZYDUSLIFE,Zydus Lifesciences Ltd.,1189.2,1160.0,1195.4,1142.1,3167395,1.55,1139.92,1133.91,1115.4,1024.73,62.64,True,True,49.63,Consolidation,71.0,Moderate,15.0,16.0,10.0,5.0,10.0,10.0,5.0,2026-08-31,2,1161.3,-2.35,-27.9,1195.4,0.52,1142.1,-3.96,True,,71.0,62.64,49.63,False,Stop Hit,35.21,1165.12,1200.42,1209.58,True,False,False,3,
TORNTPHARM_RibbonNew_20260827,2026-08-27,RibbonNew,TORNTPHARM,Torrent Pharmaceuticals Ltd.,4999.0,4885.0,4999.0,4877.5,317532,1.02,4938.18,4931.05,4837.81,4351.58,55.67,False,True,61.94,Bull: Accumulation ✓ Vol Surge,69.3,Moderate,14.8,18.0,6.0,11.0,10.0,4.5,5.0,2026-09-04,6,4857.0,-2.84,-142.0,5066.0,1.34,4857.0,-2.84,True,,69.3,55.67,61.94,False,Stop Hit,94.89,4871.2,5069.6,5102.0,True,False,False,7,
ICICIBANK_RibbonNew_20260827,2026-08-27,RibbonNew,ICICIBANK,ICICI Bank Ltd.,1443.0,1445.0,1453.8,1433.1,11536245,1.4,1425.06,1423.49,1403.9,1362.36,58.38,False,True,54.25,Consolidation,69.0,Moderate,17.5,16.0,9.0,7.0,10.0,4.5,5.0,2026-09-04,6,1423.2,-1.37,-19.8,1454.0,0.76,1422.8,-1.4,True,,69.0,58.38,54.25,False,Active,18.48,1385.18,1476.88,1587.3,False,False,False,7,
BPCL_EMA9x21_20260828,2026-08-28,EMA9x21,BPCL,Bharat Petroleum Corporation Ltd.,319.25,318.0,319.9,316.0,4732898,0.94,316.15,315.78,313.65,316.01,55.32,True,True,54.89,Consolidation,66.2,Moderate,13.2,16.0,9.0,6.0,7.0,10.0,5.0,2026-09-04,5,315.7,-1.11,-3.55,324.05,1.5,315.7,-1.11,True,,66.2,55.32,54.89,False,Stop Hit,6.32,316.84,322.89,330.27,True,True,False,6,
TECHM_EMA9x21_20260828,2026-08-28,EMA9x21,TECHM,Tech Mahindra Ltd.,1640.9,1600.0,1642.0,1598.0,3415061,1.53,1602.47,1599.61,1563.24,1510.61,61.04,False,True,51.08,Consolidation,66.0,Moderate,16.5,16.0,9.0,5.0,10.0,4.5,5.0,2026-09-03,4,1598.0,-2.61,-42.9,1642.0,0.07,1598.0,-2.61,True,,66.0,61.04,51.08,False,Stop Hit,33.21,1620.24,1675.86,1692.24,True,False,False,5,
AXISBANK_EMA9x21_20260828,2026-08-28,EMA9x21,AXISBANK,Axis Bank Ltd.,1265.0,1256.0,1265.4,1248.2,3242475,0.68,1248.48,1248.39,1264.97,1264.85,54.96,True,True,68.03,Consolidation,62.5,Moderate,18.5,11.0,5.0,10.0,8.5,7.5,2.0,2026-09-04,5,1273.0,0.63,8.0,1300.0,2.77,1248.2,-1.33,True,,62.5,54.96,68.03,False,Active,18.34,1205.58,1273.08,1330.02,False,True,False,6,
HYUNDAI_PBtoEMA9_20260828,2026-08-28,PBtoEMA9,HYUNDAI,Hyundai Motor India Ltd.,2267.0,2248.7,2279.0,2240.3,855254,1.21,2232.49,2189.61,2103.78,2060.01,68.62,False,True,56.54,Consolidation,69.0,Moderate,17.5,16.0,10.0,8.0,8.0,4.5,5.0,2026-09-04,5,2205.0,-2.73,-62.0,2279.0,0.53,2152.0,-5.07,True,,69.0,68.62,56.54,False,Active,46.3,2106.18,2282.22,2412.78,False,False,False,6,
ETERNAL_PBtoEMA9_20260828,2026-08-28,PBtoEMA9,ETERNAL,Eternal Ltd.,328.0,329.1,330.0,324.3,31381945,1.13,325.67,318.12,300.95,278.34,65.65,False,True,68.97,Consolidation,60.0,Moderate,14.0,16.0,7.0,9.0,7.0,2.0,5.0,2026-09-03,4,324.8,-0.98,-3.2,330.0,0.61,324.3,-1.13,True,,60.0,65.65,68.97,False,Stop Hit,6.98,326.12,333.28,335.52,True,False,False,5,
CHOLAFIN_PBtoEMA9_20260828,2026-08-28,PBtoEMA9,CHOLAFIN,Cholamandalam Investment and Finance Company Ltd.,1862.9,1878.0,1878.0,1845.0,802975,1.0,1871.21,1862.92,1807.9,1679.55,51.79,False,True,61.7,Consolidation,49.0,Low,11.4,15.0,5.0,9.0,3.5,2.0,3.0,2026-09-04,5,1839.0,-1.28,-23.9,1878.0,0.81,1814.7,-2.59,True,,49.0,51.79,61.7,False,Active,34.5,1705.55,1913.57,2049.19,False,False,False,6,
BAJAJFINSV_PBtoEMA9_20260828,2026-08-28,PBtoEMA9,BAJAJFINSV,Bajaj Finserv Ltd.,2002.0,2011.0,2014.7,1982.3,466690,0.69,2010.14,1999.06,1943.24,1900.74,53.63,False,True,49.37,Consolidation,43.2,Low,7.6,15.0,4.0,5.0,6.5,2.0,3.0,2026-09-04,5,1970.0,-1.6,-32.0,2021.0,0.95,1970.0,-1.6,True,,43.2,53.63,49.37,False,Active,27.7,1947.12,2123.78,2202.2,False,False,False,6,
TORNTPHARM_PBtoEMA21_20260828,2026-08-28,PBtoEMA21,TORNTPHARM,Torrent Pharmaceuticals Ltd.,5050.0,5000.0,5050.0,4967.0,184014,0.63,4960.55,4941.86,4846.13,4358.53,58.65,True,True,48.83,Bull: Accumulation ✓ Vol Surge,67.1,Moderate,16.1,18.0,4.0,4.0,10.0,10.0,5.0,2026-09-04,5,4857.0,-3.82,-193.0,5066.0,0.32,4857.0,-3.82,True,,67.1,58.65,48.83,False,Stop Hit,93.93,4870.93,5101.73,5555.0,True,False,False,6,
DLF_PBtoEMA21_20260828,2026-08-28,PBtoEMA21,DLF,DLF Ltd.,679.8,680.0,682.95,672.5,1059991,0.38,675.56,668.35,652.99,649.44,57.27,True,True,43.19,Consolidation,57.5,Moderate,15.0,16.0,5.0,3.0,7.0,6.5,5.0,2026-09-04,5,681.9,0.31,2.1,691.05,1.65,672.5,-1.07,True,,57.5,57.27,43.19,False,Active,13.94,663.88,727.57,771.58,False,False,False,6,
ICICIBANK_PBtoEMA21_20260828,2026-08-28,PBtoEMA21,ICICIBANK,ICICI Bank Ltd.,1422.8,1435.0,1439.8,1418.9,8625517,1.09,1424.61,1423.43,1404.64,1362.96,50.62,False,True,60.42,Consolidation,55.9,Moderate,13.4,15.0,7.0,12.0,3.5,2.0,3.0,2026-08-31,1,1454.0,2.19,31.2,1454.0,2.19,1418.9,-0.27,True,,55.9,50.62,60.42,False,Completed,18.31,1385.14,1431.24,1445.36,False,True,True,2,
SUNPHARMA_PBtoEMA21_20260828,2026-08-28,PBtoEMA21,SUNPHARMA,Sun Pharmaceutical Industries Ltd.,1920.0,1925.0,1931.0,1903.8,1140656,0.8,1912.88,1920.43,1908.26,1812.32,49.74,False,True,60.39,Bull: Accumulation,46.9,Low,13.4,11.0,6.0,7.0,5.0,2.5,2.0,2026-09-04,5,1899.0,-1.09,-21.0,1984.8,3.37,1899.0,-1.09,True,,46.9,49.74,60.39,False,Active,28.69,1585.08,1958.11,2112.0,False,True,False,6,
TECHM_RibbonNew_20260828,2026-08-28,RibbonNew,TECHM,Tech Mahindra Ltd.,1640.9,1600.0,1642.0,1598.0,3415061,1.53,1602.47,1599.61,1563.24,1510.61,61.04,False,True,51.08,Consolidation,66.0,Moderate,16.5,16.0,9.0,5.0,10.0,4.5,5.0,2026-09-03,4,1598.0,-2.61,-42.9,1642.0,0.07,1598.0,-2.61,True,,66.0,61.04,51.08,False,Stop Hit,33.21,1620.24,1675.86,1692.24,True,False,False,5,
CGPOWER_EMA21x50_20260831,2026-08-31,EMA21x50,CGPOWER,CG Power and Industrial Solutions Ltd.,916.0,884.15,916.0,875.0,3341893,1.52,888.6,884.87,884.61,808.35,58.22,True,True,68.92,Consolidation,86.5,High,23.0,16.0,11.0,13.0,10.0,8.5,5.0,2026-09-04,4,891.0,-2.73,-25.0,916.0,0.0,875.0,-4.48,True,,86.5,58.22,68.92,False,Active,19.52,862.46,927.36,934.24,False,False,False,5,
CGPOWER_EMA9x21_20260831,2026-08-31,EMA9x21,CGPOWER,CG Power and Industrial Solutions Ltd.,916.0,884.15,916.0,875.0,3341893,1.52,888.6,884.87,884.61,808.35,58.22,True,True,68.92,Consolidation,86.5,High,23.0,16.0,11.0,13.0,10.0,8.5,5.0,2026-09-04,4,891.0,-2.73,-25.0,916.0,0.0,875.0,-4.48,True,,86.5,58.22,68.92,False,Active,19.52,862.46,927.36,934.24,False,False,False,5,
SUNPHARMA_EMA9x21_20260831,2026-08-31,EMA9x21,SUNPHARMA,Sun Pharmaceutical Industries Ltd.,1984.8,1917.0,1984.8,1905.0,2374990,1.65,1927.27,1926.28,1911.26,1814.04,64.28,True,True,71.47,Bull: Accumulation,86.0,High,19.0,18.0,10.0,14.0,10.0,10.0,5.0,2026-09-01,1,1929.0,-2.81,-55.8,1984.8,0.0,1905.0,-4.02,True,,86.0,64.28,71.47,False,Stop Hit,32.79,1930.22,2041.78,2052.02,True,False,False,2,
GAIL_EMA9x21_20260831,2026-08-31,EMA9x21,GAIL,GAIL (India) Ltd.,177.5,172.2,177.5,170.33,13002281,1.89,174.04,174.0,172.76,168.46,56.81,True,True,80.53,Consolidation,78.3,High,13.3,16.0,9.0,15.0,10.0,10.0,5.0,2026-09-01,1,172.69,-2.71,-4.81,177.5,0.0,170.33,-4.04,True,,78.3,56.81,80.53,False,Stop Hit,3.09,175.33,181.76,195.25,True,False,False,2,
TCS_EMA9x21_20260831,2026-08-31,EMA9x21,TCS,Tata Consultancy Services Ltd.,2399.3,2342.0,2399.3,2306.2,2891194,1.07,2322.52,2321.82,2302.91,2546.35,58.64,False,True,69.77,Consolidation,70.0,Moderate,15.5,16.0,9.0,13.0,10.0,4.5,2.0,2026-09-02,2,2348.0,-2.14,-51.3,2399.3,0.0,2306.2,-3.88,True,,70.0,58.64,69.77,False,Stop Hit,59.27,2357.21,2463.69,2504.21,True,False,False,3,
APOLLOHOSP_EMA9x21_20260831,2026-08-31,EMA9x21,APOLLOHOSP,Apollo Hospitals Enterprise Ltd.,8898.5,8850.0,8902.0,8813.0,405209,0.91,8815.29,8811.33,8722.33,8089.18,54.69,True,True,63.2,Consolidation,67.2,Moderate,14.7,16.0,4.0,12.0,8.5,10.0,2.0,2026-09-01,1,8755.0,-1.61,-143.5,8902.0,0.04,8755.0,-1.61,True,,67.2,54.69,63.2,False,Stop Hit,163.35,8794.22,9031.72,9788.35,True,False,False,2,
SBIN_EMA9x21_20260831,2026-08-31,EMA9x21,SBIN,State Bank of India,1060.0,1041.2,1060.0,1034.5,5137433,0.68,1051.73,1051.27,1043.68,1010.94,54.59,False,True,66.8,Consolidation,65.9,Moderate,15.9,16.0,4.0,14.0,6.5,4.5,5.0,2026-09-01,1,1034.5,-2.41,-25.5,1060.0,0.0,1034.5,-2.41,True,,65.9,54.59,66.8,False,Stop Hit,15.2,1038.76,1069.66,1118.29,True,False,False,2,
BAJAJFINSV_PBtoEMA9_20260831,2026-08-31,PBtoEMA9,BAJAJFINSV,Bajaj Finserv Ltd.,2021.0,1985.6,2021.0,1968.0,724583,1.1,2012.31,2001.05,1946.29,1901.93,57.59,False,True,66.92,Consolidation,65.0,Moderate,13.5,16.0,6.0,13.0,9.0,4.5,3.0,2026-09-04,4,1970.0,-2.52,-51.0,2021.0,0.0,1968.0,-2.62,True,,65.0,57.59,66.92,False,Active,29.21,1796.33,2123.97,2223.1,False,False,False,5,
SHRIRAMFIN_PBtoEMA9_20260831,2026-08-31,PBtoEMA9,SHRIRAMFIN,Shriram Finance Ltd.,1109.9,1080.0,1109.9,1060.1,5831666,1.85,1111.11,1104.29,1071.79,964.41,53.1,False,True,69.48,Bull: Accumulation,58.7,Moderate,11.7,16.0,8.0,12.0,3.5,4.5,3.0,2026-09-01,1,1059.1,-4.58,-50.8,1109.9,0.0,1059.1,-4.58,True,,58.7,53.1,69.48,False,Stop Hit,26.14,1102.5,1144.7,1158.0,True,False,False,2,
TVSMOTOR_PBtoEMA9_20260831,2026-08-31,PBtoEMA9,TVSMOTOR,TVS Motor Company Ltd.,4341.3,4290.0,4341.3,4255.0,1509788,1.82,4370.73,4306.85,4078.39,3672.47,56.54,False,True,68.53,Consolidation,55.2,Moderate,9.2,14.0,10.0,10.0,7.0,2.0,3.0,2026-09-04,4,4133.1,-4.8,-208.2,4341.3,0.0,4133.1,-4.8,True,,55.2,56.54,68.53,False,Active,84.27,3789.06,4460.94,4498.56,False,False,False,5,
CHOLAFIN_PBtoEMA9_20260831,2026-08-31,PBtoEMA9,CHOLAFIN,Cholamandalam Investment and Finance Company Ltd.,1857.4,1853.0,1857.4,1807.5,1269127,1.6,1868.45,1862.42,1809.84,1681.32,50.79,False,True,64.85,Consolidation,54.0,Low,8.5,15.0,8.0,12.0,5.5,2.0,3.0,2026-09-01,1,1814.7,-2.3,-42.7,1857.4,0.0,1807.5,-2.69,True,,54.0,50.79,64.85,False,Stop Hit,36.09,1836.82,1868.31,1959.19,True,False,False,2,
HYUNDAI_PBtoEMA9_20260831,2026-08-31,PBtoEMA9,HYUNDAI,Hyundai Motor India Ltd.,2205.0,2258.1,2280.0,2205.0,619167,0.86,2226.99,2191.01,2107.75,2061.45,55.65,False,True,55.27,Consolidation,48.6,Low,10.6,14.0,7.0,7.0,5.0,2.0,3.0,2026-09-02,2,2154.4,-2.29,-50.6,2280.0,3.4,2154.4,-2.29,True,,48.6,55.65,55.27,False,Stop Hit,49.01,2167.6,2225.1,2282.5,True,False,False,3,
ICICIBANK_PBtoEMA21_20260831,2026-08-31,PBtoEMA21,ICICIBANK,ICICI Bank Ltd.,1454.0,1422.8,1454.0,1419.0,15327613,1.85,1430.49,1426.21,1406.58,1363.86,59.56,True,True,78.23,Consolidation,81.0,High,18.0,16.0,9.0,15.0,8.0,10.0,5.0,2026-09-01,1,1438.0,-1.1,-16.0,1454.0,0.0,1419.0,-2.41,True,,81.0,59.56,78.23,False,Stop Hit,19.26,1445.51,1476.69,1599.4,True,False,False,2,
CGPOWER_RibbonNew_20260831,2026-08-31,RibbonNew,CGPOWER,CG Power and Industrial Solutions Ltd.,916.0,884.15,916.0,875.0,3341893,1.52,888.6,884.87,884.61,808.35,58.22,True,True,68.92,Consolidation,86.5,High,23.0,16.0,11.0,13.0,10.0,8.5,5.0,2026-09-04,4,891.0,-2.73,-25.0,916.0,0.0,875.0,-4.48,True,,86.5,58.22,68.92,False,Active,19.52,862.46,927.36,934.24,False,False,False,5,
SUNPHARMA_RibbonNew_20260831,2026-08-31,RibbonNew,SUNPHARMA,Sun Pharmaceutical Industries Ltd.,1984.8,1917.0,1984.8,1905.0,2374990,1.65,1927.27,1926.28,1911.26,1814.04,64.28,True,True,71.47,Bull: Accumulation,86.0,High,19.0,18.0,10.0,14.0,10.0,10.0,5.0,2026-09-01,1,1929.0,-2.81,-55.8,1984.8,0.0,1905.0,-4.02,True,,86.0,64.28,71.47,False,Stop Hit,32.79,1930.22,2041.78,2052.02,True,False,False,2,
GAIL_RibbonNew_20260831,2026-08-31,RibbonNew,GAIL,GAIL (India) Ltd.,177.5,172.2,177.5,170.33,13002281,1.89,174.04,174.0,172.76,168.46,56.81,True,True,80.53,Consolidation,78.3,High,13.3,16.0,9.0,15.0,10.0,10.0,5.0,2026-09-01,1,172.69,-2.71,-4.81,177.5,0.0,170.33,-4.04,True,,78.3,56.81,80.53,False,Stop Hit,3.09,175.33,181.76,195.25,True,False,False,2,
APOLLOHOSP_RibbonNew_20260831,2026-08-31,RibbonNew,APOLLOHOSP,Apollo Hospitals Enterprise Ltd.,8898.5,8850.0,8902.0,8813.0,405209,0.91,8815.29,8811.33,8722.33,8089.18,54.69,True,True,63.2,Consolidation,67.2,Moderate,14.7,16.0,4.0,12.0,8.5,10.0,2.0,2026-09-01,1,8755.0,-1.61,-143.5,8902.0,0.04,8755.0,-1.61,True,,67.2,54.69,63.2,False,Stop Hit,163.35,8794.22,9031.72,9788.35,True,False,False,2,
SBIN_RibbonNew_20260831,2026-08-31,RibbonNew,SBIN,State Bank of India,1060.0,1041.2,1060.0,1034.5,5137433,0.68,1051.73,1051.27,1043.68,1010.94,54.59,False,True,66.8,Consolidation,65.9,Moderate,15.9,16.0,4.0,14.0,6.5,4.5,5.0,2026-09-01,1,1034.5,-2.41,-25.5,1060.0,0.0,1034.5,-2.41,True,,65.9,54.59,66.8,False,Stop Hit,15.2,1038.76,1069.66,1118.29,True,False,False,2,
INFY_EMA9x21_20260901,2026-09-01,EMA9x21,INFY,Infosys Ltd.,1156.0,1128.0,1156.0,1125.6,13515619,1.69,1137.57,1135.97,1133.08,1263.99,55.28,False,True,43.72,Consolidation,64.7,Moderate,16.2,16.0,9.0,4.0,10.0,4.5,5.0,2026-09-02,1,1140.0,-1.38,-16.0,1156.0,0.0,1125.6,-2.63,True,,64.7,55.28,43.72,False,Stop Hit,25.55,1149.43,1183.53,1219.27,True,False,False,2,
TITAN_PBtoEMA9_20260901,2026-09-01,PBtoEMA9,TITAN,Titan Company Ltd.,5050.0,5104.0,5126.5,5010.5,466842,0.91,5094.21,5031.83,4834.86,4341.77,56.21,False,True,37.34,Consolidation,44.7,Low,12.7,14.0,5.0,3.0,5.0,2.0,3.0,2026-09-04,3,5020.0,-0.59,-30.0,5126.5,1.51,5010.5,-0.78,True,,44.7,56.21,37.34,False,Active,67.72,4691.95,5155.85,5198.85,False,False,False,4,
ICICIBANK_PBtoEMA21_20260901,2026-09-01,PBtoEMA21,ICICIBANK,ICICI Bank Ltd.,1438.0,1442.9,1446.7,1422.8,10599308,1.25,1431.99,1427.28,1407.81,1364.6,54.15,True,True,42.63,Consolidation,59.5,Moderate,14.5,16.0,7.0,3.0,5.5,8.5,5.0,2026-09-04,3,1423.2,-1.03,-14.8,1446.7,0.61,1422.8,-1.06,True,,59.5,54.15,42.63,False,Active,20.31,1388.09,1476.59,1581.8,False,False,False,4,
BAJAJ-AUTO_PBtoEMA9_20260902,2026-09-02,PBtoEMA9,BAJAJ-AUTO,Bajaj Auto Ltd.,12130.0,12211.0,12275.0,11925.0,333604,1.34,11983.3,11754.88,11269.67,10164.08,64.09,True,True,55.62,Bull: Accumulation,69.4,Moderate,14.9,18.0,9.0,10.0,6.0,6.5,5.0,2026-09-04,2,11919.0,-1.74,-211.0,12275.0,1.2,11919.0,-1.74,True,,69.4,64.09,55.62,False,Active,215.93,11653.28,12736.5,13343.0,False,False,False,3,
TITAN_PBtoEMA9_20260902,2026-09-02,PBtoEMA9,TITAN,Titan Company Ltd.,5074.0,4972.0,5092.0,4971.5,812647,1.53,5090.17,5035.66,4844.24,4349.05,58.26,False,True,61.86,Consolidation,58.4,Moderate,15.4,14.0,8.0,11.0,5.0,2.0,3.0,2026-09-04,2,5020.0,-1.06,-54.0,5092.0,0.35,4971.5,-2.02,True,,58.4,58.26,61.86,False,Active,69.97,4692.38,5155.42,5199.28,False,False,False,3,
SOLARINDS_PBtoEMA21_20260902,2026-09-02,PBtoEMA21,SOLARINDS,Solar Industries India Ltd.,20600.0,19970.0,20610.0,19810.0,139007,0.94,20168.06,19759.65,19004.09,16455.75,64.77,True,True,42.96,Consolidation,70.0,Moderate,20.5,16.0,6.0,6.0,8.0,8.5,5.0,2026-09-04,2,21445.0,4.1,845.0,21500.0,4.37,19810.0,-3.83,True,,70.0,64.77,42.96,False,Active,523.5,19266.27,20751.27,22660.0,False,True,False,3,
ICICIBANK_PBtoEMA21_20260902,2026-09-02,PBtoEMA21,ICICIBANK,ICICI Bank Ltd.,1426.5,1425.1,1436.0,1420.7,8515709,1.03,1430.89,1427.21,1408.54,1365.22,50.59,True,True,67.22,Consolidation,62.5,Moderate,8.5,15.0,8.0,13.0,6.5,6.5,5.0,2026-09-04,2,1423.2,-0.23,-3.3,1436.0,0.67,1420.7,-0.41,True,,62.5,50.59,67.22,False,Active,19.74,1418.75,1445.55,1569.15,False,False,False,3,
ABB_PBtoEMA21_20260902,2026-09-02,PBtoEMA21,ABB,ABB India Ltd.,7447.5,7348.5,7447.5,7258.0,163167,1.0,7509.76,7508.95,7373.55,6647.46,48.23,False,True,50.06,Bull: Accumulation,52.5,Low,12.5,17.0,7.0,7.0,4.0,2.0,3.0,2026-09-04,2,7410.0,-0.5,-37.5,7447.5,0.0,7258.0,-2.54,True,,52.5,48.23,50.06,False,Active,177.21,7130.64,7655.86,7953.14,False,False,False,3,
KOTAKBANK_RibbonNew_20260902,2026-09-02,RibbonNew,KOTAKBANK,Kotak Mahindra Bank Ltd.,423.5,421.9,425.75,418.95,10022191,0.76,415.9,406.25,397.76,397.16,69.51,True,True,66.96,Bull: Accumulation,68.5,Moderate,15.0,18.0,6.0,11.0,7.0,6.5,5.0,2026-09-04,2,424.5,0.24,1.0,425.75,0.53,418.95,-1.07,True,,68.5,69.51,66.96,False,Active,7.8,384.86,446.74,465.85,False,False,False,3,
CGPOWER_EMA21x50_20260903,2026-09-03,EMA21x50,CGPOWER,CG Power and Industrial Solutions Ltd.,895.0,879.0,900.65,875.4,2283885,0.96,887.75,885.25,884.79,810.65,52.39,True,True,42.96,Consolidation,63.9,Moderate,15.9,16.0,8.0,5.0,5.5,8.5,5.0,2026-09-04,1,891.0,-0.45,-4.0,900.65,0.63,875.4,-2.19,True,,63.9,52.39,42.96,False,Active,21.55,862.4,934.3,984.5,False,False,False,2,
TITAN_PBtoEMA9_20260903,2026-09-03,PBtoEMA9,TITAN,Titan Company Ltd.,5027.0,5057.5,5072.5,4952.0,571597,1.08,5077.54,5034.87,4851.41,4355.8,53.04,False,True,40.61,Consolidation,45.4,Low,12.9,14.0,6.0,4.0,3.5,2.0,3.0,2026-09-04,1,5020.0,-0.14,-7.0,5072.5,0.91,4952.0,-1.49,True,,45.4,53.04,40.61,False,Active,75.54,4692.78,5155.02,5199.68,False,False,False,2,
ICICIBANK_PBtoEMA21_20260903,2026-09-03,PBtoEMA21,ICICIBANK,ICICI Bank Ltd.,1430.0,1438.3,1452.0,1430.0,10442381,1.22,1430.71,1427.46,1409.38,1365.86,51.63,True,True,56.81,Consolidation,55.7,Moderate,8.7,15.0,8.0,7.0,5.5,6.5,5.0,2026-09-04,1,1423.2,-0.48,-6.8,1452.0,1.54,1423.2,-0.48,True,,55.7,51.63,56.81,False,Active,20.36,1418.78,1445.58,1573.0,False,False,False,2,
ABB_PBtoEMA21_20260903,2026-09-03,PBtoEMA21,ABB,ABB India Ltd.,7432.0,7438.0,7475.0,7405.0,153647,0.95,7494.21,7501.96,7375.85,6655.26,47.58,False,True,63.57,Bull: Accumulation,45.4,Low,7.4,11.0,6.0,12.0,4.0,2.0,3.0,2026-09-04,1,7410.0,-0.3,-22.0,7475.0,0.58,7405.0,-0.36,True,,45.4,47.58,63.57,False,Active,168.93,7129.35,7657.15,7951.85,False,False,False,2,
CGPOWER_RibbonNew_20260903,2026-09-03,RibbonNew,CGPOWER,CG Power and Industrial Solutions Ltd.,895.0,879.0,900.65,875.4,2283885,0.96,887.75,885.25,884.79,810.65,52.39,True,True,42.96,Consolidation,63.9,Moderate,15.9,16.0,8.0,5.0,5.5,8.5,5.0,2026-09-04,1,891.0,-0.45,-4.0,900.65,0.63,875.4,-2.19,True,,63.9,52.39,42.96,False,Active,21.55,862.4,934.3,984.5,False,False,False,2,
RELIANCE_EMA9x21_20260904,2026-09-04,EMA9x21,RELIANCE,Reliance Industries Ltd.,1322.0,1304.1,1333.0,1304.1,13022095,1.21,1306.11,1306.01,1309.41,1356.06,55.13,True,True,66.0,Consolidation,70.0,Moderate,17.0,12.0,9.0,11.0,10.0,9.0,2.0,2026-09-04,0,1322.0,0.0,0.0,1333.0,0.83,1304.1,-1.35,True,,70.0,55.13,66.0,False,Active,20.01,1246.56,1376.24,1392.66,False,False,False,1,
DIVISLAB_PBtoEMA9_20260904,2026-09-04,PBtoEMA9,DIVISLAB,Divi's Laboratories Ltd.,9100.0,9244.0,9269.0,9100.0,250084,0.57,9087.85,8774.0,8144.56,7032.65,65.2,False,True,63.23,Bull: Accumulation ✓ Vol Surge,51.1,Low,9.1,18.0,6.0,8.0,5.0,2.0,3.0,2026-09-04,0,9100.0,0.0,0.0,9269.0,1.86,9100.0,0.0,True,,51.1,65.2,63.23,False,Active,188.86,6989.24,9438.26,9495.74,False,False,False,1,
TITAN_PBtoEMA9_20260904,2026-09-04,PBtoEMA9,TITAN,Titan Company Ltd.,5020.0,5010.0,5022.0,4980.0,310834,0.61,5066.03,5033.52,4858.02,4362.41,52.28,False,True,52.6,Consolidation,45.8,Low,12.3,14.0,4.0,7.0,3.5,2.0,3.0,2026-09-04,0,5020.0,0.0,0.0,5022.0,0.04,4980.0,-0.8,True,,45.8,52.28,52.6,False,Active,73.62,4692.36,5155.44,5199.26,False,False,False,1,
ICICIBANK_PBtoEMA21_20260904,2026-09-04,PBtoEMA21,ICICIBANK,ICICI Bank Ltd.,1423.2,1432.1,1438.3,1421.4,6693310,0.77,1429.21,1427.07,1409.93,1366.43,49.45,False,True,67.79,Consolidation,47.5,Low,8.5,15.0,6.0,9.0,2.0,2.0,5.0,2026-09-04,0,1423.2,-0.0,-0.0,1438.3,1.06,1421.4,-0.13,True,,47.5,49.45,67.79,False,Active,20.39,1388.18,1431.08,1445.52,False,False,False,1,
